date,SPX Index,NDX Index,DJI Index,RTY Index,SX5E Index,DAX Index,CAC Index,NKY Index,BM7P Index,BAI Index
2013-01-02,0.0,0.0,0.0,0.0,0.0,0.0,0.0,0.0,0.0,0.0
2013-01-03,0.0,0.0,0.0,0.0,0.0,0.0,0.0,0.0,0.0,0.0
2013-01-04,0.0,0.0,0.0,0.0,0.0,0.0,0.0,0.0,0.0,0.0
2013-01-07,0.0,0.0,0.0,0.0,0.0,0.0,0.0,0.0,0.0,0.0
2013-01-08,0.0,0.0,0.0,0.0,0.0,0.0,0.0,0.0,0.0,0.0
2013-01-09,0.0,0.0,0.0,0.0,0.0,0.0,0.0,0.0,0.0,0.0
2013-01-10,0.0,0.0,0.0,0.0,0.0,0.0,0.0,0.0,0.0,0.0
2013-01-11,0.0,0.0,0.0,0.0,0.0,0.0,0.0,0.0,0.0,0.0
2013-01-14,0.0,0.0,0.0,0.0,0.0,0.0,0.0,0.0,0.0,0.0
2013-01-15,0.0,0.0,0.0,0.0,0.0,0.0,0.0,0.0,0.0,0.0
2013-01-16,0.0,0.0,0.0,0.0,0.0,0.0,0.0,0.0,0.0,0.0
2013-01-17,0.0,0.0,0.0,0.0,0.0,0.0,0.0,0.0,0.0,0.0
2013-01-18,0.0,0.0,0.0,0.0,0.0,0.0,0.0,0.0,0.0,0.0
2013-01-22,0.0,0.0,0.0,0.0,0.0,0.0,0.0,0.0,0.0,0.0
2013-01-23,0.0,0.0,0.0,0.0,0.0,0.0,0.0,0.0,0.0,0.0
2013-01-24,0.0,0.0,0.0,0.0,0.0,0.0,0.0,0.0,0.0,0.0
2013-01-25,0.0,0.0,0.0,0.0,0.0,0.0,0.0,0.0,0.0,0.0
2013-01-28,0.0,0.0,0.0,0.0,0.0,0.0,0.0,0.0,0.0,0.0
2013-01-29,0.0,0.0,0.0,0.0,0.0,0.0,0.0,0.0,0.0,0.0
2013-01-30,0.0,0.0,0.0,0.0,0.0,0.0,0.0,0.0,0.0,0.0
2013-01-31,0.0,0.0,0.0,0.0,0.0,0.0,0.0,0.0,0.0,0.0
2013-02-01,0.0,0.0,0.0,0.0,0.0,0.0,0.0,0.0,0.0,0.0
2013-02-04,0.0,0.0,0.0,0.0,0.0,0.0,0.0,0.0,0.0,0.0
2013-02-05,0.0,0.0,0.0,0.0,0.0,0.0,0.0,0.0,0.0,0.0
2013-02-06,0.0,0.0,0.0,0.0,0.0,0.0,0.0,0.0,0.0,0.0
2013-02-07,0.0,0.0,0.0,0.0,0.0,0.0,0.0,0.0,0.0,0.0
2013-02-08,0.0,0.0,0.0,0.0,0.0,0.0,0.0,0.0,0.0,0.0
2013-02-11,0.0,0.0,0.0,0.0,0.0,0.0,0.0,0.0,0.0,0.0
2013-02-12,0.0,0.0,0.0,0.0,0.0,0.0,0.0,0.0,0.0,0.0
2013-02-13,0.0,0.0,0.0,0.0,0.0,0.0,0.0,0.0,0.0,0.0
2013-02-14,0.0,0.0,0.0,0.0,0.0,0.0,0.0,0.0,0.0,0.0
2013-02-15,0.0,0.0,0.0,0.0,0.0,0.0,0.0,0.0,0.0,0.0
2013-02-19,0.0,0.0,0.0,0.0,0.0,0.0,0.0,0.0,0.0,0.0
2013-02-20,0.0,0.0,0.0,0.0,0.0,0.0,0.0,0.0,0.0,0.0
2013-02-21,0.0,0.0,0.0,0.0,0.0,0.0,0.0,0.0,0.0,0.0
2013-02-22,0.0,0.0,0.0,0.0,0.0,0.0,0.0,0.0,0.0,0.0
2013-02-25,0.0,0.0,0.0,0.0,0.0,0.0,0.0,0.0,0.0,0.0
2013-02-26,0.0,0.0,0.0,0.0,0.0,0.0,0.0,0.0,0.0,0.0
2013-02-27,0.0,0.0,0.0,0.0,0.0,0.0,0.0,0.0,0.0,0.0
2013-02-28,0.0,0.0,0.0,0.0,0.0,0.0,0.0,0.0,0.0,0.0
2013-03-01,0.0,0.0,0.0,0.0,0.0,0.0,0.0,0.0,0.0,0.0
2013-03-04,0.0,0.0,0.0,0.0,0.0,0.0,0.0,0.0,0.0,0.0
2013-03-05,0.0,0.0,0.0,0.0,0.0,0.0,0.0,0.0,0.0,0.0
2013-03-06,0.0,0.0,0.0,0.0,0.0,0.0,0.0,0.0,0.0,0.0
2013-03-07,0.0,0.0,0.0,0.0,0.0,0.0,0.0,0.0,0.0,0.0
2013-03-08,0.0,0.0,0.0,0.0,0.0,0.0,0.0,0.0,0.0,0.0
2013-03-11,0.0,0.0,0.0,0.0,0.0,0.0,0.0,0.0,0.0,0.0
2013-03-12,0.0,0.0,0.0,0.0,0.0,0.0,0.0,0.0,0.0,0.0
2013-03-13,0.0,0.0,0.0,0.0,0.0,0.0,0.0,0.0,0.0,0.0
2013-03-14,0.0,0.0,0.0,0.0,0.0,0.0,0.0,0.0,0.0,0.0
2013-03-15,0.0,0.0,0.0,0.0,0.0,0.0,0.0,0.0,0.0,0.0
2013-03-18,0.0,0.0,0.0,0.0,0.0,0.0,0.0,0.0,0.0,0.0
2013-03-19,0.0,0.0,0.0,0.0,0.0,0.0,0.0,0.0,0.0,0.0
2013-03-20,0.0,0.0,0.0,0.0,0.0,0.0,0.0,0.0,0.0,0.0
2013-03-21,0.0,0.0,0.0,0.0,0.0,0.0,0.0,0.0,0.0,0.0
2013-03-22,0.0,0.0,0.0,0.0,0.0,0.0,0.0,0.0,0.0,0.0
2013-03-25,0.0,0.0,0.0,0.0,0.0,0.0,0.0,0.0,0.0,0.0
2013-03-26,0.0,0.0,0.0,0.0,0.0,0.0,0.0,0.0,0.0,0.0
2013-03-27,0.0,0.0,0.0,0.0,0.0,0.0,0.0,0.0,0.0,0.0
2013-03-28,0.0,0.0,0.0,0.0,0.0,0.0,0.0,0.0,0.0,0.0
2013-04-01,0.0,0.0,0.0,0.0,0.0,0.0,0.0,0.0,0.0,0.0
2013-04-02,0.0,0.0,0.0,0.0,0.0,0.0,0.0,0.0,0.0,0.0
2013-04-03,0.01472592554346841,0.01645966798080889,0.002294459794133452,-0.0017929764609835308,-0.0009572718397440338,0.0058229287659794515,0.00394679759237504,0.03733989655006176,0.0,0.0
2013-04-04,0.014665881420799831,0.014963029153570062,0.0022722719996424168,-0.0022227549590587703,-0.0012677785519643603,0.005457713793178165,0.003833889366712695,0.03637507798029582,0.0,0.0
2013-04-05,0.014948541555976247,0.0130176932227406,0.0020994306551402886,0.0009286958384850941,-0.005148933368474551,0.004199161233748194,-0.0034309779544876573,0.0363411616542646,0.0,0.0
2013-04-08,0.014799923424126504,0.012385128800121104,0.002330384957383247,0.0005865353119292038,-0.005767252140945978,0.00429757956357113,-0.003928722712764787,0.036448409055222175,0.0,0.0
2013-04-09,0.014150902132602505,0.012444219430131076,0.002043662367600785,0.0006204643462217607,-0.005384195086459376,0.005643725931338217,-0.003687715066395758,0.03646346053771676,0.0,0.0
2013-04-10,0.013527022292875612,0.011768465974446363,0.003749678343181184,0.0009523265697746197,-0.005456704004952795,0.006421860628427867,-0.003941843054448557,0.03753295517811117,0.0,0.0
2013-04-11,0.01350027643645757,0.011854183057959489,0.0037134586705589445,0.0010811471327569766,-0.004318024832192235,0.012062492834504113,-0.00199350843999313,0.03749377615449179,0.0,0.0
2013-04-12,0.013973362225037533,0.011676293208977784,0.004357771641151809,-0.00030884189438717957,-0.004419626270671273,0.011466973731436347,-0.0015616443938004654,0.037675920941232954,0.0,0.0
2013-04-15,0.014566475232941967,0.010284258374892108,0.004264038790107394,-0.0007317848787703474,-0.004062032330882204,0.010375591152321784,0.000631952988844553,0.0383566491192493,0.0,0.0
2013-04-16,0.01437028205100166,0.009547943319720531,0.0041904669499386316,-0.0005566973102276718,-0.008120525186294802,0.00928478535688182,-0.005103824539778423,0.03833149895269927,0.0,0.0
2013-04-17,0.016229509138651288,0.01169792355891075,0.006762549028607623,-0.00242108091269011,-0.008021804235995522,0.007613721049680944,-0.004064933045276553,0.037585310479798295,0.0,0.0
2013-04-18,0.016288443077206116,0.011651980652938265,0.007089829078479548,-0.00116059015421488,-0.007930074379292384,0.008720948845173826,-0.0025054913659435796,0.03697234862596166,0.0,0.0
2013-04-19,0.016310226030385788,0.014744579882353781,0.006017538046495519,-0.0023369955072300996,-0.008534284073614673,0.011739543819292875,-0.0029628794578999695,0.03678703300538877,0.0,0.0
2013-04-22,0.015895794735377944,0.013619529889731474,0.004284240896684111,-0.007683213829365654,-0.0075915464571023605,0.013068311788144715,-0.0017721193685458214,0.03859350052682453,0.0,0.0
2013-04-23,0.01534116718348355,0.01184161933512029,0.0019452855128929691,-0.010690965546008013,-0.008341512246711424,0.011027064378745344,-0.001981147791865201,0.03914761414758994,0.0,0.0
2013-04-24,0.015309138901729913,0.009063184026866677,0.0018813317194319445,-0.010791811202967794,-0.0077333457099261205,0.008530543057876816,-0.0004694127836497586,0.03855070176112152,0.0,0.0
2013-04-25,0.013862339120190414,0.008433526198290853,0.001026914397546097,-0.02027169019648778,-0.008171085848042492,0.006580762960483488,-0.0006435339312376165,0.038893901492815575,0.0,0.0
2013-04-26,0.01257275943370173,0.007531205555578513,0.000488798920704081,-0.019980843427203077,-0.0042770190109642225,0.012229126018899805,0.0004364956749645099,0.039086532938153784,0.0,0.0
2013-04-29,0.012909995260270035,0.008680453586090708,0.0007948463278908413,-0.019011841711681576,-0.0049922033701617075,0.01488716774356047,-0.0018866512326677354,0.03948811811380093,0.0,0.0
2013-04-30,0.013637193194336872,0.010245927200605465,0.002455121261518478,-0.0186395349238877,-0.004257292656012712,0.01410469744017595,-0.00019574181872150653,0.04026235363374853,0.0,0.0
2013-05-01,0.013132173218392218,0.010421704897970674,0.0023335696174346943,-0.019772742528554765,-0.00427126106997755,0.014730005677207503,-0.0014275503870170292,0.040622578648131125,0.0,0.0
2013-05-02,0.011821812527506026,0.008917380243629536,0.0030887065903435484,-0.019218784810216882,-0.007085190233512728,0.012063049980997498,-9.235130107410061e-05,0.0391461381161482,0.0,0.0
2013-05-03,0.012652496938011737,0.008981785479731608,0.008751345055946214,-0.020121622527755068,-0.00865113399756634,0.010920033600494206,-0.002553553606425951,0.0379742738317439,0.0,0.0
2013-05-06,0.012980385301807784,0.010698708318382044,0.009445234264180646,-0.020240646028308995,-0.00814298064995711,0.020007229078931932,-0.0019338004760001137,0.038080250379850744,0.0,0.0
2013-05-07,0.013340902137207289,0.009539877189748802,0.009267736856287678,-0.021906020280827665,-0.008923705197435572,0.020204549637930613,-0.003869838444509277,0.03827436577631249,0.0,0.0
2013-05-08,0.013349394529131642,0.010326814021573982,0.009441533315818873,-0.021781550107243586,-0.0075603547848220876,0.026512892057185322,-0.003423205690656017,0.03253169565799663,0.0,0.0
2013-05-09,0.01112795346792872,0.010052163919153312,0.00946042309738404,-0.022439677322674934,-0.007540066617132246,0.027417053727065488,-0.003904748889390741,0.03398315325079837,0.0,0.0
2013-05-10,0.01076815528377928,0.009669568581372356,0.008960192743527662,-0.02252356423880364,-0.003876192322438632,0.02809682077424447,-0.0005372058477247643,0.0345730177376431,0.0,0.0
2013-05-13,0.010826873435257678,0.009252177224722047,0.009020966653724871,-0.022552958880688756,-0.005710938219493089,0.029497289630490586,-0.0003448057556559858,0.03607231750456963,0.0,0.0
2013-05-14,0.01090267807944656,0.014434017534130428,0.009368343473647789,-0.023780497508604115,-0.005317951322334591,0.029241642488117225,-0.0031537085524240283,0.036335247092467604,0.0,0.0
2013-05-15,0.0116765666084504,0.016821556197400778,0.009363273517586812,-0.024657288627190965,-0.0078096053252232345,0.02820489204961385,-0.0048434201736279325,0.030777022583612812,0.0,0.0
2013-05-16,0.008657444658430657,0.015005662575594103,0.008862069299302222,-0.026522601732179463,-0.007972763212656608,0.02915281751372456,-0.005511403952948357,0.037157254732824496,0.0,0.0
2013-05-17,0.007912522535372668,0.013675827542994012,0.007191800026742579,-0.026555566266046715,-0.005732868048956341,0.03296817586082579,-0.0034843315315694623,0.035988976291345454,0.0,0.0
2013-05-20,0.008469922870298241,0.015094900458015426,0.007762754067975219,-0.02570410824515268,-0.005246802544723095,0.03390669313386141,-0.0029459011261370183,0.03731256809327399,0.0,0.0
2013-05-21,0.008118269387467514,0.01413454508034695,0.007811885233750315,-0.027304262906191812,-0.006397742918953231,0.0332473398896902,-0.004563075781180426,0.036549305349861116,0.0,0.0
2013-05-22,0.007455028315545897,0.013680135066013177,0.007838999787687317,-0.026818557388410214,-0.0065023853494246,0.03384572348212256,-0.005437891841783116,0.03537570617992114,0.0,0.0
2013-05-23,0.005932749335602727,0.012775981221676114,0.004225009295386828,-0.027023633671065306,-0.008372340129083389,0.03345336101968455,-0.008467832058579816,0.03534619976746911,0.0,0.0
2013-05-24,0.004732397309907599,0.012920346474130318,0.003896002573514412,-0.027948536813183655,-0.008936776520154566,0.030976953096140125,-0.008712646470895535,0.03599679747044804,0.0,0.0
2013-05-28,0.004979583172598279,0.013179328613818209,0.004384067201590236,-0.029556352282160803,-0.007903493581980392,0.03104498890996288,-0.007469605318520256,0.036996673940544955,0.0,0.0
2013-05-29,0.004285049830791143,0.011984889879748994,0.0039902578208639294,-0.028966180285269316,-0.00789794162110058,0.031005522748086323,-0.007795122572386792,0.03967195681132418,0.0,0.0
2013-05-30,0.0043608516381237195,0.011571543668103645,0.004213198115989192,-0.025372738257004035,-0.009327566531731168,0.03268511343197633,-0.010711236460544282,0.04037938408184272,0.0,0.0
2013-05-31,0.005159467863681266,0.011605407367298204,0.003761734050535148,-0.02604587638301592,-0.008925505601507289,0.033476983822487094,-0.010783521682658725,0.040883044545409364,0.0,0.0
2013-06-03,0.005017915158347597,0.011266178302990149,0.004107918289342205,-0.025147564043380255,-0.011108174505761403,0.031085241418334686,-0.013077137584098453,0.04135331338369408,0.0,0.0
2013-06-04,0.005737621835377293,0.011888628963374392,0.005231548284100773,-0.023899938572530144,-0.012177847086067506,0.03046373541211289,-0.012761997716705498,0.04186032507982573,0.0,0.0
2013-06-05,0.004282307653658668,0.010381575394293518,0.0037685343939248828,-0.02410355759033256,-0.011953534011930222,0.030273690681284604,-0.012471724495208392,0.042332643949770654,0.0,0.0
2013-06-06,0.004181541929643373,0.0109531960466136,0.003783299914631,-0.023953532694709123,-0.011649148006615762,0.028522746172269686,-0.01139032384175731,0.04175599493865789,0.0,0.0
2013-06-07,0.011210764102287163,0.010998669268021066,0.0014283497555915847,-0.022939712615078878,-0.010631336150536908,0.02828219359581219,-0.011407266967583873,0.04202063387429633,0.0,0.0
2013-06-10,0.011724282287416177,0.01278300450166836,0.0018483251799017442,-0.02331618192070173,-0.01107634510780009,0.028369666891743917,-0.011944422174598346,0.042954762390792434,0.0,0.0
2013-06-11,0.011858051543820913,0.013394898384907261,0.0026483463072062285,-0.0230143498372416,-0.010570513565024364,0.02793371346792939,-0.01254657694787975,0.0391655401282609,0.0,0.0
2013-06-12,0.01188890017780908,0.014363994993894957,0.0026700918072153357,-0.02141350676045961,-0.011053586634415469,0.02791842526001842,-0.01271009963005254,0.0384776972476788,0.0,0.0
2013-06-13,0.011841648777685343,0.014739380424567461,0.0026052672894720796,-0.0223204520683693,-0.010836555756497446,0.02856093175925234,-0.011428327271172045,0.03982869892076324,0.0,0.0
2013-06-14,0.007788543933424208,0.009182818866897646,0.00243352556411347,-0.02396827324862194,-0.009988893531970966,0.028920155421236604,-0.015686313278569286,0.03983735299622637,0.0,0.0
2013-06-17,0.008370256695038547,0.010135226569265132,0.002832882513597257,-0.02283929027937448,-0.010413686889977014,0.028861153096918946,-0.015510810803626263,0.03999775596123212,0.0,0.0
2013-06-18,0.008275308813692872,0.010986208457871127,0.0027418270670278577,-0.0183092077875181,-0.009573989167108943,0.028682197689450684,-0.01449975738285958,0.040806956159767926,0.0,0.0
2013-06-19,0.008333739554652109,0.011672474815135558,0.002712645630250643,-0.017719716305684474,-0.009749804308933463,0.02866308091833747,-0.014175776762069936,0.040424914993121286,0.0,0.0
2013-06-20,0.008710898954393365,0.012547280739821032,0.0018220958189323344,-0.018030477662052125,-0.007938113476773978,0.03038281366134865,-0.01182352523617225,0.04078512735329043,0.0,0.0
2013-06-21,0.008007215459983952,0.012077278264112312,0.0013999524259373786,-0.01793377679433006,-0.007503599450435439,0.031283013792366754,-0.013248914216103302,0.04009495937694307,0.0,0.0
2013-06-24,0.010050981658824565,0.013135617272511224,0.001665400560241892,-0.017837881004468037,-0.0094884217922111,0.019862613123316608,-0.012656491060144326,0.04068748139381895,0.0,0.0
2013-06-25,0.010128115421400352,0.013621274218600155,0.0015943501974511332,-0.01744263561741055,-0.008993886943556073,0.019160442512252684,-0.011152991369650533,0.04231725362336047,0.0,0.0
2013-06-26,0.010005251080662081,0.014477010858062744,0.0017227232315575325,-0.017847684169974065,-0.0074780058939308836,0.02264831109446397,-0.010791824057359234,0.042035992403984146,0.0,0.0
2013-06-27,0.009488017505226098,0.01272312404791931,0.0010889046575253136,-0.012131387110887903,-0.00803900663092283,0.022358181539988475,-0.011811765875530233,0.04140685531537325,0.0,0.0
2013-06-28,0.008286868920294177,0.012664032185963237,0.0012087517793004654,-0.012696608101103624,-0.00884830827248606,0.021393309343278766,-0.012579786622008649,0.03895093211315426,0.0,0.0
2013-07-01,0.009036429842183447,0.013920739911083668,0.0017411994852083446,-0.003499339917384492,-0.008743538566310827,0.021855393223660036,-0.011511109438535727,0.03286951740823474,0.0,0.0
2013-07-02,0.008868952739182312,0.013929166394121228,0.0012622978370104843,-0.0021769522057112356,-0.008887090358639438,0.02214513813925678,-0.011544018650566978,0.03347653735736644,0.0,0.0
2013-07-03,0.008042056218924731,0.013549694654516387,0.0012854732230280774,-0.00778613196503819,-0.0066174299471992715,0.022929866168503565,-0.007165647679344689,0.033485212928370256,0.0,0.0
2013-07-05,0.007948211715536946,0.014009377958532854,0.0009682931149810337,-0.00771762727009917,-0.006056178452391481,0.022760245318122374,-0.005033815215803927,0.033393183492226974,0.0,0.0
2013-07-08,0.008225377647768761,0.01580564187816691,0.0016778638019181447,-0.007997776498131715,-0.0045459363690903976,0.025771810178994103,-0.004697447799511978,0.03385954158003823,0.0,0.0
2013-07-09,0.00577617529581631,0.01569604465403862,5.3692418903406036e-05,-0.008172803010254137,-0.004995707973050156,0.023803275964017434,-0.004251337182451964,0.032955363306788055,0.0,0.0
2013-07-10,0.005776872184136028,0.015036353654167334,-0.00022299903926537024,-0.009021678900166807,-0.003511672862018589,0.02065095836919606,-0.003442824830244051,0.03354482311392526,0.0,0.0
2013-07-11,0.005572862256929545,0.014832125204538915,-0.0006307659016275835,-0.008055705842909489,-0.0033950783291786246,0.02074544823712654,-0.003618095863719417,0.03432337686886,0.0,0.0
2013-07-12,0.0052067456700248815,0.013239730960259433,-0.0002965282875802,-0.010276768489523191,-0.005952144152182148,0.021704698888533214,-0.008900515115173313,0.03355072305628237,0.0,0.0
2013-07-15,0.004808474575534127,0.03037239801681757,0.000381327519455521,-0.009747314120852169,-0.0040327388981701295,0.022301700967051197,-0.0063471946129174395,0.03395120422978448,0.0,0.0
2013-07-16,0.004430221852942617,0.029658087646668774,0.000886033233667316,-0.007740866589182938,-0.004000794539243957,0.02410542723945519,-0.007828773141447032,0.03410616618275375,0.0,0.0
2013-07-17,0.004484910168656375,0.029772556702054365,0.0015721094615559483,-0.009517366653452597,-0.004344336581697861,0.02399660826828054,-0.008538271862946423,0.033785400217749784,0.0,0.0
2013-07-18,0.004396817761821437,0.026947031360025964,0.0024253239891152134,-0.009158485261697713,-0.0031453335198170507,0.020719981712149504,-0.0065319724501607945,0.034692908883879436,0.0,0.0
2013-07-19,0.003580518111489628,0.026659396391941703,0.0036973705860605666,-0.00463721526299643,-0.0037762873662692265,0.019775513508687226,-0.008101109373177207,0.03215387625735189,0.0,0.0
2013-07-22,0.0039943116144252055,0.02701933625891395,0.006538973463690478,-0.0023008391631764713,-0.003478825282791642,0.020441895803176457,-0.007383461412549641,0.032670398678861234,0.0,0.0
2013-07-23,0.004763967123043278,0.03198252048232986,0.007453999513654441,-0.0014710426181213654,-0.003706059118482652,0.021092954073656855,-0.007952263939476789,0.03311700271705198,0.0,0.0
2013-07-24,0.005783228228258608,0.030522513652402328,0.007398979148498963,0.008321896861531508,-0.0037927282340566304,0.02148055292109441,-0.007624899959705833,0.032915244025329304,0.0,0.0
2013-07-25,0.006547009005094528,0.032715203941729554,0.006991765603624245,0.010817893313322724,-0.003700076948490505,0.017470606284606616,-0.006887649625693881,0.03223589059784304,0.0,0.0
2013-07-26,0.0063783119761349205,0.030764060139384597,0.007809299608920073,0.010100443926281288,-0.0034737374463897908,0.01513219639043517,-0.00588113061772344,0.03285250725824196,0.0,0.0
2013-07-29,0.006351667768798919,0.030903925499324414,0.007836574382672268,0.009053428851379275,-0.0027520233987109455,0.014469475876494942,-0.0036344309994954527,0.03202247573003447,0.0,0.0
2013-07-30,0.006776684461197391,0.03070268913138996,0.007853256857288882,0.009422525132894322,-0.001694501439201468,0.013696571777499278,-1.6249887494712567e-05,0.03110300806395916,0.0,0.0
2013-07-31,0.007876834662724486,0.03145524833698854,0.00777675994012661,0.010896927122027389,0.0014663750503707274,0.014101047976023295,0.0007068392947973123,0.03294851126604681,0.0,0.0
2013-08-01,0.009127973969319969,0.03165964889532491,0.007365787247771927,0.009402438257779089,0.0022882492030167345,0.014786722506631156,0.0010371091612562111,0.03323930278063192,0.0,0.0
2013-08-02,0.009013101136028379,0.030077748612818533,0.00949258236948447,0.010499551881737457,0.0014654088248229336,0.005753952443782406,-0.00010832274812155873,0.030927033194353637,0.0,0.0
2013-08-05,0.008529046371802629,0.03017335694822565,0.00973371612053775,0.01065925236743026,0.00138252741394429,0.0061560452177520375,-0.0007977258730884618,0.031119608797943288,0.0,0.0
2013-08-06,0.007918316989001806,0.02856364031764702,0.010405823552475102,0.010662590761617796,-0.00014925435707158208,-0.00041668437637898403,-0.001176683992404226,0.03665636387966198,0.0,0.0
2013-08-07,0.010245949135065935,0.02787305217710334,0.010290002509495633,0.011144840228183295,-0.00017165267026686415,-0.001190743233647873,-0.0011284830629423315,0.035870225443421555,0.0,0.0
2013-08-08,0.010171106386045237,0.027962368668273507,0.010313658837721285,0.010697509830013496,-0.00956097451804605,-0.002020816112435986,-0.005146466753075951,0.03220823376651816,0.0,0.0
2013-08-09,0.009976427556334322,0.028118204274765635,0.010344150147308495,0.010435984270835696,-0.008412938757394128,-0.003414941765918611,-0.005180530063170763,0.03068472101224229,0.0,0.0
2013-08-12,0.011322562870270891,0.027501237096176245,0.012195793208616523,0.011818894143351244,-0.010027148774123806,-0.0027597714959792796,-0.00519929351480819,0.030637090922219112,0.0,0.0
2013-08-13,0.010619009804461177,0.024030083959607706,0.012132397196812361,0.0118349427478317,-0.007603434818758359,-0.00013769110317252142,-0.005109880017698187,0.03599687991579725,0.0,0.0
2013-08-14,0.010880065579099929,0.02331299046195401,0.012550382323810227,0.012262127871388362,-0.008177297210562706,-0.0014686165904697068,-0.005078295686943846,0.029605748344849747,0.0,0.0
2013-08-15,0.01099289354300148,0.023844834860345276,0.013125279069096996,0.011637741019788983,-0.01061473299981519,-0.005059246345710089,-0.00492865174210666,0.029284627749422976,0.0,0.0
2013-08-16,0.01039108274344791,0.023101511390565044,0.01187749466831911,0.011045142139077813,-0.010956630394804323,-0.005496856713239073,-0.00532102618597996,0.02802526046793896,0.0,0.0
2013-08-19,0.011119073410840397,0.024304043142499898,0.012461849530151614,0.011485866431529823,-0.008513418586580057,-0.004232113220863365,-0.005058704909263856,0.03082095551384212,0.0,0.0
2013-08-20,0.011639605953735588,0.02474551691878113,0.0128828648146746,0.011315608160914703,-0.008983336590527968,-0.007045303923506663,-0.0030193800845949026,0.030899477558794297,0.0,0.0
2013-08-21,0.012031806832316416,0.025247580223557442,0.013447925134142169,0.011075816015111428,-0.01018921475794965,-0.008004422111591136,-0.001504104684543317,0.030511803539406968,0.0,0.0
2013-08-22,0.01342361731926367,0.025337506619435235,0.012839384937879617,0.012577382306038443,-0.01221801041913595,-0.006207068462518617,-0.0016147494342987345,0.02975693581953598,0.0,0.0
2013-08-23,0.012661536148905528,0.02373666172111366,0.012229697647907045,0.013197857472279528,-0.01233653303677773,-0.006405352857457136,-0.0018477631223466906,0.027631471776292882,0.0,0.0
2013-08-26,0.01356209399193431,0.024663948231236743,0.013066889717538333,0.012887086283780658,-0.012053431614785115,-0.006330643088828469,-0.001569672208021844,0.026357995653431665,0.0,0.0
2013-08-27,0.013498840734545992,0.025282402312164054,0.013061116750499924,0.012881088787251915,-0.011811762042043927,-0.00798299133188074,-0.0011309635779008786,0.02548612051472876,0.0,0.0
2013-08-28,0.01365152258904323,0.024204057615588193,0.01307688971755483,0.013263284095473171,-0.01282361017553324,-0.008197192664710196,-0.00011230728179645322,0.024226961688688986,0.0,0.0
2013-08-29,0.013592951859775715,0.024499374816648434,0.012699842812183615,0.012618152424536122,-0.011121361328167878,-0.005972514371556992,0.0013061533314973062,0.023680941630379593,0.0,0.0
2013-08-30,0.013438028244669997,0.024390256047962966,0.012593406008840846,0.011493921671187124,-0.01014860911991311,-0.006372645815527211,0.0036934114646025584,0.023337074206225994,0.0,0.0
2013-09-03,0.013636258679495583,0.02755569121574597,0.013384485405432134,0.008901932437362925,-0.009478100445084015,-0.005696078853546616,0.0041292786283719796,0.0259361419185955,0.0,0.0
2013-09-04,0.013824045610639102,0.028222934897778718,0.013366270398857294,0.009259953882420291,-0.008715258720930374,-0.004206521536966434,0.004114526533472107,0.02675762491499989,0.0,0.0
2013-09-05,0.005945861340396652,0.02829553065508117,0.0133975708488836,0.009023664631173434,-0.008606050881375116,-0.0038730632221535277,0.004848490791531157,0.026486345576179682,0.0,0.0
2013-09-06,0.005940532074321103,0.02669070535487239,0.013734520278506634,0.01017001925221006,-0.009295759127202485,-0.004199330939951174,0.00327981603184635,0.025399876660465726,0.0,0.0
2013-09-09,0.007368457929013639,0.02678295185219559,0.014987188409993912,0.010909596334977012,-0.009843724234565587,-0.0042526818473206385,0.0022545847372053007,0.03073111532021988,0.0,0.0
2013-09-10,0.008050039577352619,0.02633404823003782,0.0160059598622051,0.010089295584641,-0.008991452603303252,-0.003386306076005763,0.0025516728227394925,0.03306745060166394,0.0,0.0
2013-09-11,0.011087132646271813,0.027695849592421773,0.01613186600846994,0.01024869495920644,-0.009288903140853844,-0.003464056503695745,0.002035454347423027,0.031761806814357474,0.0,0.0
2013-09-12,0.011391705011583708,0.026871307973754588,0.016170734053222224,0.01124658313722593,-0.009246964156887083,-0.00406639953647514,0.0027616263428806853,0.03153621711549426,0.0,0.0
2013-09-13,0.010932493999028292,0.02546209155547885,0.01573132379676534,0.010885646938578297,-0.010514942608984112,-0.004173389150854634,0.0021453267766025075,0.032703408693862235,0.0,0.0
2013-09-16,0.010915862661543763,0.025856189728201917,0.016116250128849208,0.010144657659360234,-0.012682643373768565,-0.003932007498604562,0.0017002519011235506,0.03261233026708399,0.0,0.0
2013-09-17,0.010774661468653024,0.02438567695701721,0.01633350569170955,0.010030906741653078,-0.012878959571093973,-0.003923922531703816,0.001709501340526387,0.03277683675029541,0.0,0.0
2013-09-18,0.010616157352210331,0.025127308433375628,0.01718928695025057,0.013084504465377345,-0.01132461695020004,-0.0023884008920578292,0.0032091868764629883,0.03285029371990866,0.0,0.0
2013-09-19,0.010765103203175475,0.02455617115610842,0.017221953708639992,0.013042283740226202,-0.012795703384852808,-0.0028379631807385897,0.0006605337294678382,0.03316406299231467,0.0,0.0
2013-09-20,0.008873372062019325,0.024154141566892662,0.0170177307425603,0.012988013439751978,-0.011391031638011917,0.007641187235450708,0.00022567335524414922,0.032757168594742314,0.0,0.0
2013-09-23,0.01387391386800152,0.029149022009461678,-0.1274715611199232,0.013678819919310747,-0.0193272091326514,0.009138855988716665,-0.001415212821461731,0.03312860992228028,0.0,0.0
2013-09-24,0.013864513030199754,0.028931933870067317,-0.12746206989645414,0.013982458574194334,-0.019790874837828154,0.006546449641640084,-0.00012258592065883533,0.03328799424102824,0.0,0.0
2013-09-25,0.013434546170945971,0.028489758360094264,-0.1282826795454235,0.013496041732965258,-0.02009062899517733,0.006565667299837763,-0.000537489650779599,0.033302244228910594,0.0,0.0
2013-09-26,0.013413692248619213,0.02816042509031269,-0.1282817334903018,0.01472319200076333,-0.019295163430494533,0.007600455774798398,-9.95959224104892e-05,0.022096855565048257,0.0,0.0
2013-09-27,0.01265945529052126,0.02684603657859297,-0.12867319128849453,0.005380621736500668,-0.018866401002258004,0.007671156132193824,0.00023242133396594866,0.021251360625303084,0.0,0.0
2013-09-30,0.013447445857768692,0.028655123193504606,-0.12804572680792847,0.020467134357967653,-0.018498298669125113,0.007897556207951961,0.00019233588686629055,0.021505186005675414,0.0,0.0
2013-10-01,0.01387517195160659,0.029577277919395017,-0.12858732304907883,0.016313493387597244,-0.018666469904305982,0.007961161238620784,-0.00014633910407357842,0.02145807907707198,0.0,0.0
2013-10-02,0.014000873990232199,0.029632323516445735,-0.12891421633640565,0.01581063262236304,-0.019371758594759148,0.007933716304757699,-0.002399461888530352,0.01913887616941201,0.0,0.0
2013-10-03,0.01358968927890225,0.028105483795865416,-0.12921780050098186,0.015253682335161667,-0.02203536423710528,0.003660048299749752,-0.0038654289614190596,0.018723545836183186,0.0,0.0
2013-10-04,0.014794703832945677,0.027613777282533114,-0.1289308057893438,0.015491270847308725,-0.021836618409308506,0.005439448476351583,-0.003975973871081617,0.018525903884601957,0.0,0.0
2013-10-07,0.015142900154173411,0.028613092532446815,-0.1282306167861318,0.016740864865713023,-0.022365635767540804,0.003697437106307655,-0.003450778739490845,0.01911110854572229,0.0,0.0
2013-10-08,0.015358270372048066,0.029837091816775185,-0.12772715926499245,0.01944944064194165,-0.022492325114798706,0.0037460567189873117,-0.0038953736903510894,0.017774777401932784,0.0,0.0
2013-10-09,0.0155674466641329,0.03047847892936284,-0.12836483262367226,0.022604554466611138,-0.01917648217254464,0.004236082970212163,0.0015075838489166937,0.017882860439555337,0.0,0.0
2013-10-10,0.015921542350515017,0.012641532295505131,-0.12845902902592077,0.022225047644508722,-0.019181019073687078,0.0049715493064048655,0.0007599275119518634,0.01856386402181265,0.0,0.0
2013-10-11,0.016648112377075197,0.013477829336223213,-0.12842025824056158,0.022253663131827972,-0.01908503812036666,0.0041610056174579135,0.0017954280605265716,0.018734435394555327,0.0,0.0
2013-10-14,0.017240302394876172,0.01428636116645543,-0.12796176133966308,0.023005074076035026,-0.019037335986781034,0.004555479861279466,0.0010007081179388422,0.019756575825659706,0.0,0.0
2013-10-15,0.0174868952224978,0.01626416084127502,-0.12771418580976757,0.02373043836293376,-0.019100048008023673,0.004820032954239606,0.0007135026826112778,0.01880201011381466,0.0,0.0
2013-10-16,0.018337126078513677,0.017469066217210782,-0.12808024438906662,0.024012388151469333,-0.019165842770547337,0.00459747815477729,0.0012098798265520738,0.01869608348557783,0.0,0.0
2013-10-17,0.01637982013785,0.01669762864102231,-0.1307051300160914,0.02307767337171951,-0.01927473583406003,0.004563929985155424,-0.00012227201101455698,0.01788686204522283,0.0,0.0
2013-10-18,0.01828609682900373,0.025056627838466516,-0.13167871561089428,0.02302454565434897,-0.019341840933263743,0.004482780151606747,-0.00023137155258123876,0.017089632304774893,0.0,0.0
2013-10-21,0.01853050014159252,0.027664148590756943,-0.1308197500539191,0.02359001580030662,-0.019364064531989578,0.003965207577261598,0.0004915732791850314,0.01721462019991682,0.0,0.0
2013-10-22,0.01865741213697869,0.026764165029502296,-0.13017140143974137,0.020215031358916002,-0.020235654388888524,0.0037218996808869864,-0.0011881021482289533,0.017218590984501958,0.0,0.0
2013-10-23,0.01902667055685292,0.029913515734224072,-0.13130216115478144,0.02079045346566577,-0.019208512526929233,0.0040431489846024515,0.00026281978190501043,0.01675817620386333,0.0,0.0
2013-10-24,0.018752356175001816,0.029102676920392145,-0.13344004081351468,0.02008382876150394,-0.020004347465561567,0.005527648689130915,-0.002521129449829407,0.01684518663695367,0.0,0.0
2013-10-25,0.01870584925206087,0.028077343712047842,-0.13372688829977852,0.021418741594690704,-0.020450997187428488,0.006326615565817706,-0.005307459061007824,0.01707947306305102,0.0,0.0
2013-10-28,0.01943021207621687,0.02844579092928745,-0.13341543733035122,0.022503822377264227,-0.021107083772140545,0.006830754669603589,-0.007152253999084479,0.01704946918693162,0.0,0.0
2013-10-29,0.015113336585769188,0.005073305369674541,-0.13307907412780529,0.025089818300950917,-0.021756341891886577,0.00679200250968548,-0.0077952522121372825,0.017017832373205755,0.0,0.0
2013-10-30,0.014319280145967062,0.00677599595802425,-0.13540521216567214,0.02518720477858949,-0.022091840982407795,0.006434675646484145,-0.006445492268090769,0.019414268160412362,0.0,0.0
2013-10-31,0.01567342830202012,0.007358487667867841,-0.1370499653848566,0.023538758259453063,-0.021268358826833977,0.006386066864138895,-0.003476272355544485,0.019510004479925458,0.0,0.0
2013-11-01,0.015762717575281693,0.0071016466971081105,-0.13687259527405715,0.021342232364583547,-0.02118583672104979,0.006237967693503377,-0.0033616269585405867,0.018550551459938003,0.0,0.0
2013-11-04,0.01566926777879707,0.0077948623642127846,-0.13541037140849155,0.022267855479502607,-0.021828020213454535,0.006278926693015441,-0.004689807069915175,0.0180353855169606,0.0,0.0
2013-11-05,0.01580817486703645,0.007334792962487402,-0.13540844225716098,0.02251724219199369,-0.01484104188317703,0.006049760862510745,-0.003855785193287997,0.020252487334139868,0.0,0.0
2013-11-06,0.01586372355194765,0.007593101727696228,-0.1353801210038622,0.015802575967431398,-0.014479852702357632,0.005567749505382968,-0.0038540963146412865,0.02003140718804164,0.0,0.0
2013-11-07,0.014385816927320771,0.0074413575864926695,-0.13658029836450702,0.011873645837827018,-0.01442613146788052,0.006060418095020115,-0.0037533112918337608,0.019701086090120556,0.0,0.0
2013-11-08,0.014359481842926236,0.007814136231230284,-0.13667254318214195,0.011747077381716542,-0.013182017412994074,0.006579492772105233,-0.0023282526459261765,0.020110451933412543,0.0,0.0
2013-11-11,0.013909283059542643,0.009598336217820469,-0.1370416785442664,0.011276477546557251,-0.013268455895160902,0.007666241117725514,-0.002968391782009916,0.020048693745960078,0.0,0.0
2013-11-12,0.014062348965447224,0.009182432970947119,-0.13663214415284963,0.011865495328355458,-0.013824749200648467,0.006892208995054494,-0.003419829296919752,0.020250700646537778,0.0,0.0
2013-11-13,0.013687387668224638,0.009741326621487856,-0.13594408134265135,0.012162699809723287,-0.014275899073779796,0.006655612979932002,-0.00332604210141052,0.02021023714021397,0.0,0.0
2013-11-14,0.012554424861586089,0.005511712658781143,-0.13689043591777583,0.012739385532568592,-0.01639221296183957,0.005920238201865935,-0.003629448867069507,0.017011839401759765,0.0,0.0
2013-11-15,0.012158051559650218,0.00566960942520689,-0.13787072584441584,0.01205637926249814,-0.016028409570626234,0.007519218462540556,-0.003971214972685488,0.017033196863099898,0.0,0.0
2013-11-18,0.01199284861984884,0.012629609076381998,-0.1375153774508172,0.012987527432023693,-0.014916597627762762,0.00849805970009987,-0.004951390185472082,0.017534056273174725,0.0,0.0
2013-11-19,0.012133015670012126,0.012250625805962256,-0.13699127864672578,0.013188743152051874,-0.013159038067866669,0.008585819210865875,-0.005139123965477332,0.017794719550141558,0.0,0.0
2013-11-20,0.012979483518184232,0.013331752004983821,-0.13690738724527174,0.013564243541001497,-0.013045947786471168,0.00871945846871336,-0.0049053379064664115,0.018023086651322906,0.0,0.0
2013-11-21,0.012672463227419772,0.013064866995136759,-0.13751563677690648,0.013800931099682723,-0.012698393277242537,0.008420132038754247,-0.003969848506205076,0.016644777750848272,0.0,0.0
2013-11-22,0.012556124682942427,0.012028041395234501,-0.1375623560091339,0.013167523293735384,-0.012763172837619186,0.008347855085195421,-0.004411625043107437,0.016778666828703326,0.0,0.0
2013-11-25,0.013087956983305782,0.01404932970871875,-0.13723833993438628,0.014274050332318211,-0.011711698105695056,0.008749351170564301,-0.005477375208173596,0.017160378356365413,0.0,0.0
2013-11-26,0.013322436757315037,0.01451634388292522,-0.13719985855371242,0.015270793860167498,-0.01292518949305177,0.0088155513222814,-0.007563536782470126,0.01734718554295478,0.0,0.0
2013-11-27,0.013779949327313634,0.014176915893711062,-0.13722395338537008,0.01568298537146373,-0.013945119015412732,0.008976728751783902,-0.009935462579834908,0.01741996757146569,0.0,0.0
2013-11-29,0.01204632771530334,0.012490315018623965,-0.13970633985928804,0.019525275355698257,-0.01599890822538108,0.008389479865160032,-0.012791039196055065,0.01428223496164538,0.0,0.0
2013-12-02,0.011372877328905462,0.01182840521212869,-0.13942325641749242,0.01908788217814461,-0.01745092772857848,0.0061214169260348505,-0.012925342872682877,0.01464794774612721,0.0,0.0
2013-12-03,0.011355856215619742,0.01112868923049315,-0.139717092129911,0.018811813621976592,-0.018022442219663648,0.00587593227470995,-0.0146489773760613,0.015365576590370855,0.0,0.0
2013-12-04,0.010955813248465729,0.011745116049297843,-0.14056880695344665,0.018018182257566018,-0.017002693391622747,0.006574743292311336,-0.01271411564757896,0.01594001525035127,0.0,0.0
2013-12-05,0.009905654611623405,0.011162623032713315,-0.14115117526850096,0.017549737620941253,-0.016371496136369457,0.007608926483918532,-0.012444346622577318,0.014193272600187878,0.0,0.0
2013-12-06,0.009228232730684738,0.011605206981650795,-0.1420273028261706,0.017920490002952816,-0.017214725889441618,0.007346838262812794,-0.01359412442282315,0.012670915643168357,0.0,0.0
2013-12-09,0.005958251161131356,0.011471840366933161,-0.14242321730485275,0.01735697431425809,-0.01690715965679157,0.007591497682055026,-0.012893486210480587,0.013535831998811476,0.0,0.0
2013-12-10,0.005724376366279094,0.012392700911141974,-0.14244831821201986,0.008537031470983836,-0.01685488825930237,0.007606150676878309,-0.013193115198481431,0.013795906517060308,0.0,0.0
2013-12-11,0.00557208764069439,0.013208443002214798,-0.14237261967112036,0.009222064788170004,-0.016286513432457683,0.00755813651839965,-0.014018697785844303,0.01263235903823623,0.0,0.0
2013-12-12,0.005620144025244356,0.011532490053853817,-0.14241343717060284,0.011464095545276276,-0.014012557337972353,0.008686596301999305,-0.0135399280365186,0.014484164396967092,0.0,0.0
2013-12-13,0.005183974968806515,0.011249329912003114,-0.14280558725490367,0.011394944114426542,-0.013448100773633453,0.008647528123009174,-0.01241259732703548,0.014429902271223316,0.0,0.0
2013-12-16,0.005686384574183023,0.011478880118948931,-0.14246405986044952,0.008904335593164614,-0.01521336452163946,0.006952051652767688,-0.014608854693534346,0.01668895278522342,0.0,0.0
2013-12-17,0.005370039600507193,0.011806575890774607,-0.14346360706811723,0.009874793196115395,-0.014220395115913775,0.00675387299528829,-0.01247488186206025,0.016834786331618723,0.0,0.0
2013-12-18,0.004928080437923699,0.011977742395686608,-0.1435593122677047,0.010850379165229906,-0.014407068789424993,0.006640094146800113,-0.012606859137001991,0.016750769056914416,0.0,0.0
2013-12-19,-0.00017093249087341,0.008359308702789336,-0.0009956315446109087,0.010364183597482368,-0.007076759024315371,0.005932497546239812,-0.01225623155184652,0.01621857350106115,0.0,0.0
2013-12-20,-4.339376035256137e-05,0.00879452528060276,-0.0008491694733304689,0.010415306279804026,-0.007871987807196779,0.00600074217001878,-0.013839037046835312,0.015823502853275606,0.0,0.0
2013-12-23,0.0017625066807163137,-0.010791902137153642,0.0004603034939894002,0.006809468327287016,-0.0074713041834953975,0.004419696652285587,-0.009173631842104513,0.01647114811970707,0.0,0.0
2013-12-24,0.002163598434902436,-0.01073145981253154,0.0004884387066526052,0.00642384260785267,-0.007630484565970375,0.004423636689550037,-0.00941192121432366,0.028142462210795305,0.0,0.0
2013-12-26,0.002173135067515597,-0.010496608383386175,0.0005226889855094452,0.006641103654881686,-0.008061145469292819,0.0045392039325165,-0.010131244874536094,0.02866193063457345,0.0,0.0
2013-12-27,0.0019392515039833302,-0.010853713379352814,0.00026853725546716056,-0.009083283030697054,-0.008093931501927054,0.004360856884108033,-0.009989264765151717,0.028187498595315885,0.0,0.0
2013-12-30,0.0024782342325286866,-0.01125726867195187,0.0013245523074596477,-0.00264312532496902,-0.008011249443076074,0.004538687115183793,-0.009974264713839776,0.02873750540076392,0.0,0.0
2013-12-31,0.0025370021395458853,-0.010924430078703473,0.0014410136387177364,-0.0019113331647905296,-0.007758668104350663,0.004642662939079889,-0.010052489163273393,0.030985371624001168,0.0,0.0
2014-01-02,0.0028235574573096667,-0.010696755973471306,0.001472966598827563,-0.001693270634290589,-0.006947853002978288,0.005011974828476262,-0.008686366658303468,0.03093735955070054,0.0,0.0
2014-01-03,0.002694669746289291,-0.009432690337051852,0.00124858132105099,-0.0006498482192385246,-0.006696953109312842,0.004927748264596632,-0.008521398480512143,0.030736063733671992,0.0,0.0
2014-01-06,0.0034272960514247774,-0.007600499536048133,0.001705010309280608,-0.0008569935311584231,-0.00570290552322783,0.004746148424691787,-0.006082639096915088,0.02961356507073898,0.0,0.0
2014-01-07,0.0037143575921179117,-0.0076332253739233025,0.001736379871283722,-0.003734138254278152,-0.005475478350682628,0.0046039956538384,-0.0056128800871564355,0.029306079774716887,0.0,0.0
2014-01-08,0.003683604933669038,-0.007899150078100048,0.0017015241164552997,-0.004784817182559076,-0.006178120603350323,0.004301408854145761,-0.006712813245943194,0.02860968415846954,0.0,0.0
2014-01-09,0.003607478098914818,-0.007283859802197368,0.0009935835691567974,-0.005452563383791187,-0.005338111360871034,0.0050728715085242015,-0.005982153298035198,0.021140455396205793,0.0,0.0
2014-01-10,0.003083368414524834,-0.007958114537752747,-0.0015940608902998976,-0.0056749415721725205,-0.004902495407122953,0.005852533920328362,-0.006283770940020861,0.021072700097319208,0.0,0.0
2014-01-13,0.0032353411326146997,-0.006788536170491244,-0.0017917448398470093,-0.005176330457052458,-0.00589442305068455,0.0038042703733951466,-0.0061536740083909525,0.020543752991480924,0.0,0.0
2014-01-14,0.0034071367529042718,-0.007479520206651991,-0.0007794713119659846,-0.006194769685599177,-0.007277151223429423,0.0036078828786776374,-0.009006469709375575,0.020599350657399818,0.0,0.0
2014-01-15,0.002934467198268731,-0.008336702499273652,-0.000526958206529482,-0.006130889073201917,-0.00645412056327932,0.0023339379566320595,-0.006065378307622771,0.02068552201811591,0.0,0.0
2014-01-16,0.005114285955456266,-0.007418690525262228,0.0018149798587834276,-0.005798838802167472,-0.006408242501727668,0.0023190908420092082,-0.005298575369510616,0.02069135124261967,0.0,0.0
2014-01-17,3.6353556127188824e-05,-0.015457225145780629,0.0024244354941280744,-0.00560690546012399,-0.005891117707520377,0.0023836427420977913,-0.0052586656725580605,0.021846466358182548,0.0,0.0
2014-01-21,0.00017434523489279208,-0.014029290497228564,0.002534228670664662,-0.0047719885391093175,-0.0040313802788728426,0.006455286770453261,-0.0056124297504408505,0.0217014750497575,0.0,0.0
2014-01-22,0.00023215991127001345,-0.014160093826254716,0.0018922907169913739,-0.004025533329570341,-0.0029846882916063633,0.0072003952683130645,-0.00428519037918218,0.021828694943734295,0.0,0.0
2014-01-23,0.002109157160167685,-0.016252934676946884,0.005485457525126858,-0.0043455373129320796,-0.002620846071370142,0.007270577060833672,-0.004899395544727736,0.02155305550190212,0.0,0.0
2014-01-24,0.002773875633326428,-0.01625219068241024,0.008295761108900512,-0.002566530625103036,-0.002069835805051823,0.007394998749059578,-0.004410879182570437,0.02142722842186462,0.0,0.0
2014-01-27,0.0028238921642356196,-0.016128763655742118,0.009072554606224026,-0.00034182918922853744,-0.0023418354329922675,0.0074171739839492545,-0.00427320724134872,0.022257460908932547,0.0,0.0
2014-01-28,0.002348994145387362,-0.01762917990700741,0.007998985951875648,-0.00043837432027893364,-0.0023350735769311903,0.006627889350498295,-0.003381514046134515,0.02121390369487508,0.0,0.0
2014-01-29,0.006312309242170189,0.004255890426383635,0.00681816108676947,-0.0042193354815706074,-0.0010174375736251573,0.005218996085941674,-0.00013077282426565695,0.021098324616724007,0.0,0.0
2014-01-30,0.00805825745254074,0.0030316553400213664,0.006135928261722157,-0.0037062382375321334,-0.000270750446826562,0.005400128825302275,-0.0008203264262156562,0.020363788202070632,0.0,0.0
2014-01-31,0.006377627607137448,0.005178557641708492,0.0059303942967077194,-0.0024032716333313164,-0.0017291940747757861,0.004126771331537604,-0.002318039265923999,0.019804187890428038,0.0,0.0
2014-02-03,0.0053311125906965184,0.004336491296478728,0.003745407512354637,-0.0012239261465558648,-9.528471213815504e-05,0.007395911735590177,-0.001789358689109899,0.02091373756938464,0.0,0.0
2014-02-04,0.004850900116107004,0.004182787979641667,0.0027830642908373004,-0.0013965674557545604,-0.002141748100353613,0.0036371358373059604,-0.000671251455913846,0.02065760888091739,0.0,0.0
2014-02-05,0.004986472703395917,0.006069029332226528,0.002634456347227365,-0.0007736927841622832,-0.002443663747582203,0.004065039482192612,-0.0008347641024389896,0.0214897129163103,0.0,0.0
2014-02-06,0.0051296259398121435,0.0057110349204387845,0.0024861126393331823,0.0052280759907061825,-0.0020785494960791073,0.004308607547174992,-0.000510174452147294,0.020968986986110716,0.0,0.0
2014-02-07,0.005077851238993292,0.005635315730542212,0.002022873962920224,0.008338990813146596,-0.0013547593817383463,0.003465392813763124,-0.002065807242799922,0.020661288382983534,0.0,0.0
2014-02-10,0.005208743448804842,0.005628426045709345,0.002038591398696221,0.00968124649152391,-0.003440310115325862,0.001525931024867866,-0.003686129645503522,0.020417843902743815,0.0,0.0
2014-02-11,0.005789364274972009,0.006140273428338894,0.002404743008704191,0.010205902717120408,-0.0033268142547062673,0.0006444492868489249,-0.0033175794268159864,0.019546744021111673,0.0,0.0
2014-02-12,0.005740785771118251,0.005665299353446729,0.0022938904386820003,0.009734914231531944,-0.0031670901326208423,0.0006487914192954136,-0.003152680512952588,0.02115743418572502,0.0,0.0
2014-02-13,0.006154671369978715,0.004437929271480012,0.002235946617883622,0.009636285234042807,-0.00704987527283929,0.0006681937091401746,-0.011050872644665088,0.0211069559895114,0.0,0.0
2014-02-14,0.006583747634045567,0.007888009117189787,0.0028723825750780474,0.009293835352977675,-0.009797855919284837,0.0004604390754561205,-0.011401975356971294,0.020842557937204464,0.0,0.0
2014-02-18,0.007549037284112048,0.009219683765607334,0.0036648087455848355,0.009998864455197376,-0.011454634344495562,0.0010024608218590636,-0.012961678389306952,0.02014083783204601,0.0,0.0
2014-02-19,0.007691849406806561,0.0023670303642417956,0.0029893531793558914,0.009885988727478034,-0.011502296612710738,0.0008467955416389117,-0.012791454491465126,0.019331337004652394,0.0,0.0
2014-02-20,0.007564228210753088,0.0024410188335401983,0.0024468828388730657,0.009170982939747718,-0.010916891960861652,0.0005907990002764762,-0.011746461012571707,0.01902856123692609,0.0,0.0
2014-02-21,0.006842154824991509,0.002144645466319206,0.0019083506579731235,0.00896732303349812,-0.011484683804772633,0.0006305950453213693,-0.012608200201472686,0.01894595586086556,0.0,0.0
2014-02-24,0.00638213245110153,0.005902836633697062,0.0021873502346054785,0.00999034870564297,-0.013601340821152275,0.0007819561303001876,-0.01697184050556977,0.018955219664497758,0.0,0.0
2014-02-25,0.002819731879832421,0.006931423087382704,0.002064021318345377,0.010173944532443135,-0.013886987980600729,0.00037437870820489216,-0.016831183759939417,0.018755942590614083,0.0,0.0
2014-02-26,0.0018109656912763672,0.004994490001016816,0.0014710534109629858,0.008827292961056443,-0.015653882377641093,-0.0005114324403782122,-0.016046497628545042,0.01855921100948721,0.0,0.0
2014-02-27,0.0014504538312092308,0.0047929117508795915,0.00125535736813287,0.007455466215404272,-0.014349676268191502,0.00043877240311118726,-0.014255941597913102,0.018475358602308534,0.0,0.0
2014-02-28,0.000871014347255672,0.005209400023020727,0.0010856050862904087,0.007251950461148793,-0.015305225191381222,-0.0007698047630184668,-0.014913720037380007,0.018224233078528718,0.0,0.0
2014-03-03,0.001982303021745846,0.0056968430305903706,0.0024110285201461856,0.0028400645102599764,-0.014274666217019893,-0.0013136512449194448,-0.013349045895226563,0.01802717272203047,0.0,0.0
2014-03-04,0.0023723451652601923,0.005245449867973706,0.0018416299346042386,0.0025692154905656572,-0.01362692129802745,-0.0006656094077799324,-0.013085125674442755,0.018285256410007777,0.0,0.0
2014-03-05,0.002397607475309149,0.005125809888299138,0.0014127140045958608,0.0021545624315273404,-0.014159089550598969,-0.0028283078963271535,-0.012157690636407148,0.01817598093054107,0.0,0.0
2014-03-06,0.0018957649851678582,0.004489854651407388,0.0010849630747045147,0.0014438782394596839,-0.015171893260700453,-0.0034681846595627785,-0.013605958225755388,0.017576599108347635,0.0,0.0
2014-03-07,0.0019934066797662187,0.004628754662044043,0.00045856561058754686,0.000891401705499284,-0.01534802211089148,-0.004560296108264583,-0.012753302256840349,0.01749234740510408,0.0,0.0
2014-03-10,0.002249336074264141,0.003968410823423696,0.0006015357997186666,-4.371456388152506e-05,-0.014743161613552602,-0.004536559029244436,-0.011784572238951796,0.017633424847931733,0.0,0.0
2014-03-11,0.0023846837333554305,0.002646631364128904,0.00024361015056406643,8.64067143235836e-06,-0.014606256110612947,-0.0046192152927785335,-0.011999689435385763,0.01663414762455573,0.0,0.0
2014-03-12,0.0025809098090685545,0.0020485755514896287,0.00019847018031682317,0.008707239052182958,-0.014699544823097432,-0.005577750012567884,-0.010739031483214756,0.01636309083159504,0.0,0.0
2014-03-13,0.0027319830268,0.0015275773347964705,0.00019561942107859664,0.007837984843618973,-0.013680609622824802,-0.005693146979355634,-0.009653423894446123,0.01591781401256842,0.0,0.0
2014-03-14,0.002339840951163241,0.0016183515731444942,-4.779101700314037e-05,0.007905830597146446,-0.01413206666250999,-0.0069562145976090894,-0.009882138897327475,0.013320830313735543,0.0,0.0
2014-03-17,0.0032430580420583777,0.0033324428791390304,0.00035281802435527254,0.00860245736977161,-0.014970533912088357,-0.007999110498912554,-0.011596566314216572,0.013332558570133601,0.0,0.0
2014-03-18,0.002851189290796974,0.002392071018815889,-0.0001138629681399772,0.008438678715100734,-0.015116617500467777,-0.01007577378728397,-0.011001344718996275,0.010920124131576392,0.0,0.0
2014-03-19,0.0030312005267207898,0.0023591358329786427,0.0006364579040083473,0.007868192653366135,-0.014607835609865338,-0.009430660969673599,-0.010663642418026975,0.01052375534406913,0.0,0.0
2014-03-20,0.0031145498795568383,0.001394949713504623,3.603977268840097e-05,0.0075261135134792045,-0.014694370804415935,-0.00940350630222142,-0.01068236202357098,0.010310542744942142,0.0,0.0
2014-03-21,0.0034790921924472418,0.0010115998830222406,-0.0007321440719395556,0.008121356426866067,-0.01463728268759612,-0.009818833906962254,-0.011159291033266627,0.010207321013533832,0.0,0.0
2014-03-24,0.008152242489058326,0.0025318425878309014,-0.0009726874069275748,0.008342684641346354,-0.0164750270962416,-0.00912140752373125,-0.010235030650491916,0.010692777323922487,0.0,0.0
2014-03-25,0.006764947755006245,0.02235684789535064,-0.001434005981896136,0.012446945565852019,-0.01671788445953759,-0.004151711836547722,-0.014509670349305837,0.010033167925491249,0.0,0.0
2014-03-26,0.006173931549637857,0.02162852814723082,-0.0013160801621231455,0.016338187570538176,-0.016070146344301928,-0.004107405433084743,-0.01275824138626247,0.009485488670993858,0.0,0.0
2014-03-27,0.005115183953909419,0.020139062454560097,-0.0027029098245222594,0.016526283502715122,-0.0162129906982883,-0.004327189728372649,-0.012800917478176688,0.008933639523884374,0.0,0.0
2014-03-28,0.005197030574506156,0.020724860245480592,-0.0026924204811608066,0.01716140264573096,-0.016263986845130196,-0.004427331244843624,-0.012988083066867384,0.008390970342071924,0.0,0.0
2014-03-31,0.005241661208109205,0.020205418284412247,-0.002597945410153124,0.016935282720600853,-0.016406276926746233,-0.004301685958756463,-0.013519787633703761,0.00790223031977244,0.0,0.0
2014-04-01,0.0057215747469034905,0.019845682361068873,-0.0026239295372684213,0.013084464310755939,-0.015970851025874144,-0.004331368978078065,-0.013423217319343483,0.007579037514084952,0.0,0.0
2014-04-02,0.004793002649733369,0.019661460381683815,-0.002775940849553793,0.012589331242793156,-0.016284074121543646,-0.004514645025269992,-0.013988117721082216,0.007527143972055006,0.0,0.0
2014-04-03,-0.01023382451915622,-0.03283364676301603,-0.0027753970326771515,0.011885342750117323,-0.017558073102159177,-0.0047379070366970755,-0.016706990961031343,0.006972456490803136,0.0,0.0
2014-04-04,-0.010825264051235739,-0.034697306388046356,-0.0038995431465819186,0.012368195966150353,-0.019548936364194636,-0.005765977235097086,-0.019797589776943014,0.006571797586321759,0.0,0.0
2014-04-07,-0.011225883721220575,-0.03531073963114506,-0.004245239715210292,0.013212009096187582,-0.019547872622284634,-0.005446187217963527,-0.019735355853188197,0.00675047151217667,0.0,0.0
2014-04-08,-0.011878165850054523,-0.035786164746050564,-0.003960326443564366,0.01129970619678744,-0.019854686959660084,-0.0050476450332581635,-0.02054224933203619,0.006578694862165335,0.0,0.0
2014-04-09,-0.011786210082422977,-0.035077153625689195,-0.003577442142345344,0.009572742508259013,-0.020711330090422697,-0.006083373290649119,-0.021025357497313157,0.012703288586208394,0.0,0.0
2014-04-10,-0.011722089457456675,-0.034312742636030125,-0.002563471058686484,0.010369922652014418,-0.02088593602095179,-0.002773483616519634,-0.02146200682532684,0.01274609077957578,0.0,0.0
2014-04-11,-0.011565779580843372,-0.035570025944254624,-0.002042833012459666,0.007758136153975803,-0.020902340431117716,-0.0014579601331441427,-0.022479408927729705,0.012502463562417576,0.0,0.0
2014-04-14,-0.011597139286905311,-0.03568122935614071,-0.0032591218233897212,0.008052918643373319,-0.019246524996785253,-0.001315613547648864,-0.019201086476859808,0.01258920174652478,0.0,0.0
2014-04-15,-0.010918344237586641,-0.0346622575616331,-0.0029801300263968544,0.007774687214712195,-0.019725023969486388,0.00034443916078963355,-0.02197652193607247,0.012274720821423113,0.0,0.0
2014-04-16,-0.011380156698450827,-0.03484384622297354,-0.002736616768122091,0.006969737557334543,-0.020212075362456505,-0.0005758297954771008,-0.021847721661961472,0.01182810718034455,0.0,0.0
2014-04-17,-0.00792648982226829,-0.03486077673468013,-0.002865739780917642,0.00626208243148052,-0.02071715214161063,0.0008095606833471436,-0.021682532803007137,0.012032556084710322,0.0,0.0
2014-04-21,-0.008026653829104724,-0.03508661026049997,-0.0031279358720610606,0.005247679091251234,-0.02162448034075437,-0.0027399703059719505,-0.020271698419918383,0.01198895251440657,0.0,0.0
2014-04-22,-0.007648944700632931,-0.03444842874253118,-0.0026431373831571348,0.005204671101846747,-0.021743206166435658,-0.003439861713227188,-0.019661795876920185,0.014317606514848036,0.0,0.0
2014-04-23,-0.009084914384410947,-0.03139957490305523,-0.004668396676066777,0.005506691309554945,-0.021713204597815672,-0.0027639155232536128,-0.02019008399039346,0.014483433785343669,0.0,0.0
2014-04-24,-0.00926238532483914,-0.03030295735056543,-0.005187455521065698,0.0048064330963693,-0.021789810364115203,-0.0031328947217732495,-0.02107689002465052,0.014956375237390018,0.0,0.0
2014-04-25,-0.008744374041221525,-0.02794161126556982,-0.005012683214986602,0.0035292276309843995,-0.02162862193526327,-0.003219443865941307,-0.0199341495482519,0.01225961369060169,0.0,0.0
2014-04-28,-0.008228364541648325,-0.026062541616485912,-0.003994096957064319,0.0045127474542718815,-0.021470663338222118,-0.0018785815736376277,-0.020033975462665388,0.012845852808240021,0.0,0.0
2014-04-29,-0.0084875915166861,-0.025704614262737513,-0.0029214059484622412,0.0076500166243704815,-0.021574845262866793,0.0002783065120957051,-0.022718311985355566,0.012708093723074798,0.0,0.0
2014-04-30,-0.010094932528585732,-0.026160535184745703,-0.0023310042586313084,0.005559157963233474,-0.02233518659259892,0.002620791041456627,-0.025783623614362927,0.013001504606780179,0.0,0.0
2014-05-01,-0.009263010199065724,-0.029043700429146946,-0.0005439163953978587,0.004266556789868758,-0.021618799315878623,0.004142215826000051,-0.026467074562529502,0.009990740301689893,0.0,0.0
2014-05-02,-0.007512939875615077,-0.027500676852204364,0.0015070952090769918,0.004727445133438923,-0.02153547072600459,0.009740680065235985,-0.02499439981622742,0.009497694246119792,0.0,0.0
2014-05-05,-0.007441845708712647,-0.02657422823358413,0.00021620527235954867,0.0037118941593137222,-0.019064457532122603,0.015441862491938352,-0.024630199452009394,0.009626354285451555,0.0,0.0
2014-05-06,-0.007573115059904989,-0.027938437562805674,0.0003168629960630387,0.004768565496549471,-0.01936152393188606,0.015453393040402164,-0.026424764190849714,0.0092972017905113,0.0,0.0
2014-05-07,-0.008213623917210144,-0.028268104259505322,-0.0010108651589393336,0.005996143672925003,-0.020095133635718576,0.015519072598569883,-0.02754912589324776,0.010876707444042566,0.0,0.0
2014-05-08,-0.00879070566016138,-0.02806622031944883,-0.0010810620614638555,0.004548114963215166,-0.021166912550581785,0.019431266476005016,-0.02597233407852151,0.007368281305084823,0.0,0.0
2014-05-09,-0.008827936330953912,-0.02764781881051437,-0.0010192462032379002,0.003906861646916893,-0.022001098166067323,0.019782447138248394,-0.02765240245013345,0.004949473103595947,0.0,0.0
2014-05-12,-0.008190010203496967,-0.02780977481928748,-0.0007854043691517543,0.0050900391377088905,-0.022355230975321216,0.019120709880995124,-0.027979833743581595,0.006429120225983853,0.0,0.0
2014-05-13,-0.008071522307486312,-0.026920523442429567,-0.0007205037021906779,0.005846456964664792,-0.021943254184058847,0.020838849571370277,-0.02811650993437731,0.004410403200754365,0.0,0.0
2014-05-14,-0.007826483072887358,-0.025697168392928238,-0.0007274267667126688,0.006751787250009134,-0.016554886785709155,0.02219047414641806,-0.018627994078992738,0.0047102142612800435,0.0,0.0
2014-05-15,-0.007660419551816289,-0.02556145652834063,-0.0012834888637476283,0.0063788069712449325,-0.012773331994061832,0.02408213482388688,-0.018728470563294075,0.004903503745836035,0.0,0.0
2014-05-16,-0.00839051604283314,-0.027050530787424032,-0.0015007406631630804,0.0059068913352295915,-0.011425126211126568,0.027063696187986208,-0.018424050374573175,0.005161041117851539,0.0,0.0
2014-05-19,-0.008221226026541406,-0.027129051252259062,-0.0013337591361213263,0.005217683179287391,-0.01050054994927141,0.028309079513876734,-0.017975662478989407,0.006257842789776147,0.0,0.0
2014-05-20,-0.008020214118047098,-0.026745638364253477,-0.0009607413009899979,0.005984553745410182,-0.010754437607218725,0.028699651280169824,-0.01839558205858438,0.006383180745467065,0.0,0.0
2014-05-21,-0.008037947788581468,-0.02664147332446898,-0.0005488552005645797,0.005871520650337914,-0.009269883879820084,0.029291927357388614,-0.017278137826735374,0.006899112469825441,0.0,0.0
2014-05-22,-0.0077813853318253745,-0.029672962380045464,-0.0007252652891507338,0.005397796397234478,-0.00751672321943897,0.0315080455377732,-0.013802087725734657,0.00720872519898319,0.0,0.0
2014-05-23,-0.004017663840489627,-0.029885893644975292,-0.0006459398851808018,0.005854107313054913,-0.006953704802049154,0.032324676856603896,-0.013381523700713882,0.008477274483662978,0.0,0.0
2014-05-27,-0.0033772791062022245,-0.028986145520439432,-0.0002180507942203258,0.006620896019650546,-0.006758966734151994,0.03167347946170107,-0.014595412019829057,0.008631666793938342,0.0,0.0
2014-05-28,-0.004057021862509225,-0.02914251936927681,-0.0010583090186768729,0.007803448997733442,-0.006325423321677848,0.031980470100414715,-0.013083993939294825,0.008504716206124474,0.0,0.0
2014-05-29,-0.0036289748994555726,-0.028970884431443134,-0.0012935313969204554,0.007698263752666801,-0.005447073150477433,0.03319742553735683,-0.012641119926012578,0.009392207599562497,0.0,0.0
2014-05-30,-0.0034006884937004545,-0.028448297230150965,-0.0005159768001565812,0.011292237175322795,-0.005271153609442969,0.03342100478562138,-0.012355152364868838,0.008987784505438245,0.0,0.0
2014-06-02,-0.002639903121571918,-0.027298075254631904,-0.00018420673164820656,0.009580689583495783,-0.004973105456995253,0.033591734994382394,-0.012070292769219892,0.009071375330737208,0.0,0.0
2014-06-03,-0.002701640381930437,-0.02675899894782441,0.00048170836585037513,0.009739393067501378,-0.005153172060284428,0.03570353539025328,-0.014574693624015533,0.008590763476281182,0.0,0.0
2014-06-04,-0.002222632418196313,-0.026056131514620384,0.0009212647509244665,0.010081658826958995,-0.003969764064610692,0.035737211659458534,-0.012710663915851073,0.00883596383246199,0.0,0.0
2014-06-05,-0.0024710001153496197,-0.026031975057253964,0.0008516684662105423,0.010870033246723532,-0.004044978713814484,0.03579866649566843,-0.012758963368658116,0.009124560945185323,0.0,0.0
2014-06-06,-0.0027789134898097423,-0.025681097278417275,0.0004903197276424631,0.011949586161112524,-0.007896860268901351,0.028650754214449625,-0.012927356835649939,0.008980292490669228,0.0,0.0
2014-06-09,-0.0013793855431925017,-0.02035318464992375,0.0013861468161340262,0.012109744323700378,-0.005756727153405694,0.03139466876503194,-0.011238092245234754,0.00979674012162457,0.0,0.0
2014-06-10,-0.0021680086842785773,-0.020328393746560147,0.00021366359673047342,0.013198645010458865,-0.0047971141864608935,0.0324493370052199,-0.010461634376403794,0.009721690537790595,0.0,0.0
2014-06-11,-0.0020326699876181964,-0.02027042353066033,7.590614148589303e-05,0.013920518020392292,-0.0048381458270218,0.032384160396868866,-0.01020383327882457,0.009691783907275875,0.0,0.0
2014-06-12,-0.0012742097947651132,-0.018960666932083647,0.0006977241516186172,0.012047762548744956,-0.005213566647221168,0.032098531015712695,-0.010681088188250532,0.009329980775284463,0.0,0.0
2014-06-13,-0.0016326915696966982,-0.019252211918685536,0.0003993940401290086,0.011405371270897025,-0.005006841481699831,0.03264110733077641,-0.010023623511347113,0.009116913930328208,0.0,0.0
2014-06-16,-0.0019131479275036334,-0.018751294957787268,0.00034632126130307306,0.010504947493406913,-0.004862943843440659,0.034948930442545434,-0.01092242591286774,0.0092287339449586,0.0,0.0
2014-06-17,-0.0019287864085094641,-0.01855653462369178,0.000648913631344783,0.010861612098992168,-0.005078785331370628,0.03479492999141831,-0.01053822974939611,0.008618346204207983,0.0,0.0
2014-06-18,-0.0016788530463512918,-0.017947204078691548,0.0012177914563622494,0.01084853292681398,-0.004461269950156499,0.03622851164640539,-0.010864086783471616,0.008389949235223515,0.0,0.0
2014-06-19,-0.0015977296824577492,-0.017999577667038413,0.001257424706001764,0.010697917527934475,-0.004747271829242172,0.03662197696114089,-0.01123682151944183,0.008568639475952322,0.0,0.0
2014-06-20,-0.006174762628174402,-0.01986354319494299,0.001187602044569136,0.009404430551037901,-0.002554491151368743,0.03585754287593268,-0.012075061330665826,0.007629086501755866,0.0,0.0
2014-06-23,-0.002078378697189076,-0.021207435335129032,0.0014985286189765912,0.009854434061033812,-0.002265328309265402,0.03127656580173799,-0.010034241551920009,0.007780765362247255,0.0,0.0
2014-06-24,-0.0017865021659351221,-0.02035601185215352,0.0013310166984348282,0.006112622485127117,-0.0023709400844557083,0.03128707546997478,-0.011705371631831052,0.007865742741053339,0.0,0.0
2014-06-25,-0.0009527346277261595,-0.019205221415532603,0.002721792366430442,0.005718503924852847,-0.0033393933623167005,0.03132413475389728,-0.013982242913045395,0.007795582661144218,0.0,0.0
2014-06-26,-0.0008995668977663795,-0.02009549015807366,0.0027683351024681002,0.005530735297655687,-0.002951513789290039,0.031617849079963456,-0.013875233908056117,0.008156372933529443,0.0,0.0
2014-06-27,-0.0010113049201102564,-0.01976717108964543,0.002357357783846048,0.006473513221904703,-0.003163637373336914,0.03115931076842715,-0.013903737539469496,0.008176792106902697,0.0,0.0
2014-06-30,-0.0014304156923119482,-0.01881525739405343,0.0025432854253586434,-0.01957728349809762,-0.0038866457066555338,0.03128235930291923,-0.0145388487752931,0.008496914268775413,0.0,0.0
2014-07-01,-0.00025612792621076963,-0.018947954920897958,0.0025501436362316277,-0.018881394887496072,-0.0036691238037181995,0.031381248998273215,-0.014168607503487918,0.00847055209146852,0.0,0.0
2014-07-02,0.013158891755832292,0.034212848802362306,0.0027448971065469063,-0.01821033859119814,-0.0020926924381717837,0.031904508271539456,-0.01098906459819271,0.009256235700832782,0.0,0.0
2014-07-03,0.012697951754085945,0.03397710821156208,0.002910690068658406,-0.018559199404740045,-0.0012523055576993958,0.03233984400627987,-0.009768332801477486,0.009138445788857696,0.0,0.0
2014-07-07,0.01281174421335507,0.03468071835471931,0.0029592744199622434,-0.018448825655230205,-0.0009413182844814072,0.03187906005250074,-0.009348303312740947,0.009361968451038427,0.0,0.0
2014-07-08,0.013379139383315808,0.03564731580791025,0.002870636173855301,-0.016981175292207218,-0.0009757872982171234,0.03047582310200747,-0.008377763700121554,0.010447045815567435,0.0,0.0
2014-07-09,0.013490997597841892,0.03550071875113803,0.002864036863545305,-0.015409500296867495,-0.0011862013479463362,0.0306791113230358,-0.009121837048506776,0.010429557049637328,0.0,0.0
2014-07-10,0.014003751290214694,0.0357093243523916,0.004288660072886197,-0.016362094658072923,-0.0003401418910626841,0.0273220468289197,-0.007423569986703904,0.010426696084872455,0.0,0.0
2014-07-11,0.015686791820223034,0.035945062882004164,0.005491988440087248,-0.015401684128240278,0.0004321361460515316,0.027761778054701258,-0.0068444668242274576,0.010615091800855847,0.0,0.0
2014-07-14,0.015613409766537467,0.03661221294542272,0.005768211852251515,-0.014785806742725116,-0.00023498247235886893,0.027808235498488987,-0.007910489703431334,0.010959452551559279,0.0,0.0
2014-07-15,0.01574205778221227,0.03727968345798205,0.006448243497123141,-0.014534295520986173,0.00018025929770848492,0.027921558424547133,-0.0069983146502328175,0.011284538434107594,0.0,0.0
2014-07-16,0.016156117541377357,0.037063929618098124,0.0076812643214243526,-0.013634314110714918,0.000732160324663278,0.028691065089291534,-0.006750033341606287,0.011588332076460262,0.0,0.0
2014-07-17,0.016749824960394344,0.03778544793126071,0.009480177944151569,-0.01256848488311757,3.161763752834723e-05,0.02722289695344382,-0.007484702520526576,0.01033583502914004,0.0,0.0
2014-07-18,0.016958953033973323,0.036687020146102256,0.009771795706229325,-0.012762766026375494,-0.0008633309582694038,0.027030485525547432,-0.008841130545266584,0.010281333077088783,0.0,0.0
2014-07-21,0.017209685777789696,0.03650559135605613,0.010916199015341244,-0.012362625142265271,-0.0011415203827351839,0.026496688769392707,-0.008986728751378292,0.007991939730068287,0.0,0.0
2014-07-22,0.016547359240007165,0.03313854559291585,0.01027334001115765,-0.012270616950125768,-0.001405790105771354,0.025423807194831838,-0.007110667237682389,0.00770955025832154,0.0,0.0
2014-07-23,0.016039906846095464,0.03211197407702193,0.0099864070449176,-0.010879608184386935,-0.0022598380184875033,0.025725877526951768,-0.007438702152040566,0.007263905054163855,0.0,0.0
2014-07-24,0.016174414778365565,0.03279300052819112,0.008546941569475885,-0.012867173344044969,-0.0025991129048996697,0.025150529476790195,-0.008314408145573826,0.009072920618515168,0.0,0.0
2014-07-25,0.015736701527909736,0.031804234686984234,0.007539010101358379,-0.01263993319900758,-0.00237640844698217,0.024507470757937577,-0.007634748428424709,0.008728435634952403,0.0,0.0
2014-07-28,0.015887587024944638,0.03179037196062029,0.007653999899083885,-0.012301468970515983,-0.003280974745446197,0.024322817913903005,-0.00794990219850178,0.008913476632038009,0.0,0.0
2014-07-29,0.016125386154594246,0.032240985058817895,0.007645696941178448,-0.00973233722377509,-0.0018735625045109838,0.022080841323998124,-0.004557134802103735,0.008593442857562472,0.0,0.0
2014-07-30,0.01564873112234988,0.03297399978890869,0.007534302702932205,-0.007431520733742203,-0.0015251429184478527,0.022205859280284068,-0.004428979325926896,0.011576871534221933,0.0,0.0
2014-07-31,0.015218761687083138,0.032805198703376615,0.0067270047302425695,-0.006471877034750273,-0.00233333472379027,0.012918163019224771,-0.00515114469074851,0.012406682566979299,0.0,0.0
2014-08-01,0.01466042972794912,0.032508272635333846,0.005528418986839867,-0.008054956974653749,-0.0024634858506727975,0.011357954329449305,-0.00698598663705563,0.012290774332908372,0.0,0.0
2014-08-04,0.01488734848832518,0.033122863944171854,0.00508742829654274,-0.008721458108501112,-0.0021983007871472227,0.011376739074710374,-0.005235017314152324,0.012257293920397538,0.0,0.0
2014-08-05,0.015787387734891745,0.03348134899585742,0.007002031779459239,-0.010103959866060497,-0.0013334352771110503,0.011509833160124217,-0.003936660158872618,0.011233767836858588,0.0,0.0
2014-08-06,0.016512247665751767,0.03288421048768542,0.0070990377785948855,-0.00881005561056103,-0.0017085780101130377,0.007049171119503539,-0.004340129301274587,0.015445179909089335,0.0,0.0
2014-08-07,0.016967724646924864,0.03208345601939988,0.00719144177695874,-0.009446502138856006,-0.0009258834356243861,0.0061907828893930095,-0.0024568346352109582,0.012514434433956056,0.0,0.0
2014-08-08,0.016489125418709172,0.03194127710809558,0.006938796639996303,-0.010587503709150958,0.0002473561842428751,0.008897052269124517,-0.0028487781047923377,0.011653071883863664,0.0,0.0
2014-08-11,0.015383355776189545,0.03199806764755975,0.005913299941290084,-0.009210428689349293,0.001117841692835242,0.009714151926849324,-0.0022403520843340408,0.011929418642887324,0.0,0.0
2014-08-12,0.015931447946788024,0.03158901477918219,0.006473770868862028,-0.010463481553706244,0.0009337860303204604,0.009955639977925701,-0.0035654285421491405,0.011522098600110553,0.0,0.0
2014-08-13,0.01584385900829033,0.031220735488128204,0.00699125115697119,-0.011014202969607867,0.0003899632797648156,0.009536419679001762,-0.0031811427332159026,0.011455868915048573,0.0,0.0
2014-08-14,0.016531940227345165,0.03174973620560162,0.008023228244788072,-0.010577159117446833,0.001246067381247773,0.006346898748546215,-0.0011357089434610446,0.011450832496586294,0.0,0.0
2014-08-15,0.016346107448437897,0.03212455918370183,0.007792906413670808,-0.010525704316851958,0.0008543777896243832,0.005348078039705495,-0.0012623871989235758,0.010465921118167687,0.0,0.0
2014-08-18,0.01644390498891135,0.03212483077562189,0.007842094344154615,-0.010635084692371288,0.0011061640953495822,0.0055371751108492795,-0.000904418232541393,0.00997040908353175,0.0,0.0
2014-08-19,0.016648293536461356,0.03232804881788365,0.00788655029103702,-0.010756962597563646,0.000707827138714201,0.005482092186618104,-0.0007987126098735198,0.006693392279317312,0.0,0.0
2014-08-20,0.0168864571850027,0.03212275160803868,0.007903777445127602,-0.007128136367139493,0.00021073250441072666,0.0024977779225514585,-0.0008257966111511195,0.006314872715777353,0.0,0.0
2014-08-21,0.016847844140490897,0.03212603639288747,0.00790945432110135,-0.007508977387057025,0.00010860074430985023,0.00229497465569084,-0.0008839536985471019,0.004930368387312978,0.0,0.0
2014-08-22,0.016432164921702963,0.031236032618395138,0.007564194185767592,-0.007733806017055422,0.0020364706846709435,0.0032662837043235804,-0.00016277194345837298,0.004496611262789996,0.0,0.0
2014-08-25,0.017840863928435757,0.03127702873069205,0.008975733173505196,-0.007247864175074725,0.0022885310016989013,0.002212741343185165,0.00019226450858345068,0.003986007814949399,0.0,0.0
2014-08-26,0.01760650541401998,0.0310665988727008,0.009429580110159375,-0.006876319420753729,0.0024681300381639293,0.002401763525157863,0.0011094720061837204,0.003133935638751195,0.0,0.0
2014-08-27,0.016884210105696962,0.03039825503868454,0.00946967143152122,-0.005343516077966348,0.0025846968457083896,0.0022634094620073153,0.0015720756106729628,0.003268507545697963,0.0,0.0
2014-08-28,0.016339287336998964,0.029726443377446232,0.009246682890815316,-0.002842514973080301,0.002397274117162951,0.0021983820996576142,0.0013781827672996183,0.00216459956890791,0.0,0.0
2014-08-29,0.01634494845897283,0.029600607025425107,0.009251587667274075,-0.0026844738031922555,0.004284248850866312,0.002334228748151146,0.005054756772087998,-0.005028270690678349,0.0,0.0
2014-09-02,0.016535225279597165,0.029861310442030664,0.009521060857884844,-0.007425536463436244,0.0049351838312579055,0.002067412965567339,0.005812841269608127,-0.0049419502423090345,0.0,0.0
2014-09-03,0.01647317924607794,0.03001641148261114,0.009576994278644335,-0.007618453807606396,0.005214621906727501,0.0020809732803792613,0.005949704571354797,-0.00529390460018675,0.0,0.0
2014-09-04,0.017043387144128452,0.0298797356579652,0.009631829808036896,-0.00778859361175277,0.010225951636670727,0.008966052745639885,0.008273428578290831,-0.005690207809856962,0.0,0.0
2014-09-05,0.015858101618481557,0.02486468793228358,0.009421495982712358,-0.007316700373230511,0.007667510924159515,0.006233720291656031,0.006618066631764341,-0.006292908916430973,0.0,0.0
2014-09-08,0.016831969596587948,0.025151656494571073,0.010729053766908248,-0.010018839009438896,0.007629921800983874,0.0061227437430151355,0.0068288226327788415,-0.006752267558796543,0.0,0.0
2014-09-09,0.016792139034061515,0.02533005444018488,0.010676535996626102,-0.010888064635785288,0.008985172552413934,0.006217825911082553,0.006252789060950281,-0.006882803703586515,0.0,0.0
2014-09-10,0.01646963619701247,0.02521134004329073,0.009885983954615485,-0.01124257356890046,0.009272358208133324,0.005934945989233498,0.007198780518394843,-0.006661605740447052,0.0,0.0
2014-09-11,0.016435601283361745,0.024754096767970468,0.009969243452060628,-0.011295725622119002,0.009394908498521204,0.0066336806925899605,0.006548770278600458,-0.010730136028518134,0.0,0.0
2014-09-12,0.016588900078468694,0.024087002373230693,0.009985691876477132,-0.010694934222076014,0.009231067628339362,0.006422821562642733,0.0066743262311634854,-0.011106212659146575,0.0,0.0
2014-09-15,0.01682791381221649,0.025032120285529036,0.010142753652028658,-0.010638689429766424,0.00966765456548968,0.006579876523986172,0.006666182703461754,-0.012534106776098342,0.0,0.0
2014-09-16,0.01682170068170241,0.02488595724103604,0.01012707536902746,-0.01134691697215151,0.009105895335763892,0.005361563796878688,0.006647239847796138,-0.012243850359080155,0.0,0.0
2014-09-17,0.01669981483043359,0.025037437445733834,0.01005603118817433,-0.012033447927360719,0.00941903503027186,0.005420919308400718,0.007403988785352089,-0.01244417908800688,0.0,0.0
2014-09-18,0.01655146252194961,0.025102632810126924,0.0101227158407029,-0.010980253009184593,0.009322647629079084,0.005544758821182549,0.007480804056600121,-0.011562156478852836,0.0,0.0
2014-09-19,0.011973173502342727,0.0266463756376627,0.009869909393668053,-0.010142045361459795,0.00950044522076321,0.006638840329754148,0.005865814707890937,-0.011894266006387322,0.0,0.0
2014-09-22,0.01428006322746267,0.02826956354013599,0.009995766530780381,-0.010327567837052687,-0.0012378450700981647,0.01033535793086382,0.0056387642301676255,-0.011687065188180301,0.0,0.0
2014-09-23,0.01513144939870048,0.028099524870638826,0.010937107022807036,-0.009945440418786422,0.0033111807633039447,0.010262737163057922,0.015082736322668433,-0.011656242123044613,0.0,0.0
2014-09-24,0.014981376201741448,0.028116675958995696,0.01087162928972063,-0.010637854073672348,0.003459073414622482,0.010234865012814343,0.016171374889802248,-0.011669023931570544,0.0,0.0
2014-09-25,0.015163501417277292,0.029208492327198465,0.010825435711027787,-0.011412101945046715,0.00406699211107342,0.010401503262186695,0.01732671350002124,-0.01174373432733089,0.0,0.0
2014-09-26,0.015090457305701133,0.028435828512067163,0.01084351586393062,0.018283332421547893,0.00472321793933328,0.010209977284149518,0.018898816480921177,-0.01165699812333354,0.0,0.0
2014-09-29,0.014810390539848006,0.028880706612797624,0.01107289382851806,0.017913982795380923,0.0049715509816856684,0.010756440419646074,0.01903103234663428,-0.017266274861604924,0.0,0.0
2014-09-30,0.016160763413888946,0.02863709792237845,0.010957057769581002,0.022153923222776983,0.004587299771475761,0.009142641137998009,0.019741999322351322,-0.016107889664118136,0.0,0.0
2014-10-01,0.01646332757112612,0.029438836777724298,0.010884215623553795,0.01896644794327207,0.00484619272848108,0.009817713540479334,0.019572410883401004,-0.01618790979360296,0.0,0.0
2014-10-02,0.01654021932611638,0.028707496280057754,0.011184003570499312,0.01807545929858545,0.0042928346252022465,0.010047811004726848,0.018151188058408207,-0.01676250479627095,0.0,0.0
2014-10-03,0.016402974076390686,0.028387478276158395,0.011280130629240492,0.01879618912313985,0.006020894753976824,0.012214542976083598,0.02019519807939396,-0.01768437413420121,0.0,0.0
2014-10-06,0.016336160544169642,0.02823281794254151,0.01092365628522285,0.020083686578294735,0.006261900979990465,0.014019346266215926,0.020040683356164823,-0.01723701865594418,0.0,0.0
2014-10-07,0.016014825051611892,0.02790928882283028,0.010750051567811392,0.020297239362010444,0.0055198402481990705,0.014133178327387919,0.01835193218893072,-0.017688640276024792,0.0,0.0
2014-10-08,0.01362184473768946,0.027623570569736522,0.008550787262980641,0.020493494812451774,0.005192140138181589,0.014320433567489799,0.017828012448720898,-0.01772238458755626,0.0,0.0
2014-10-09,0.013518377645937552,0.026720670377583744,0.008699821502035299,0.019252515669187176,0.005406371202897331,0.014358112594258676,0.01771962349245859,-0.01807857454195072,0.0,0.0
2014-10-10,0.012707842473583364,0.025829196027938872,0.007357892400689625,0.01954839199320535,0.005076136565509426,0.014237056644686108,0.017486196690867484,-0.018080382294617392,0.0,0.0
2014-10-13,0.012115461456385201,0.025805004846102486,0.005851344412705517,0.020687048263132946,0.004937858879069612,0.014515358223597064,0.016966278536368007,-0.01794049998012759,0.0,0.0
2014-10-14,0.011621111751054736,0.025288604390312663,0.004573748337729722,0.019505289521173585,0.005429549544472723,0.014267349766460047,0.017903303391572756,-0.016701563897560945,0.0,0.0
2014-10-15,0.011736891738505006,0.02295552525142841,0.004029329770364187,0.019360816687869153,0.0006846960164978988,0.014421388652328782,0.007377099045227764,-0.015290670826766606,0.0,0.0
2014-10-16,0.01021668044017554,0.022091007500597115,0.000570142651144856,0.017931473964708955,0.00031350496024473706,0.014957288888263642,0.006189330309953167,-0.015401853979064906,0.0,0.0
2014-10-17,0.010045432098182427,0.02213547865978538,0.0005781171566985321,0.017610768344428207,-0.0001888926440073435,0.01443912230460298,0.006231204771020016,-0.015365915865070301,0.0,0.0
2014-10-20,0.01009228207587709,0.02413523411958507,-0.0004531307573105714,0.016455009718525426,-0.0007227428791232171,0.014333520473493788,0.0038802145072061034,-0.021973279412107805,0.0,0.0
2014-10-21,0.009365663593832618,0.02437393888236583,-0.0020258017413635754,0.017891447613483047,-0.00017164375673739407,0.014919627609703445,0.004693516936194131,-0.0222508902584444,0.0,0.0
2014-10-22,0.009205583210618373,0.024658561326850625,-0.001707389697792161,0.016657048182231904,0.0004097395309099472,0.014975929579872593,0.005452643427710235,-0.02193973798058546,0.0,0.0
2014-10-23,0.008694241700610394,0.024156506367553066,-0.00188320253464358,0.016182530928622096,0.00028080465834778856,0.015032361619429224,0.005312784202791798,-0.022220617677383703,0.0,0.0
2014-10-24,0.00815645514177099,0.022027190142398956,-0.002311380620860226,0.014927414445753628,-2.4806562225920814e-05,0.01530579279754729,0.005387263655174612,-0.021972849013794926,0.0,0.0
2014-10-27,0.007986928489912115,0.022097014407499005,-0.002119986722179279,0.01319143760363306,-0.0020932569517938537,0.015639669407612855,0.0022492578256456675,-0.02272698890903846,0.0,0.0
2014-10-28,0.007421988974517069,0.02207388987109704,-0.0024022184364659305,0.012713409121398955,-0.00306891748489746,0.01614981918223979,0.0007630264323288394,-0.023575979064050512,0.0,0.0
2014-10-29,0.0081535371695165,0.023093276072198243,-0.0010457175120384132,0.01386584230258281,-0.0017032025813705776,0.015611597873714134,0.00502552302646575,-0.02353562089642025,0.0,0.0
2014-10-30,0.007319832288751549,0.022758877923331644,-0.0007186393755663767,0.01356063541263075,0.0012364795375914284,0.01413839025376551,0.011835163766400036,-0.02352802029069445,0.0,0.0
2014-10-31,0.00525871862118632,0.02307624736832259,-0.004637961558927595,0.014025277944860637,0.0014816317295163195,0.014775782720880537,0.01252660470437017,-0.022483100209460538,0.0,0.0
2014-11-03,0.006727740582362474,0.024041783991685772,-0.0036252424084933788,0.01309763468413494,0.002861652881090082,0.015672999436660673,0.01453891368621929,-0.024030464083886316,0.0,0.0
2014-11-04,0.0057353028868525335,0.024635933057994164,-0.004859791899055055,0.01284992129624074,0.0025098543986543653,0.016295590764791257,0.013875809287062335,-0.018571510920932788,0.0,0.0
2014-11-05,0.004059783763539215,0.02516385950945499,-0.004802723290178945,0.012200230871283413,0.0018928834735096878,0.013688754925204272,0.013941269095915754,-0.018504733306256238,0.0,0.0
2014-11-06,0.005025239827601391,0.024059012122287893,-0.0037029907556093145,0.010089068304725668,-0.0007695333739782262,0.010483421633372458,0.01486547869451127,-0.018939246682014077,0.0,0.0
2014-11-07,0.004310089594821598,0.02424113352756052,-0.00439129681878947,0.010769630259290564,-0.0016280656595932808,0.009611244864150548,0.014307637940652596,-0.018802614811947782,0.0,0.0
2014-11-10,0.00447903154474294,0.024750449977462674,-0.004267334310669169,0.011047468333657662,-0.0025807061970850587,0.008770482150275427,0.014074888018485554,-0.018643091403329537,0.0,0.0
2014-11-11,0.004003421417346553,0.0244080183006401,-0.005302321369182739,0.010465238553840628,-0.00268412508741267,0.00882182691882405,0.013900839292744438,-0.01871940226099722,0.0,0.0
2014-11-12,0.003684426043882194,0.02350521929562932,-0.005154467071290525,0.009921208665360615,-0.003914071796003782,0.006488131089041449,0.015898963300869928,-0.01914184084499504,0.0,0.0
2014-11-13,0.0035160422314908235,0.023150662078350148,-0.005330477756600116,0.009990249380090077,-0.004311240244647241,0.006396385676749272,0.014770419300157211,-0.019324189040965,0.0,0.0
2014-11-14,0.0028863249654633716,0.022896162834719958,-0.005596143168234202,0.009702945366045546,-0.005024835208924494,0.0062378292650824285,0.013629930209463348,-0.01675586574495591,0.0,0.0
2014-11-17,0.0021493686943341306,0.02316963000757255,-0.00458865879902004,0.0057947484852196585,-0.004564524540817461,0.007381351517119272,0.011788344418179664,-0.015496132201979207,0.0,0.0
2014-11-18,0.00232002408538734,0.023345444167710117,-0.004618391951186074,0.006479823077578439,-0.005459691651132692,0.007080740652791739,0.010241474831671926,-0.015434828481803442,0.0,0.0
2014-11-19,0.0020287815058834813,0.023347515754633674,-0.005064698192440709,0.005647113761865441,-0.006221252354628115,0.0070235005919183635,0.008929642726921871,-0.015526436631354001,0.0,0.0
2014-11-20,0.0015318960391823566,0.02267015442809761,-0.005609420450366387,0.0047360069605342225,-0.006464011361546174,0.0067840688926852355,0.007675299933212587,-0.0146169398892938,0.0,0.0
2014-11-21,0.0007676914103731391,0.022936683964256188,-0.007673448704763053,0.004250242477207289,-0.005340004707565682,0.006858387845429359,0.009200844382238449,-0.013569023449463202,0.0,0.0
2014-11-24,0.0017917153380035966,0.023458091616200827,-0.007544071897950144,0.0034535274231171087,-0.005430963353192042,0.006875741571163108,0.008905011441872723,-0.01331273444009784,0.0,0.0
2014-11-25,-0.002042097567667489,0.02336009301013231,-0.01212411076031994,0.00379173888620854,-0.003511531453522121,0.006712060525419394,0.012949514035501153,-0.013422632148159974,0.0,0.0
2014-11-26,-0.0023320827402542044,0.024028131848533363,-0.012170497257558366,0.004106036675942448,-0.004419502289259802,0.006604677101171186,0.010667644595273584,-0.004994547938188765,0.0,0.0
2014-11-28,-0.005798009083396338,0.023873966504364352,-0.014461120067957967,0.00841945109724973,-0.005289746604264067,0.0071583015742848755,0.010082647289425317,-0.008501813641837663,0.0,0.0
2014-12-01,-0.00706872469575337,0.024131556780171648,-0.017090593778438135,0.008490294029734224,-0.006623276664276312,0.007046576105367741,0.009419197283552228,-0.008180299723843598,0.0,0.0
2014-12-02,-0.007840228996496945,0.024213819805984915,-0.017100118010505594,0.007615863420759039,-0.008168558040313911,0.00625853341856919,0.007402190078767967,-0.00769251231098711,0.0,0.0
2014-12-03,-0.008915534202638242,0.02433683558427946,-0.01883054981904242,0.006593922624455351,-0.010095783964951921,0.006081738851233531,0.004400982114359131,-0.007691609224371843,0.0,0.0
2014-12-04,-0.009146776052439853,0.02413887327864872,-0.0192668756906903,0.008205018455193835,-0.011701686330152006,0.006298810553075018,0.0010411958170521984,-0.006917257344543848,0.0,0.0
2014-12-05,-0.010561862848287418,0.023836561228546493,-0.020888576701765804,0.007821826151202638,-0.015659463600676715,0.006407943455279286,-0.002668284819063893,-0.006696086125348333,0.0,0.0
2014-12-08,-0.010819334207189724,0.023749681423979707,-0.02107968191415055,0.008616263961970905,-0.015445333300725395,0.0074428994923629865,-0.0031947103806114763,-0.006385688349812013,0.0,0.0
2014-12-09,-0.010702416827964578,0.023607607580492962,-0.020265686459719934,0.00878738832583803,-0.015745973926008405,0.007031986736339091,-0.0032801331858732796,-0.0023058182655625314,0.0,0.0
2014-12-10,-0.010711335769386099,0.023789217956984965,-0.02099313630848021,0.00890336910473044,-0.01786464717057923,0.006154641208738765,-0.007017928711884669,-0.0015887461417682935,0.0,0.0
2014-12-11,-0.011027756606334371,0.022786479295792583,-0.02131611242795639,0.008787797518998053,-0.016500866475736342,0.005962123243348216,-0.0033681302959420734,0.0006961128757068114,0.0,0.0
2014-12-12,-0.011100716084761486,0.022407171723409114,-0.021718580219636574,0.010382013022024239,-0.016787775471293398,0.005900907537343736,-0.003909038819762012,0.0006863488507351523,0.0,0.0
2014-12-15,-0.012442166785674447,0.02290086451126938,-0.021907015154091214,0.011231045867764244,-0.01685195911325843,0.005935912130727639,-0.00428664073882834,0.0010828021531459342,0.0,0.0
2014-12-16,-0.010912657140396242,0.023104484601313757,-0.02195175891579071,0.011642275351081866,-0.01734010292750965,0.006312159474920476,-0.005738587353306346,0.0007545655559264564,0.0,0.0
2014-12-17,-0.011332465918492685,0.023538935745058165,-0.0222668560211281,0.008718412409395304,-0.015869675112323733,0.006073318353883916,-0.0005906764913222728,0.0009475631126536488,0.0,0.0
2014-12-18,-0.014117271072453752,0.02180075158113337,-0.022553710917186942,0.009906153805272266,-0.005004583830562903,0.0022798123067788723,0.0016370419670179714,0.0007681803123011921,0.0,0.0
2014-12-19,-0.014946800647808955,0.02193610488447062,-0.023944863501795255,0.009982196132759302,-0.007604176166637777,0.003708945967144439,-0.004866183603956409,0.0006912546741564274,0.0,0.0
2014-12-22,-0.01056759467373869,0.048741748998202716,-0.024053865481498793,0.00834734720334418,-0.012137420648706376,0.004377069596671834,-0.006170358644932095,0.000938725164483234,0.0,0.0
2014-12-23,-0.0106523157333267,0.047743796280484085,-0.024402828199948212,0.007373966429205403,-0.012009684491775197,0.004357848069626913,-0.005876964050654854,0.0007854803695030999,0.0,0.0
2014-12-24,-0.010972704292793178,0.04758834749590646,-0.024660590356292533,0.007481496435665536,-0.012586691676846007,0.004319217464854752,-0.00682785093493099,0.0005481321923492821,0.0,0.0
2014-12-26,-0.01099933070759429,0.047272658960564984,-0.024879139193250688,0.008247633213269934,-0.012768298289854596,0.0037280726889197258,-0.006670776665492317,0.006574626335703826,0.0,0.0
2014-12-29,-0.01020626571872485,0.047802435458859094,-0.02492895516823712,0.00355490438556072,-0.012484936040949801,0.0053956199046065745,-0.007705273481945274,0.005411543428226917,0.0,0.0
2014-12-30,-0.010651919352446582,0.046925765490210436,-0.025064529840480798,0.006222715198540785,-0.0128170145426163,0.005372356263646738,-0.008520131547815613,0.0055893031223051,0.0,0.0
2014-12-31,-0.011987469737952616,0.046826305379313427,-0.025343990541234374,0.006250722640297246,-0.01242239911349785,0.005024013033020802,-0.007065576917557159,0.005774323775691315,0.0,0.0
2015-01-02,-0.011851869890804556,0.0466426852711328,-0.025216164153488374,0.007079087151634411,-0.012978816107956814,0.0038345826365309144,-0.007758246362064458,0.006183830546302005,0.0,0.0
2015-01-05,-0.011615391241919126,0.046612696619187544,-0.024948480932657113,0.005734262667281387,-0.013580455694259252,0.0030754728438247003,-0.007636639845115978,0.005905296473161625,0.0,0.0
2015-01-06,-0.012312305299198023,0.04627852323167003,-0.025271445287965877,0.004939237027991483,-0.012927067083258192,0.0029207904018206943,-0.006406451869906515,0.006245091140842263,0.0,0.0
2015-01-07,-0.014073768328382141,0.0460700758338799,-0.027634647995237183,0.0029506622541446426,-0.011731466660594547,0.0030445014120963343,-0.0037279109433855373,0.006187607293100861,0.0,0.0
2015-01-08,-0.014440860382724185,0.045685957697123136,-0.028191188459704364,0.003642040989263018,-0.011403043489364828,0.0030291141725997672,-0.0032394029759400533,0.0058790964173698335,0.0,0.0
2015-01-09,-0.013988067676016902,0.045875902524591394,-0.028074412081764866,0.002945045314408423,-0.011013593942054478,0.003411073704965517,-0.003324573448831969,0.00590541235013653,0.0,0.0
2015-01-12,-0.015692574282826333,0.04596916161772646,-0.02824828816862246,0.00036376041492958144,-0.01336134839155001,0.00340158518920175,-0.0076367712114884245,0.005895139839896979,0.0,0.0
2015-01-13,-0.020511759013925768,0.04588198522458886,-0.03683334761496382,0.0015005497491062947,-0.012589156946019031,0.004331161081938761,-0.007160100552710991,0.004603367951846238,0.0,0.0
2015-01-14,-0.020708081161114444,0.047916477184001494,-0.036412929468037314,0.0036690691729690528,-0.00850825922695897,0.004173491108180993,0.002958142142629905,0.0034089240777170904,0.0,0.0
2015-01-15,-0.02414787215307035,0.047907508715842706,-0.03942732318595621,0.004071826810919665,-0.00889834874397899,0.004662614247077146,0.0034582739952107033,0.0022805816179238825,0.0,0.0
2015-01-16,-0.024464538994363405,0.0480168326629693,-0.03974759833744912,0.005470635145216285,-0.010251304636138214,0.0059515818973363555,-0.0004797131443090574,0.0015664173188489894,0.0,0.0
2015-01-20,-0.02457577349962592,0.04665819198935628,-0.03883079505114073,0.004974043260786543,-0.013425901985821609,0.005553027794212406,-0.003264266837876617,0.008716082017181881,0.0,0.0
2015-01-21,-0.030338450726759225,0.04330907640390835,-0.047938269590483196,0.0039046342051096694,-0.01227454639834058,0.008709556759419979,-0.006709733636684256,0.008814442503633835,0.0,0.0
2015-01-22,-0.03054254294717551,0.041882546920330554,-0.04734380817300554,0.003245350446962947,-0.01323010088933585,0.006078667354655121,-0.005762492504186256,0.008801168915958613,0.0,0.0
2015-01-23,-0.03133793966228671,0.04202907276218015,-0.045797107761677114,0.0027910581726855455,-0.011761940461437193,0.0065150370333249,-0.0033111230950181314,0.008791681100389637,0.0,0.0
2015-01-26,-0.0313962906869113,0.04433358013689226,-0.045572004575446745,0.003001745459015881,-0.013336795655681577,0.007281024790753765,-0.007553740875086978,0.008742395771759393,0.0,0.0
2015-01-27,-0.03441249066258467,0.041893811489967625,-0.04976628305406894,0.0047813405920282825,-0.012438397967122539,0.01129850777646535,-0.009473487735737418,0.009610777086820788,0.0,0.0
2015-01-28,-0.034047001167859525,0.04596839198215408,-0.05236248894148432,0.004109076057504435,-0.01317260386562269,0.012247805894263664,-0.010353661415847815,0.0096701680671194,0.0,0.0
2015-01-29,-0.03477983194513001,0.043351653650888666,-0.05185845861426608,0.005797857340896551,-0.013162405213021366,0.01354976216677617,-0.011743106940781733,0.009561345135067345,0.0,0.0
2015-01-30,-0.03456697308718715,0.04128346717285325,-0.05157174758149652,0.004979608523167922,-0.01532810948160257,0.015678014395599238,-0.01725308939308079,0.009465272400763114,0.0,0.0
2015-02-02,-0.03370891591135172,0.04119067127368248,-0.05186457988913018,0.003152328467252552,-0.016408189003618068,0.01534617125295723,-0.01867552266491923,0.008551684852422525,0.0,0.0
2015-02-03,-0.035849126469887915,0.0407539056182078,-0.05327783108590034,0.0035724694621779296,-0.01816855297930664,0.015482244084221275,-0.02196631766600632,0.00918640524434533,0.0,0.0
2015-02-04,-0.03573522496665649,0.040762640618119184,-0.05214269048611697,0.0036702017019227817,-0.017409742612901957,0.015569091985768946,-0.020680225584063905,0.00868930062026041,0.0,0.0
2015-02-05,-0.03505268899502778,0.040413236505135286,-0.05657363186724307,0.0037831658241482824,-0.017113620951363928,0.01629041605410242,-0.01993601221405572,0.008783855053599021,0.0,0.0
2015-02-06,-0.03498496297903031,0.040823943110582794,-0.05417037327181762,0.00589483500514687,-0.016190728495038886,0.017638985723668288,-0.01935486883093962,0.009114853831177827,0.0,0.0
2015-02-09,-0.034956927044603514,0.040999793539073126,-0.05345279815851467,0.006140499213888706,-0.015399181497552372,0.018146486278331375,-0.018050939874592498,0.009257175857544597,0.0,0.0
2015-02-10,-0.03505290689617191,0.040612223662734204,-0.053496595024515314,0.005260873862178439,-0.010980712267339099,0.01799183282834038,-0.010783059548723273,0.008747319343433091,0.0,0.0
2015-02-11,-0.03513673126234684,0.040322641882697186,-0.05369277009892959,0.006581066402507663,-0.012067698988268538,0.015462146905645735,-0.010295809337750761,0.008818921816414305,0.0,0.0
2015-02-12,-0.03625581840636216,0.0394910032192779,-0.05370315767306655,0.006683531559729783,-0.011603534828456774,0.01814897955757777,-0.01422102811145709,0.008474212049573993,0.0,0.0
2015-02-13,-0.03633292677454192,0.039410397309088685,-0.05359544290091511,0.005789824825862322,-0.010488434577016759,0.01858600557279244,-0.013599642358387176,0.00945487929909783,0.0,0.0
2015-02-17,-0.03509240415652859,0.04026476410205859,-0.053000364184704885,0.0051237940210278055,-0.008465716054546157,0.02288691210139282,-0.013506388050081974,0.010702277836251994,0.0,0.0
2015-02-18,-0.034552305900668046,0.039366708203569356,-0.05388556232068675,0.004868230527464323,-0.008006707819373848,0.022784710353543236,-0.01065945573963012,0.008799403701939434,0.0,0.0
2015-02-19,-0.03640808525259731,0.03904357540056047,-0.0587228367579693,0.003762299001681235,-0.006968760020583775,0.023689368271480937,-0.009199347456328888,0.008287652262272793,0.0,0.0
2015-02-20,-0.03662934162187792,0.039223856411892744,-0.05839415183850705,0.0017680046979233754,-0.006797139569179045,0.026100589921564943,-0.011561361088304967,0.008661342498521796,0.0,0.0
2015-02-23,-0.03578106488052657,0.04014744295059436,-0.055659373618850094,0.003171773971864189,-0.007239299045166292,0.02684079957464003,-0.012061301197689556,0.008195737913480938,0.0,0.0
2015-02-24,-0.03495519044751516,0.04044542148788488,-0.05355202732537412,0.0057709282408815454,-0.007775552522760076,0.027352028103497794,-0.01347847485304765,0.00495640676601572,0.0,0.0
2015-02-25,-0.03566134209135674,0.040021728139449264,-0.05347352034574482,0.0039011860136675125,-0.008391117559663597,0.0278134569434223,-0.014306149300724824,0.005412613035406633,0.0,0.0
2015-02-26,-0.032128573180791875,0.04007445824735445,-0.048894703643899584,0.001628810057421326,-0.008815733806248671,0.028558058554920107,-0.015524300408217173,0.005155880657051082,0.0,0.0
2015-02-27,-0.03208144350973374,0.03994403489058196,-0.048835454695765,0.0005819458022493507,-0.008369172286860516,0.029647580317022637,-0.013954085990011578,0.0035355392880824787,0.0,0.0
2015-03-02,-0.02597001449980252,0.042897595123160936,-0.043668512459360986,0.0017775582195049822,-0.005339688406154841,0.03266631675076259,-0.010259561190106292,0.009423998693098179,0.0,0.0
2015-03-03,-0.024444143652720185,0.04253260519938351,-0.04241190828531416,0.0013233077759753353,-0.004139082377993875,0.03603150607052119,-0.011959282701043406,0.009002430992490096,0.0,0.0
2015-03-04,-0.024340271290089643,0.04229713616868702,-0.04234216561081672,0.0026810947837994092,-0.0018784962650606474,0.037603216851387344,-0.010221716080935805,0.008880286089738787,0.0,0.0
2015-03-05,-0.022943572247631216,0.0419908603953314,-0.040097008280458146,0.0035994106218590893,0.00021895913650205046,0.03673850053221428,-0.0064644873191951335,0.008974876063325699,0.0,0.0
2015-03-06,-0.023122727274264898,0.04139096930568642,-0.03972836591514517,0.003125382179886005,0.0023009594290743784,0.03719655962486246,-0.003413855018174927,0.00856561157524216,0.0,0.0
2015-03-09,-0.021510798208980497,0.04199832944481985,-0.037711788682186276,0.004221675330288832,0.007332805778454743,0.03837784326177318,0.003764760736152617,0.008856336054285263,0.0,0.0
2015-03-10,-0.0206060297095505,0.04145255088370381,-0.034723631346077255,0.003086880029653072,0.007708841314638892,0.037901485825368786,0.008154844053688048,0.008521484310902716,0.0,0.0
2015-03-11,-0.020951542852769345,0.04157749747609407,-0.03632997492496026,0.0024132187596737076,0.009701846020894633,0.038129131582913534,0.012549259547202984,0.008557332295109576,0.0,0.0
2015-03-12,-0.02142140377912538,0.04045496925928971,-0.03416170086124082,0.0026839534555245237,0.011183764969745491,0.03818128339557392,0.015854005487000444,0.008046960173326845,0.0,0.0
2015-03-13,-0.021285344667094974,0.03983589406327259,-0.03413810627757985,0.0012585808360829898,0.010132548558158039,0.03855309883338953,0.012542431539322996,0.007726047775291622,0.0,0.0
2015-03-16,-0.02053322919258449,0.04046043550773204,-0.03332798102905554,-0.0013421338862139587,0.010557474642473919,0.03964120570889418,0.012671481634283666,0.007971232821212482,0.0,0.0
2015-03-17,-0.019162429276526116,0.0395245291867905,-0.03300752217273362,-0.0016043598414640092,0.010691732414422006,0.03987418400094378,0.012847364132661632,0.007545279008771555,0.0,0.0
2015-03-18,-0.020017542262057986,0.03938477268527496,-0.03296243896932882,-0.0017111088187972134,0.010268260096916615,0.03953483938988689,0.013245570998860146,0.007717524202218051,0.0,0.0
2015-03-19,-0.01904039034417837,0.03904247323129684,0.01613049184456883,-0.0006410355672703538,0.008246338272713816,0.0388694582926854,0.008235815553502723,0.007508275440476053,0.0,0.0
2015-03-20,-0.018514246091192788,0.03912610944169104,0.01596372808775426,-0.002275866234884405,0.004464229524693941,0.037116445871904435,0.0024288615310379402,0.007539689819362483,0.0,0.0
2015-03-23,-0.011669077917960125,0.09835086675643834,0.016778663352857937,-0.0020027613567241698,-0.0008179386896115526,0.038811735679328496,0.03024691809892799,0.007642772155938449,0.0,0.0
2015-03-24,-0.016014787656450036,0.07021095589522686,0.01691835652713336,-0.00011345819132269064,0.0035323472931405586,0.03804138513206756,0.030912366508198286,0.007391244552298115,0.0,0.0
2015-03-25,-0.016028695383189184,0.07029501225602375,0.017280148351910052,0.0011004495023414496,0.0024681963190176237,0.03733033848206535,0.029453055188459087,0.007329077606003986,0.0,0.0
2015-03-26,-0.015856514154520385,0.07027452181794258,0.01748419267843837,0.001052571236481059,0.004621633046792306,0.03823200189272202,0.032127673265487156,0.007274434587115408,0.0,0.0
2015-03-27,-0.015965152099062352,0.07014975166974913,0.017538301516792476,0.002020338276994771,0.0046648591663027705,0.0383964314671883,0.0321083355659042,0.007019902221753416,0.0,0.0
2015-03-30,-0.016121188985321,0.06957910754547125,0.018182720504336114,0.001850073099550098,0.004197298313971087,0.0383484007929491,0.03325617636119271,0.0065598104487578635,0.0,0.0
2015-03-31,-0.016004045001569933,0.06950866513607656,0.01825299777755518,0.0018150357685984275,0.00480900409276952,0.0383123417883835,0.034476967377167655,0.006492499016110598,0.0,0.0
2015-04-01,-0.014881575198640862,0.06929805992304239,0.01821402604131306,-0.0015294959217709847,0.003850692601949701,0.03969894259387874,0.032855912956130995,0.006159262187595216,0.00033577583695265645,0.0
2015-04-02,-0.015121362769311641,0.0690659792775159,0.017969239086572886,-0.0021971310857016313,0.002418733998777345,0.04305172431002924,0.03042220571415699,0.006001260443948109,0.000767809560049848,0.0
2015-04-06,-0.014990551910829097,0.06971909169916102,0.018570165200022082,-0.001268926022411354,0.002552184714043726,0.04213593965564466,0.03009146187567513,0.0064892843542114775,0.002705200726666579,0.0
2015-04-07,-0.016125748410457774,0.06967702197604142,0.019211616287581057,0.0004007529894614059,0.004231217756316852,0.04253347442336031,0.033432862611937564,0.005856092516739686,0.003114377225963638,0.0
2015-04-08,-0.013900099670191457,0.07050596736444414,0.021969383894500982,0.0025332845210319643,0.00503231299953022,0.04251603848106522,0.034002569412005856,0.005749556051142024,0.0034720444885278923,0.0
2015-04-09,-0.014172046089418577,0.07043982638457535,0.022412801715991915,0.002360609203245323,0.0059924805601832,0.042454094284705146,0.03633226492173236,0.006369922092667624,0.003758886550584206,0.0
2015-04-10,-0.014346346800335419,0.06950878618474676,0.023040478895981042,0.0024109995618604163,0.00567966513327911,0.04194609050934095,0.03719414697476631,0.006255033374813923,0.0038409793966271977,0.0
2015-04-13,-0.012796636588743526,0.06929781798611279,0.02363053349978128,0.0038023704690370863,0.009030515979139508,0.041979492299824006,0.04352031958292102,0.006368039433943151,0.005148026278724904,0.0
2015-04-14,-0.007928977783070223,0.06898826849208817,0.03270378966804888,0.0032936551779090273,0.009500212770254368,0.04188203838469473,0.043358110370422365,0.0070983044755252855,0.005325089279994311,0.0
2015-04-15,-0.00840773799386052,0.06878184249525199,0.03233774415586854,0.0019976275227040485,0.010919609540636976,0.04285573362898987,0.044483810758962905,0.006813963943800294,0.005170239637065865,0.0
2015-04-16,-0.004933893862222316,0.068706016441483,0.04139267864305718,0.0017427644429324207,0.011589079148417225,0.04319942912322117,0.04322846708294725,0.00729042883705211,0.005846942234644548,0.0
2015-04-17,-0.0045963654535824405,0.06858014139575475,0.044435323536392346,0.00010469312786320906,0.01305240912196104,0.04311304030507768,0.04563441964668424,0.008335523111470788,0.005804769047069502,0.0
2015-04-20,-0.005689932570070777,0.06746204526236022,0.04385654958022478,0.0001538060866481672,0.018325026920676724,0.04619242623179187,0.05094422874414195,0.00784187105022105,0.006562276759772834,0.0
2015-04-21,-0.0017385005183294666,0.06858803711448513,0.05576891894420766,0.00019536831689070944,0.017590510579343244,0.043438480402034685,0.054072483621846024,0.007867810461391844,0.006846543359992685,0.00023978923141410036
2015-04-22,-0.0017459053797853619,0.06935411673351943,0.05468213288577095,0.0008749573357114127,0.01819789099269009,0.046171694899466376,0.052711983624445624,0.008037400836206965,0.006736442366476192,0.0003807934974080496
2015-04-23,-0.001514344403139245,0.06923030009668119,0.05043919565264132,0.0008212852037385865,0.016387762966153296,0.04574095442288484,0.04964066576879089,0.00801327378508443,0.008027714544824205,0.0005871761948728071
2015-04-24,-0.0019291276975050842,0.06797261685338918,0.05034282396717793,0.0007718892923009868,0.01803733630872939,0.04837363670238015,0.05429902869749936,0.007998305263018146,0.008610412785365229,0.0011122531272513836
2015-04-27,0.0010918013051426367,0.07045857619401596,0.055756819526038504,7.391782815080461e-05,0.01938347803218865,0.04478363134910812,0.059114241741444085,0.008190094695746053,0.011253480495222679,0.0019230276567161475
2015-04-28,0.0013548741775877282,0.06783535995163992,0.059412541877640335,-0.00040480111328489166,0.019136851716978764,0.044437168174472186,0.0577384209342271,0.006648246938915303,0.013653488994246787,0.004176226639763803
2015-04-29,0.0017202949621168973,0.06931801817360927,0.06019236471482925,-0.00037371847115053036,0.015587204608924488,0.04446891828586663,0.05060338927847852,0.006263119084378932,0.012972601271183715,0.0024702389796866786
2015-04-30,0.0019780492465515387,0.071422902745647,0.06018260587397983,0.00044611926931081847,0.014932301542900595,0.043780598036444074,0.05019716093869908,0.007187929749233657,0.012844793977540236,0.0012737521993488876
2015-05-01,0.003237354627701583,0.07147617466188305,0.0664014340091652,-0.0014618663266147136,0.016740569252168047,0.04370689813216222,0.05289289391591612,0.005212012802409349,0.014047856587983132,0.0009507540551536575
2015-05-04,0.004106392373134371,0.07213119294428649,0.06707507992404493,-0.0012339941213648231,0.01857235210255226,0.04671977342112332,0.0543315107569915,0.005776443511118723,0.015527459413135825,0.0012692433420060656
2015-05-05,0.0034030782247482794,0.07265452715887588,0.06541389107254769,-0.0016271518806475482,0.016569841004337338,0.04514370793725009,0.0532594601433094,0.005801619880339892,0.015875146761083148,0.004316411113513663
2015-05-06,0.0040061652539045145,0.07204468356594118,0.07064049522057303,-0.0028761931006273667,0.016030767778609123,0.04768971400250299,0.051914308294152445,0.005682527596462261,0.016587261958915578,0.00444040469044138
2015-05-07,0.004027062540663984,0.07224266771889387,0.06796929053972067,-0.004595646273008014,0.0172548369017278,0.053870542839932645,0.05023619872264118,0.005634535687657927,0.014635061886738354,0.0020589082211841525
2015-05-08,0.004054438950662487,0.07015182610073323,0.06855247001104003,-0.006124634295350595,0.016047247153509803,0.055514283633625094,0.04989495862771531,0.0045923841113642005,0.004193173802788497,0.0014071733870844039
2015-05-11,0.003647819656294793,0.07082543866084334,0.06973718792987427,-0.008194928120870526,0.012786573483077657,0.05640058094488065,0.043913868072066764,0.00511699919162667,0.00498963537577124,0.0013872934251637492
2015-05-12,0.0036696633154191804,0.07112519545192253,0.07016789241966093,-0.010184011136295856,0.013636915473951516,0.0603035548409232,0.042661418202979196,0.003474057959980348,0.005331206001856215,0.001458410402343846
2015-05-13,0.00518861695954187,0.07214342735983537,0.07024738558625532,-0.010023496345007321,0.014221217190998559,0.060814985604829896,0.043856684725597006,0.0055605437532562085,0.005774829303218487,0.001811740859572586
2015-05-14,0.005526148752070581,0.07267237023994833,0.07030987534946642,-0.009697749148714685,0.012976335520389126,0.06178150820320605,0.04322341419951492,0.005064260274206811,0.006274790832257127,0.002311404232382408
2015-05-15,0.00478823863168798,0.07216720256411246,0.06999392471420096,-0.008003864804432936,0.010066381966907123,0.05700474746948636,0.04262370983736452,0.004045877049271285,0.006802116643310541,0.0044276979106570025
2015-05-18,0.0057290530061751,0.07292028439854725,0.07040829283345107,-0.009013458818819875,0.010215888151434926,0.05730234662013345,0.04222383791060924,0.004426266253136468,0.008126225960075839,0.0038200269096804185
2015-05-19,0.0074582280537018875,0.07324095918304474,0.07557187629693818,-0.009009053380385601,0.01199516813013446,0.056529416067970795,0.04606174413677677,0.004888426257428469,0.008200270487879413,0.003225677532671334
2015-05-20,0.00800637134391513,0.07337241301339792,0.07573180529206458,-0.005498143344517592,0.013561573157212514,0.05458353037581931,0.05227677929851793,0.004715283347213939,0.008651298242021932,0.002476592369578867
2015-05-21,0.006827966865656121,0.07260652812134616,0.07263054747111997,-0.006777075886309825,0.01331804583280416,0.05429931367847729,0.05299577499552299,0.004436915661322649,0.00914353338555074,0.0015393648864536758
2015-05-22,0.006838868935840514,0.07221328461981313,0.07255530516507469,-0.008907797612708213,0.013558663966619422,0.055947852452860714,0.053891731067718496,0.007226823627842993,0.009666996003849126,-0.00019326602155844697
2015-05-26,0.008009874084734303,0.07317218438977635,0.0731293888241138,-0.006811312502787881,0.01581561951592958,0.05578505128106759,0.057593186543106745,0.007376340116806768,0.011579276417558404,-0.0013719223205859166
2015-05-27,0.008411091236741663,0.07322085100305054,0.07311093942120594,-0.005355335302210107,0.015386248207596376,0.055655388563411234,0.05450588590254002,0.007982598851670852,0.012023543584379626,-0.00139733588015456
2015-05-28,0.008235410387172681,0.07213791779452428,0.07320063554023215,-0.005148575966127278,0.015194938835496385,0.056522932104264845,0.05387289818110652,0.008299327609551987,0.012468132683930655,-0.001525633366364132
2015-05-29,0.005277607015783614,0.06899178219813562,0.06974614619270358,-0.006126036275200808,0.011988965825294962,0.05326350653515899,0.049066890251478146,0.0059737957126744234,0.012943627325521234,-0.0016397894363621157
2015-06-01,0.006051900529398635,0.06919688263684365,0.07473902602780202,-0.006775042987626767,0.012559135658496645,0.050594606836634304,0.05296844710132875,0.006888008993365613,0.0142773946241741,-0.003806910233773886
2015-06-02,0.006370739223847899,0.0691070114324035,0.07493319843385926,-0.006574204517354354,0.008438438884048605,0.049593591372080637,0.046370870444907064,0.00842183130350338,0.01472198372372513,-0.0030826237860670513
2015-06-03,0.0060877962857976975,0.06900226934715414,0.07442673711495007,-0.0068252965527965115,0.008001723453618714,0.050568831665364966,0.0443056104278734,0.008417690072591633,0.015200053827152393,-0.0026251797138309163
2015-06-04,0.006425432234273387,0.06991687053508455,0.07452711939456202,-0.0061037283880376325,0.0070875005976778205,0.049944967110065575,0.043183816280440546,0.008845065903238636,0.01569969342346167,-0.002353623532956095
2015-06-05,0.006332339826569333,0.06940700089084872,0.07422090000985282,-0.0059866137065964775,0.005844048821004755,0.048832196086088464,0.043019427414314526,0.007848828843236122,0.01614331672482372,-0.003366681798665172
2015-06-08,0.0056822087473520355,0.07022883495848897,0.07189598641705985,-0.0058135362090001585,0.0050720934749626245,0.04986342016820933,0.03762412652660441,0.008290492977992114,0.016849315200794468,-0.003962875708223623
2015-06-09,0.005656945873588448,0.06886352277002383,0.07297111132005041,-0.0046962580494828154,0.003332240137700504,0.05013634797965749,0.03338699500827169,0.008280434623479715,0.017331570429706122,-0.003452145140117824
2015-06-10,0.005946567056060115,0.06961280162774752,0.07148024200362091,-0.004344508358329224,0.004001982886339572,0.05109497546743125,0.03396979701424563,0.008324484444177216,0.017646098706506574,-0.0025132780725044546
2015-06-11,0.005784762444042801,0.07020853663725646,0.07179500339183975,-0.0034339705259839315,0.0037535218020148253,0.05076712938982708,0.033569887468716475,0.008673437831542952,0.01808650268057299,-0.002974821105961256
2015-06-12,0.005143964273502721,0.07036099106757399,0.07144077057578513,-0.0020894399428000865,0.00367804152432627,0.04976461674166455,0.034259016271370735,0.008420447925105545,0.0185265847219096,-0.0026106284014972836
2015-06-15,0.004700167397066579,0.06770254883804205,0.0716249044740731,-0.00288663743076345,0.003784579364105367,0.049710713200473045,0.03365223961251629,0.008737418380482032,0.01980594538926339,-0.0026077591286428614
2015-06-16,0.0041750478517739165,0.06720285995745545,0.07177980763032932,-0.0031069058622299472,0.004813982481933765,0.04956838904350058,0.03510769780063061,0.010370440686795268,0.020224136004988624,-0.002782374876646898
2015-06-17,0.003779891368161481,0.06736240942456195,0.020705638104622226,-0.0030211926784563525,0.0051034360242194765,0.050664287319746704,0.03447180122373705,0.010222612712449841,0.020879269109685517,-0.003240638741127011
2015-06-18,0.003908797937591135,0.06754286749957772,0.021275270172540495,-0.002900244339659519,0.007980462588545567,0.051880339386653596,0.03592142837034773,0.010084638571609572,0.021343818038470408,-0.0014784953123253564
2015-06-19,-0.0027805441471396852,0.010487128053894068,0.020652824349819188,-0.003106095430301159,0.012641501741909922,0.04973627227427557,0.007803999191960509,0.009781746715874284,0.021671545557183425,-0.0012454693669256
2015-06-22,-6.540691631418127e-05,0.014615155670610669,0.020887811185756888,-0.0029066838352729274,0.012789281273404951,0.04993960178826384,0.004395367670365413,0.008858891020659732,0.02302269722323369,-6.886254850857476e-05
2015-06-23,-0.0001515290333657937,0.014414063906162067,0.021019192283124433,-5.614011507293348e-05,0.01478554275175692,0.04582166283957423,0.007455602898771341,0.008893401444908466,0.0234627792645703,-0.0009689944325859123
2015-06-24,-0.0001244387828035487,0.014375129294088351,0.020730943286835002,2.6839799078581805e-05,0.012556081311389411,0.04433458963647108,0.004929399431027548,0.008815943911438806,0.02389159366037208,-0.0008390573618880515
2015-06-25,-0.0003195627688891145,0.014215636503237983,0.020732043405477407,-0.001185514564878587,0.01271537424633351,0.04420265800402956,0.004292011179469979,0.008456798052321801,0.02398237869011366,-0.0019908654649194446
2015-06-26,-0.0004357256284133193,0.013847522512646204,0.020185473247438024,-0.0021303566001029672,0.013482723164778276,0.04424868375788771,0.003805415040074589,0.0090501834616874,0.024421173000532148,-0.006333919826367884
2015-06-29,-0.0001047062368841889,0.014362226725657123,0.02088551462055732,0.02826724664394753,0.01149186340943431,0.042514121811929595,0.001978703793920511,0.009242151286422251,0.025195743147903515,-0.005763139476378187
2015-06-30,8.337734994734447e-05,0.014461938502074778,0.02130865663499848,0.03153403379789377,0.012671108221501193,0.04151499821119864,0.0038735298221141967,0.009505067838317505,0.025137081217604162,-0.005553477609936741
2015-07-01,0.00048409326435083777,0.014450916698439453,0.022355960549148346,0.03131434221273599,0.013587378858714194,0.03815712926433523,0.005142467207673418,0.009697985803956755,0.024642414135643387,-0.006813703237257052
2015-07-02,0.0003509369425331865,0.014316246933638865,0.02106891653270271,0.03183592058418516,0.013282584712484669,0.03790241003099193,0.004930842630954446,0.009306900160995779,0.02318918193487396,-0.0069194564367525135
2015-07-06,0.0023936202398924245,0.012885472983392932,0.02155752044354009,0.03152218168055487,0.013809305145354944,0.04183414751463399,0.002424029512121395,0.009905298499397253,0.023749700328603573,-0.006980530958941689
2015-07-07,0.0016859300050324766,0.012216135944020268,0.021737157937434803,0.03171998250965924,0.0131101070998072,0.04173989150641977,0.0014431403072512339,0.009805821789319547,0.023359140000205336,-0.010153741787987336
2015-07-08,0.0012474669811755046,0.012500718228710683,0.018437217027052144,0.03129843741792149,0.010817850183757027,0.04165795335877798,-0.002720386037827316,0.009802421413230178,0.023511866102828405,-0.010368527355954837
2015-07-09,0.0011640762964448825,0.01227692886277465,0.018192741128035816,0.032611943829358836,0.010978388533219974,0.04185003624628325,-0.003037637198696652,0.009312800353483475,0.023857262432773085,-0.01099730800721832
2015-07-10,0.0010967586891337255,0.01217537031672733,0.01782341631487805,0.03249137171593808,0.00925114407334715,0.04175857638768332,-0.006094714236698717,0.009203945189004248,0.02259538855241283,-0.010912049613826635
2015-07-13,0.0014352176446255083,0.012037682585440246,0.018650421610181267,0.03243911512566888,0.009303530122854342,0.041427968966489814,-0.00344884619557162,0.008739373197386158,0.024216563446672446,-0.012135589538221248
2015-07-14,0.0018057824198360883,0.012326521464681717,0.019024617322872972,0.0321793564578694,0.008790357101105872,0.04063482578815991,-0.00223935913007145,0.00874622945228376,0.025179843442284078,-0.01276047617632503
2015-07-15,0.002433665363233306,0.008717061924572223,0.015884610304047753,0.03254484419849435,0.009362644973895717,0.0393260094596104,0.0004566322103991549,0.00914779309942726,0.024647284391472235,-0.013224888482636254
2015-07-16,0.002274150404436792,0.008550885148954412,0.015957696838323487,0.03262747740123806,0.010754229203972843,0.03899829395460319,0.004197014191993809,0.00897784381033162,0.024989517551299967,-0.01307814567093335
2015-07-17,0.003671723647551417,0.008514136531065253,0.01821208388523954,0.03240409726334792,0.009333923433079816,0.036252968047015166,0.005749485937430743,0.008962933845408472,0.025641083047108548,-0.01348517252015402
2015-07-20,0.006250453972259429,0.013000715287191822,0.01884108587994704,0.03243207439908602,0.009106187343875805,0.03605702752367845,0.007866592575297426,0.009218256730172625,0.025962220376235745,0.01577127542411505
2015-07-21,0.006533784568065748,0.011918044648626225,0.018492148253629326,0.032645698059925454,0.005612859427962524,0.03598056219287704,0.0002461198773491269,0.009045209651709962,0.025301838982541236,0.01622898571092879
2015-07-22,0.006716232732552951,0.011394877294596428,0.018577002594118985,0.03309672409819031,0.006427695223155894,0.03568365669710882,0.00156938987441535,0.009168679692565407,0.022506567023561352,0.013657507450610895
2015-07-23,0.007172044273760614,0.01075961968130379,0.01832163975643475,0.03260652294302502,0.0060242140192567906,0.03216707108354644,-3.9996517462337344e-05,0.009120506661412398,0.022762636910167222,0.011520433548589892
2015-07-24,0.00823442534711405,0.0005358137939903695,0.016834810477707185,0.032676943078777665,0.006683025833920553,0.032477829515132894,0.0009882433816184033,0.008677625371792841,0.028192455419036255,0.01176905447455212
2015-07-27,0.008416723489722555,-0.01574812257088465,0.015822465771536898,0.03331667497876545,0.006873516721952022,0.032001294442548955,0.0006136373216998336,0.010466455011687525,0.027207215790894468,0.010320099631362378
2015-07-28,0.00850538999894912,-0.01594096237180931,0.014495580665801588,0.03236776340951297,0.010132819968581508,0.03044239830958828,0.008962046482019037,0.010737300272947614,0.028587319066846417,0.011916984677811993
2015-07-29,0.00613102888035022,-0.010324696445876747,0.013717279847544228,0.030377247989749945,0.013358189161769785,0.030591184472511967,0.013861814107513082,0.010119497844058634,0.0293836443283797,0.013065806979838168
2015-07-30,0.0060595744298654886,-0.011265923516847853,0.011721016748242219,0.03437100853964403,0.012940241504774352,0.0308683460487138,0.011105015857616474,0.011540015455665964,0.029046231993333116,0.010361135840770697
2015-07-31,0.004283605730066142,-0.01240135745913662,0.009366428246218694,0.03329294051817189,0.013342806455695744,0.02910997687264727,0.01127006139219966,0.012034515303430249,0.027717801178074097,0.010551065832248074
2015-08-03,0.006125854874214687,-0.012100146937399692,0.011178791951726996,0.03360940885785846,0.015144858049346288,0.03035609217601931,0.011740463120001099,0.012164323373597297,0.029341626866433268,0.00694195879229742
2015-08-04,0.006008566624741141,-0.01222286733161071,0.010637137491493975,0.034925036635301776,0.013871674134378065,0.02454988403330982,0.013239267872499516,0.01199002368978963,0.028798234699690894,0.0078064440962579695
2015-08-05,0.005691667025377933,-0.010663093039793958,0.010532713769641155,0.034908441264743795,0.014074139281492704,0.018791346923257013,0.014348513443928734,0.011846916858019085,0.0301542120614946,0.008426715229547632
2015-08-06,0.0057148685201662275,-0.007401165300550794,0.009528195843879539,0.03600526634381329,0.014035874867319498,0.01605088643760455,0.013119426214728058,0.012379490151609662,0.04142515670363278,0.00974980101924805
2015-08-07,0.006850122846723705,-0.008972673375666762,0.008413645449942386,0.040545831614060335,0.014018199565835499,0.017041138065896355,0.01101390100468369,0.011451531545354277,0.04646386083649556,0.010503567909810219
2015-08-10,0.008003592962945172,-0.008924245680218656,0.008360099545588362,0.040844506439117634,0.014131107285958233,0.015949467241875848,0.011245347396741545,0.013274910270788975,0.04754292543324112,0.01165909224396433
2015-08-11,0.007667778624058874,-0.00956482285182636,0.008490648270702783,0.04020963164190938,0.015010058946764548,0.01521162437077428,0.013551774104888947,0.012049492538485529,0.04749442813259308,0.008728295614371495
2015-08-12,0.007474299911878424,-0.009911672288382745,0.008528104938346548,0.040969751782285124,0.01430376670875333,0.013609839838871096,0.011687828941146394,0.01223991343960562,0.04733934152981867,0.0035934513061175455
2015-08-13,0.007518164289255225,-0.010188217175455483,0.008495044271865204,0.0401007855226696,0.015509039035870087,0.013616974193265019,0.013042425016380754,0.011923634845559139,0.04774717909756698,0.0011663190086532715
2015-08-14,0.00675821179136693,-0.010762126414851192,0.008067269735839266,0.04108877498535102,0.014740293275111727,0.013112702930373032,0.012182794843342615,0.011528217383734773,0.046193159083513624,0.0006512963451454912
2015-08-17,0.006937559034241314,-0.010446590225815289,0.008597018619772578,0.04169103346133829,0.013863377617639783,0.013243831719204957,0.010510721059570738,0.011533589035032987,0.04733865928241765,0.00019244032307086378
2015-08-18,0.007227509880467942,-0.010486625115557757,0.008786243139509375,0.040141082146758045,0.012720108330130486,0.0128143632126001,0.008851059564265018,0.011074250599533153,0.04726323221129669,-9.486096837107993e-05
2015-08-19,0.00751234659483746,-0.010259028328418407,0.008672568463260255,0.039446758221033384,0.013046398845953044,0.012445982747916196,0.008843893777081169,0.011337771043874456,0.04874657097894142,0.0011469682794207348
2015-08-20,0.00742890890564718,-0.01052689568068399,0.00863082232567658,0.04026366868136222,0.011380313887296545,0.009093852639753042,0.006619478283362179,0.01073473830217897,0.048614802247385125,0.002048236880481058
2015-08-21,0.006576659622534731,-0.011168101462648683,0.00800784360176654,0.03935979380187282,0.008670555497001908,0.008633927939930786,0.002227766512297169,0.009708094347840479,0.04704368617344423,0.0011556479909764494
2015-08-24,0.007689226609935096,-0.011434009846376103,0.007993746694809234,0.03929602256943032,0.00699003360202477,0.009028661864811216,0.00029085623878777334,0.0096202473293594,0.04781480518910408,0.0006276081500398156
2015-08-25,0.008317718375561611,-0.009181939241473924,0.007984918972503197,0.04107140386014718,0.007423748790177376,0.007361303897146065,0.0017995131057744196,0.008668073239985308,0.04786598782563134,0.0010236376761885158
2015-08-26,0.00796771954840736,-0.010072036098904724,0.007766059246782975,0.040915049839483464,0.01136418236816894,0.013671521578318968,0.0014164003506271783,0.007915479494334354,0.04774213437705077,0.0023507149244430536
2015-08-27,0.006966769372695358,-0.010294411166960948,0.004368487655015407,0.04193901544373002,0.01189853701919752,0.013035670134515343,0.0026698052053595323,0.0073203548257558815,0.0467744433737447,0.00559259861213679
2015-08-28,0.0067865656433598875,-0.010186537276199337,0.004242821567766786,0.041272072893145495,0.014552254969503409,0.013415092058002953,0.007977506064805961,0.0058196456402197505,0.046710484779513894,0.004410551773307514
2015-08-31,0.006618852559534316,-0.009771958295969663,0.004631425312666249,0.042149033534719216,0.012615826819211806,0.013570229103440745,0.005372105319646492,0.005837039574932756,0.047149569963601756,0.0044779836579897925
2015-09-01,0.006158769877031123,-0.009954903279284388,0.004072151655097445,0.03986723655754654,0.011298931898673814,0.013570057889406018,0.0034979087615025772,0.0051149767773697175,0.04703414193190114,0.004408561483922657
2015-09-02,0.00595466470092898,-0.010512493258669653,0.003974982511894876,0.03963002705244856,0.010929126173563342,0.01328833494590409,0.0010944072215164358,0.0055529991871594575,0.04698541115402932,0.0049880132218542705
2015-09-03,0.007877835261523636,-0.011213578860124307,0.002064957888521235,0.03928519863041946,0.011974240429204697,0.012475312777658454,0.004257204419579441,0.0052718884769855645,0.046670066932039234,0.004493462791482106
2015-09-04,0.008145665074102304,-0.010182370504581484,0.0019332897992518916,0.03861435375617539,0.011119340911779796,0.011702381624467018,0.0037663268528427274,0.005258719777281096,0.04658212225975644,0.002804764109219926
2015-09-08,0.009818303679804297,-0.009351205932101814,0.00820946324416627,0.03828216040142718,0.010263173524264424,0.012057825495028984,-0.005273710150367705,0.005059611730113156,0.04596223029548385,0.003222915367960155
2015-09-09,0.007701050420800382,-0.009400098737586404,0.001392204448448231,0.0378191094815441,0.010375480061922904,0.012051811866102824,-0.005438263508465657,0.003653427429602729,0.04592748591268725,0.004939390762564333
2015-09-10,0.007696236797231526,-0.009891988789368478,0.0013551207155586553,0.037386919075728775,0.009639858872180884,0.011876467577835559,-0.0066311164700755265,0.003742791246629018,0.04572147240000679,0.005870897784404416
2015-09-11,0.006857235066826561,-0.007484632977630246,-0.0009503742135128501,0.03831960625113684,0.007558863612612043,0.011234931346493449,-0.0088585806930509,0.0037129865533800377,0.04473317273620081,0.006363220352113119
2015-09-14,0.006957088294803793,-0.00635664579947659,-0.0007563389353321126,0.038592052852932435,0.0071354847369311525,0.011241286683462803,-0.009396874620648976,0.002111069028206236,0.04581011404012547,0.0058053204579229245
2015-09-15,0.007142114374463215,-0.006430005373721404,-0.0010862691556258186,0.03869143560803967,0.006495533343195747,0.010669325490787473,-0.010563490371987672,0.002156954144077128,0.045474828095657616,0.006417430506964861
2015-09-16,0.006940338473063745,-0.006691309114252975,-0.0012851963505817743,0.039260442093047576,0.004501316792173471,0.007971087824932388,-0.008649235095040786,0.0017418617303990303,0.04543239513600783,0.004865692638715613
2015-09-17,0.0069738378770975995,-0.00694983354748302,-0.0010462405993083568,0.03863560973427149,0.0016134206535218798,0.007116066364425189,-0.01424320107674093,0.0019537447757627113,0.0455290532134931,0.004819617795915887
2015-09-18,0.004357774373385359,-0.010837800089542382,-0.0013516208724762002,0.0378982782098547,0.0007004329472779514,0.006754378917074311,-0.012086425700358228,0.00278307217636109,0.04454499767603082,0.004157452762879821
2015-09-21,0.007559770247857145,-0.005461209264718936,-0.0004189198163137009,0.03447760073182948,-0.03364950556482449,-0.010550282287121626,-0.017281742264594113,0.0029538460763625096,0.04563495558519337,0.004228281667441713
2015-09-22,0.007280831916794517,-0.005442911681131757,-0.00012990304870486025,0.034799426545180534,-0.03431871080395055,-0.01035640892145484,-0.017886491673326455,0.002924810680393408,0.045678098584729376,0.0011663132788028996
2015-09-23,0.006600407703504452,-0.005404414068844843,-1.1338131877147717e-05,0.034454219327845204,-0.03705188495287515,-0.010996518148018275,-0.02243801899626985,0.003241105075076911,0.046007619624904184,0.0012171503403481942
2015-09-24,0.0065630796401883185,-0.004826211704653582,-0.0012725077200416157,0.035254614382708827,-0.0354331128489197,-0.011405667168095102,-0.018607294882788006,0.002512547112350161,0.04595680144257064,0.004173559003213256
2015-09-25,0.006114387689301726,-0.005642836743922519,-0.0027126278966830286,0.004644387975679676,-0.03474025993123797,-0.009869432696450686,-0.018816279827547744,0.0022963250104564015,0.045564095873044996,0.003308277496230305
2015-09-28,0.006228617056452723,-0.005878911962562294,-0.0028531667657958337,0.005220853425139005,-0.036079610651357896,-0.011142786857864184,-0.02010116611761259,0.002409551147363631,0.04589893231284092,0.0025419460251747683
2015-09-29,0.005861041236541187,-0.006092906432412448,-0.0037456704890824755,0.0055566728038556334,-0.03623075269001763,-0.010788200786544855,-0.02074920751892828,0.002279325662484677,0.04629684280057811,0.004028031965900292
2015-09-30,0.005581168019102467,-0.007255159948355128,-0.002977268897551566,0.005185206229161077,-0.03476087961031815,-0.010218361813976284,-0.018491126276915737,0.0019048798719674132,0.046093217541485876,0.004886778991658902
2015-10-01,0.005425872510319785,-0.005777621667292787,-0.0034690785582748296,0.0016236874919777211,-0.03747202461965504,-0.014437873085435982,-0.01958002614191623,0.0013353020569923935,0.045600274615467784,0.004692454942752944
2015-10-02,0.005882386196603306,-0.005978577991406775,-0.003489405195664652,0.004568568124259764,-0.039226194267532266,-0.015605865868549729,-0.021389059274283917,0.0014767870573819675,0.0464958218842042,0.006727481509364308
2015-10-05,0.006700841906144506,-0.005668551148584555,-0.0004233175957082391,0.006243671484959856,-0.03941358025596786,-0.01655716119184225,-0.019922865728480676,0.0005567993129140802,0.047196952390979874,0.009279320661031765
2015-10-06,0.0067937824513060185,-0.0045299140282188954,-0.0007752702852776849,0.006261554584449547,-0.04039270396033057,-0.016731088544190476,-0.021695212643574213,0.0010664535589799407,0.04665971926613133,0.011897730988684074
2015-10-07,0.006758508556863774,-0.0059055429727769004,-0.0008048969097375069,0.006034876859991822,-0.03977797609901346,-0.017233643963749268,-0.02049289784817021,0.0009257129147237642,0.047459610408240094,0.012418043605919804
2015-10-08,0.004858651563436345,-0.005998684930597187,-0.0016868562149997546,0.0050609279018754005,-0.04093587776254548,-0.017346200226132757,-0.02411941326534428,0.0010413023921869158,0.045996705230704205,0.0094722651445871
2015-10-09,0.004592857423910912,-0.0060370178887778625,-0.001857224758961551,0.007515415563809302,-0.04205945849102233,-0.01790152507819287,-0.02783479301825431,0.001125871412181123,0.04561910052053819,0.010877257592500689
2015-10-12,0.004313849739393305,-0.0017043662670790383,-0.0020610551952048306,0.007930492567565839,-0.04409449423348932,-0.017450310133262037,-0.03224706070151018,0.0014676670226394517,0.04683469060029499,0.014314741117775975
2015-10-13,0.003930806686376798,-0.0016556867770541883,-0.005867767413127001,0.008478897837421728,-0.045565138267701366,-0.017518467198148868,-0.035383951875001096,0.001442042982753966,0.04687660039021413,0.01347593476279485
2015-10-14,0.003696801548776607,-0.0006031247783395699,-0.007160933676453651,0.008835459098093912,-0.0461217214459726,-0.018747611176490042,-0.036381678781305604,0.0010480963836267954,0.04574882133021996,0.014894192089850877
2015-10-15,0.0028627706421169297,-0.005887248782884602,-0.00778045322868981,0.009976027469251969,-0.04715745918046799,-0.020303685988567355,-0.03856336076386335,0.0008092596211197733,0.045409625010479404,-0.011107175376899092
2015-10-16,0.002908984903338796,-0.004645741384947333,-0.006762889739569511,0.009619946006399926,-0.04428170480462823,-0.020604704000399043,-0.03174453114576736,0.0006010794449851087,0.045872375118010345,-0.013123243700708054
2015-10-19,0.003313835757597028,-0.003456896979044166,-0.003997728677913481,0.008094470176259305,-0.04503349109104193,-0.020934457247170468,-0.03276652661448043,0.0008581872171276039,0.04866651445334225,0.021698874965951465
2015-10-20,0.003290338896668077,-0.0020604133522631463,-0.004167923513803795,0.008844363011492495,-0.045000541196951516,-0.021104669659658737,-0.03174552488664595,0.0009596101440783045,0.04803857316730631,0.023714092693239763
2015-10-21,0.002110166048368667,0.007050473510741728,-0.0036620628521057963,0.008007812422552885,-0.04581089946216221,-0.02235642280529926,-0.03208445956773409,0.0009710188604288295,0.03996559489224083,0.022702464900854258
2015-10-22,0.0008234504148691979,0.02182004258451431,-0.004487377042757701,0.0084182863942881,-0.042412246510881824,-0.022236197256215173,-0.024399499326831164,0.0007883812645002042,0.04020695565924903,0.02135336419925804
2015-10-23,0.0006374789831149474,0.022698278225812274,-0.004646391032218644,0.008048042865233862,-0.04274680886845361,-0.02179670136809342,-0.02517095497124644,0.0009378869971663484,0.04455233237529854,0.021935183815834147
2015-10-26,0.0030568826839143526,0.017139560864021908,-0.004123992759049289,0.0114253887836262,-0.04626353689944618,-0.02210567168800648,-0.030833107019608286,0.0007564871553304986,0.0455473890896112,0.023079877631996037
2015-10-27,0.002284760511756856,0.017508479015386547,-0.00445730828988522,0.009833989147886246,-0.046922005248506315,-0.024067917228028035,-0.030218949440387943,0.0005586050105748086,0.04566036490159853,0.025822941084322926
2015-10-28,0.003413351022956368,0.017111195341137808,-0.002537416604199594,0.009781156723430495,-0.048998720192595324,-0.02672472124704217,-0.03072087960980774,-0.0002058822346250322,0.045385029670817145,0.0242787913773983
2015-10-29,0.0020508806356374087,0.01615248445777051,-0.0028864936986152667,0.009210282874541731,-0.05142632854919538,-0.0278888196118684,-0.03302484125094429,-0.0005399324394552707,0.04383708830284405,0.023701940108188158
2015-10-30,0.002312750555137688,0.015803341837378193,-0.0016029120539704511,0.00861156562035692,-0.052791666119683334,-0.024817685245512977,-0.03704279210790429,-0.0006855156028052756,0.04424506902912895,0.02344463993229695
2015-11-02,0.004932255508832695,0.014664034110715374,-0.0005549752141421616,0.006470692074583839,-0.05415889277053065,-0.025322952084104067,-0.039074875103950024,-0.0006483309928724257,0.046229197569497504,0.052037183817081
2015-11-03,0.003912592245769231,0.012742956889293389,-0.0005709695195896813,0.007925773854634555,-0.05307747564555931,-0.024975294045647356,-0.037552532883791234,-0.0005583325367053416,0.046161281584002234,0.044083959795613525
2015-11-04,0.003033184260383459,0.013475664461902515,-0.0006128428759915039,0.0059276452388810075,-0.05502819127192604,-0.026980665043094043,-0.035373412285861994,-0.0003184494111636571,0.042439878216693705,0.04210111648396153
2015-11-05,0.0011164159283574282,0.012492754759542368,-0.0006761718272865203,0.004085706337062511,-0.055297027386296715,-0.02771545869312675,-0.035374262313614624,-9.856711480360492e-05,0.0465587329186925,0.03673524873305101
2015-11-06,0.0005520767847295716,0.012754147989896047,-0.0017281858095901104,0.00495986058383302,-0.05544605697381477,-0.02627240854123758,-0.03480553077530224,-0.0007963004753596126,0.05351410120156763,0.03665031364142468
2015-11-09,0.0003619975782782614,0.013524914109044994,-0.001682620452288841,0.004213403601439181,-0.05520856426192944,-0.027289499692601416,-0.03244005863199828,-0.0010194981490934119,0.05516938021199236,0.04059299893218138
2015-11-10,-0.00022012314891195484,0.013555850440462036,-0.0018987090738703527,0.00384206637886364,-0.0554816496019187,-0.02792964865737202,-0.03240974880756908,-0.0011708021224072773,0.054703052561257515,0.0406439890718735
2015-11-11,-0.000573113607491682,0.010473201649129127,-0.0020290317673768987,0.0031863668818210567,-0.05420506926240787,-0.027670981499935854,-0.03041455278402916,-0.0010611999737177857,0.05534755293892113,0.042441167457031304
2015-11-12,-0.0006675307652996842,0.009898301071078475,-0.002216145672926162,0.001848100143510223,-0.05604261335181748,-0.028258246766009743,-0.03347382569628554,-0.001184273458912366,0.05452258288358225,0.04210691005615641
2015-11-13,-0.0010624623318545856,0.009924068193484015,-0.002552894051682353,0.0022796111629277416,-0.05604209821817285,-0.027850494611776133,-0.03397234082657963,-0.0009478751751272885,0.054055643785659635,0.04222163382850419
2015-11-16,-0.0012176365583597137,0.009844790661034164,-0.002313716398840815,0.0030046359342683626,-0.055412911855856395,-0.027809826201381616,-0.03320635461468491,-0.0011426745283678041,0.05325748514651507,0.04212839462668749
2015-11-17,-0.001215887273930183,0.009722529858233964,-0.0026329390838770728,0.0029420736295147076,-0.05693715113484654,-0.031405938778331866,-0.03188204373966985,-0.0012273754258510516,0.053249941618907615,0.04326197841636836
2015-11-18,-0.0012625375746054823,0.008949297611298368,-0.0027804179803421203,0.0030520553045454424,-0.05587159405631581,-0.03142675424822072,-0.029892389116325635,-0.001008997082274421,0.05324210006723362,0.04516194629928694
2015-11-19,-0.002967831907994989,0.008555120202593747,-0.002337525029343368,0.003190899400747904,-0.056161238814532166,-0.03228460911435971,-0.02959398145445291,-0.0012234431885208563,0.052410564143323235,0.04796980837961029
2015-11-20,-0.003225650345555886,0.006669936638095342,-0.0023589033316959718,0.0019216418114023082,-0.05613120384486747,-0.032432723876821945,-0.030032384997972783,-0.0005793304514336572,0.052302150960171545,0.04814481872233345
2015-11-23,-0.003103954249595642,0.0073794962945654685,-0.0024422108309438695,0.002754027701018069,-0.06164941548093117,-0.03804626752052753,-0.028075109961995692,-0.00015188348974459753,0.05318954348685323,0.04595948786899129
2015-11-24,-0.0035029713359757686,0.007098277275273013,-0.0022766631257900016,0.0027017556600159587,-0.06077515939903222,-0.03808000239710285,-0.03078939976116346,-0.0008913483878899564,0.05313929389576266,0.04482462181053859
2015-11-25,-0.003427771075124375,0.007465726527903227,-0.0022071062604955838,0.0018712511741816318,-0.06109774074806307,-0.0384274451489941,-0.031565059186648314,-0.0009489858946105656,0.05314683958136501,0.04424219425760656
2015-11-27,-0.0031836224047203654,0.006986346626301376,-0.002525790116539972,0.0013406729288218955,-0.058659538369595254,-0.03814782221528312,-0.0277517872427121,-0.0003188905618202176,0.0529932425598203,0.04266828250824206
2015-11-30,-0.0025561890502635576,0.007497039962636176,-0.0019675212516109264,0.004084398726839966,-0.058702327764853734,-0.04176775319536741,-0.024532471222090235,4.538893563910129e-05,0.05380367312577139,0.04150054578800355
2015-12-01,-0.003010920518178972,0.008089047152651796,-0.0019002104950104348,0.0030304356181749537,-0.06004914722045396,-0.042360771006942244,-0.02562585930262029,0.00016817923177514515,0.05383564197285784,0.04201068360590732
2015-12-02,-0.005142482876446586,0.007723619876996768,-0.0008233190254106626,0.005009365084484241,-0.06003412529968577,-0.042224167857508155,-0.026408303776448427,0.00011881734152541235,0.05382536173755015,0.04150160586686802
2015-12-03,-0.005165139725149759,0.007726474934643512,-0.001054330446413676,0.0044049860803272445,-0.06095027535514386,-0.04160823232873212,-0.031227321221660498,0.0003028900902142251,0.05381797357222462,0.04282088128596784
2015-12-04,-0.00670313534271838,0.006868526017832055,-0.007283502413958254,0.0035388124910371577,-0.05911837165992384,-0.04207362870063769,-0.01931853069564249,0.0003405434222207848,0.05448016402421896,0.04179463527206617
2015-12-07,-0.004197567131671742,0.008293432621506946,-0.00029436780113845096,0.0038793113282495906,-0.05863771214011959,-0.042154822169726214,-0.017380092946523873,0.0016116306865860963,0.05543311257317107,0.03846732091051397
2015-12-08,-0.004589505773298308,0.008426762209848171,-0.0006057706344140268,0.003459625761607743,-0.05834746957811998,-0.042290750680946565,-0.01605963364116847,0.001362179828125365,0.055575437366251146,0.03631291421371241
2015-12-09,-0.0039116144458833935,0.008621697205994039,-0.00010150545229636876,0.0031634167955054693,-0.057892193120541835,-0.041963470549006954,-0.015424285162453422,0.0009176103295756022,0.055661564633558536,0.03562919905715689
2015-12-10,-0.004177218249362125,0.007876440331623158,-0.00041302635208906313,0.002877591603993368,-0.05791897851054728,-0.04244814193740276,-0.014733919177189025,0.0007408700483275688,0.05455708481746169,0.03674450689789599
2015-12-11,-0.004381598209852622,0.007839924760504324,-0.0005958010127614655,0.004226472410653992,-0.05738987394668871,-0.04203735159944444,-0.013611765148980659,0.0008107873096239171,0.054620999607878806,0.03525968172817695
2015-12-14,-0.004802514338884456,0.008730541090386401,-0.0011728389497737135,0.0032140180940030127,-0.05535859004792332,-0.03887349887091596,-0.013312409620612087,0.0016069272343384178,0.055325606315242526,0.03556595817170605
2015-12-15,-0.006213229731977243,0.008156257388918231,-0.0032547016022878017,0.0024655948652405613,-0.052632182485542356,-0.038908218712878195,-0.007417989659778468,0.0016201480141608826,0.05463277321434745,0.03656976797615519
2015-12-16,-0.006379325444184958,0.007691805111393446,-0.0034828057614767483,0.0026437965520702544,-0.05256712525061635,-0.03963469628351324,-0.006579168378100242,0.0017047869089361622,0.054140232928208576,0.03592031650668592
2015-12-17,-0.009441172079149962,0.002130799684576523,-0.00453184636526871,0.004229955225521387,-0.019876656953360716,-0.018817903064386576,-0.00262770937679091,0.001573683077438215,0.05256604673787568,0.03514322695360006
2015-12-18,-0.009154789773654248,0.0023243933010685947,-0.004926070765388979,0.0022501401511623165,-0.01921085364549724,-0.0186688233370913,-0.0025750521466065823,0.0016754578676472232,0.052567121373990444,0.0378981072458906
2015-12-21,-0.0021493167969303117,-0.007500825483890861,-0.004372863146812844,0.004624209468194085,-0.019078775875854936,-0.018099758242106967,-0.013715657259938618,0.0016097776765267025,0.053103148954997126,0.039345519165426834
2015-12-22,-0.0022136559543273204,-0.008614059531167895,-0.0033189919862275374,0.00372399856304928,-0.021301103360589324,-0.017877982417787375,-0.018847315440081558,0.002026724530627355,0.052540668970921134,0.03928406744012425
2015-12-23,-0.0020793165621273424,-0.008909987828145893,-0.002720481663333274,0.004561851178067622,-0.02020649793544116,-0.017782626077397,-0.017367608611297825,0.0021001365861388344,0.05242128038125893,0.035277676305171646
2015-12-24,-0.0022254009068165548,-0.008496676050110508,0.022331855243334253,0.0041460284331593655,-0.019589455247785548,-0.016630458492800537,-0.017524570993381228,0.0019609049153781477,0.05218609939500474,0.03588636252441657
2015-12-28,-0.001834575671349925,-0.007607631113257907,0.022750766956257218,0.003970605419455264,-0.01973223350292508,-0.01705983659290311,-0.017133432449393804,0.0021690615577525385,0.05341864569624444,0.0356037199425594
2015-12-29,-0.0013473562380771353,-0.006918866830677328,0.022730042083263235,0.0036059799381420454,-0.02013773332375579,-0.017588961273676373,-0.017565921345844115,0.002258730062920433,0.06510904650933291,0.03471985758652041
2015-12-30,-0.001014543493325415,-0.006835730924885097,0.022928226329062662,0.006903360974330086,-0.019792365550169055,-0.017617810792917354,-0.016875447613493022,0.0028344421318144963,0.06501096128292594,0.03442837771296858
2015-12-31,-0.0010301441273565803,-0.005914952621439262,0.022765659301208663,0.0031953793516308338,-0.01866859903652829,-0.017729054208416417,-0.014724702587488814,0.0016770254094768955,0.0644608733762333,0.03560194758211965
2016-01-04,-0.000650782731633992,-0.005347947207184234,0.02367640424089168,0.0025113571541410806,-0.01725931607427167,-0.016390462113086923,-0.013798680814964936,0.0023311308619740068,0.063089215249448,0.030494299683123005
2016-01-05,-0.0006883270229591787,-0.005320116487214976,0.024537598963592533,0.0020531713425298026,-0.016261317688002763,-0.016195107769061745,-0.012164727789754748,0.001958279346528702,0.0636571625230995,0.028735173170811645
2016-01-06,-0.00026587443298287106,-0.003824315746462914,0.02483022188704842,0.0024084008269766866,-0.01538838134520415,-0.015710660291563427,-0.020187275069557975,0.0018458195494592822,0.06313088575028702,0.026961677226148728
2016-01-07,0.0008561994471179002,-0.0033818960329871084,0.024573443824667196,0.003036356388114836,-0.015700829249515214,-0.015787161443576392,-0.020194554317196522,0.0010466336395453801,0.06287604404578184,0.03259943165762014
2016-01-08,0.00026649340755202644,-0.004342240565352706,0.022208483753052066,0.0004519808236613798,-0.016062519257629915,-0.015461392920074313,-0.020902401790990677,0.000331213552643872,0.06144775184265261,0.02834403858037282
2016-01-11,0.0014017485912929395,-0.005752572105041098,0.022606504428042795,0.00017585354829985356,-0.014901493033589897,-0.015383661309294472,-0.01850422593926493,0.00030728925656386963,0.05941344164404416,0.025354246255742785
2016-01-12,0.0010289831682994688,-0.005255100997664464,0.023516646146285902,-0.0011540898063655547,-0.01963200406169019,-0.015482589598255991,-0.017722568516471804,-0.00037052701480355665,0.05913271422558797,0.025127623624949358
2016-01-13,0.000861620338444169,-0.0066026210970182575,0.02328799549014149,-0.0015777939040235722,-0.01833943486081402,-0.01425513398173317,-0.016960261123206255,-0.00046335032284516853,0.058918443417325106,0.024833680642269096
2016-01-14,0.0031255858389751534,-0.006212629603596365,0.023752450929219737,-0.002530562369992606,-0.018170172661925332,-0.012792242602600368,-0.017970451768602014,-0.000987877876915344,0.05904974616989156,0.02098192239130392
2016-01-15,0.0030051030584239413,-0.006467044158215973,0.02243740677060435,-0.0026042380117019537,-0.018206259796120894,-0.011876107539437464,-0.019371969466234207,-0.0008258581929233566,0.05851223561274388,0.0201690899957776
2016-01-19,-1.932515035785176e-05,-0.0062849479413540354,0.019014147624657696,0.001109256560168026,-0.017369041006687347,-0.01105188046924166,-0.017255630388846144,-0.0012044457481868998,0.05870866667063801,0.013034065818442686
2016-01-20,0.00024223254238542324,-0.006251001734463579,0.01802544996738864,0.0011509868908992082,-0.016913142677605575,-0.01092209988788062,-0.01665494909978904,-0.0013688381125384064,0.058967372693353504,0.011377266462863744
2016-01-21,6.638933718816631e-05,-0.005808262280203813,0.016325185410682508,0.0018996286794363826,-0.017431958146104876,-0.010769639703658074,-0.01697086639877765,-0.0019561579997241507,0.05893268850600464,0.012670767228349034
2016-01-22,0.0004621463690053229,-0.005841899559752672,0.017655144116929034,0.0018839814375020136,-0.01947614294191924,-0.011045482251908156,-0.02097835561815009,-0.0021451200031061823,0.0572605531278183,0.01390030837050582
2016-01-25,0.0012999197750585,-0.006330911406825512,0.018183598427489178,0.005982995717098039,-0.0215581966777163,-0.011493637865798267,-0.025042744575867526,-0.0020452576732695738,0.05258766064450349,0.014869521740840774
2016-01-26,-0.0017566340849688444,-0.008281955285721732,0.013924593545585617,0.004589156138083528,-0.02199068403254223,-0.011705632616758943,-0.026734705685837357,-0.0024681588792859754,0.048154923138532535,0.013469171806492986
2016-01-27,-0.00277672694970188,-0.011745033116522419,0.010753077166795189,0.006640292700646588,-0.022418939145955497,-0.007897145632759561,-0.027266691691116618,-0.002011542397189925,0.04127641457746267,0.01165222658220122
2016-01-28,-0.003229609246754861,-0.011826192081519138,0.008450891799326898,0.008539703931590203,-0.022052000911082725,-0.006655304579305743,-0.027678611816322474,-0.002591922480991604,0.04345507872435861,0.01190455002976143
2016-01-29,-0.006151451294145183,-0.01221970729358346,0.0049540684327264994,0.01218896898651689,-0.01920441055335287,-0.005752157145590631,-0.024214289793605848,-0.003222016163026531,0.0432510679012037,0.011810778889786766
2016-02-01,-0.006378630405073471,-0.010017681379469234,0.0023602650834166905,0.012564696691258037,-0.02131046990679142,-0.008682377625161997,-0.027732724086180216,-0.003748976022665773,0.04387166759028904,0.01233825940532629
2016-02-02,-0.008985472565195884,-0.009536294544944979,0.0016207858147572196,0.015210747587644846,-0.017544254603336085,-0.005011927396411209,-0.02538662435294703,-0.0033123229268493537,0.04358092692304294,-0.01396694841031676
2016-02-03,-0.009623937082291367,-0.009058746183901789,0.0005391996504608976,0.013626525800908729,-0.02121607096260225,-0.004797053267475815,-0.03321112356814704,-0.001196907369851452,0.04359596214020933,-0.006415479148819236
2016-02-04,-0.009789490383666277,-0.008741156245578696,0.0006189118286878958,0.013143244638288643,-0.020122186331033798,-0.0044465768010278905,-0.035831742485178286,0.00044635782443291916,0.04210513333419463,-0.0037249934113912087
2016-02-05,-0.009539907390352709,-0.007559252177491316,0.0006968573210641704,0.015094123417814576,-0.0187538591774421,-0.0035847451057577917,-0.03436713246192491,-0.00034921218466210657,0.0364061278687875,-0.0009379570760246203
2016-02-08,-0.007979909561482201,-0.0067936332827437385,0.002621182102968911,0.017273143691573845,-0.017516345145734857,-0.0046311937528374925,-0.03533281929416521,0.00015403252496448694,0.030271608261309257,0.002176071431016835
2016-02-09,-0.007996128430488358,-0.007735320979148419,0.002630079851620337,0.016854635754545155,-0.017395838568434185,-0.00351973374295389,-0.03778364541100587,0.0002837738485097496,0.028663628142018727,0.002814362687040939
2016-02-10,-0.007660119527369558,-0.007700523860385888,0.002826700207336774,0.017820368907551343,-0.016860422660665786,-0.00285748773188077,-0.037362542137523325,0.0012560582122520536,0.02951009509435365,0.00309712302848264
2016-02-11,-0.007926970649106635,-0.005734337678266588,0.0026788444620522434,0.018887766954279073,-0.018489275394369065,-0.003036543666122604,-0.04100429965625274,0.0014325758556272827,0.02944589380643614,0.0037031795867901174
2016-02-12,-0.00810380570010183,-0.005527598323716187,0.002636480061841917,0.019270586589504424,-0.01862975252620891,-0.0024141946014402116,-0.043710059479754704,0.0013203553902272347,0.02935127099214374,0.005797002030528464
2016-02-16,-0.007823579533806968,-0.004381950738878704,0.003167793530921559,0.018881814923402684,-0.018226525173177466,-0.003658903003599945,-0.04322325490760248,0.000562848798743687,0.03120807503700962,0.005448260262521876
2016-02-17,-0.007708920493823768,-0.004188992225174104,0.0031759247084914843,0.01802764780674382,-0.01854630227870957,-0.003772061951208272,-0.043897088042336274,-0.00029174603689363643,0.033023010664182895,0.0049659606434036
2016-02-18,-0.008112495558688426,-0.003862521309927258,0.0026981313319036637,0.016663482662627516,-0.016654036398197403,0.0006363618531370907,-0.04544893371051495,-0.0029537168281505988,0.034701738897721324,0.0031822735461084495
2016-02-19,-0.009096976002732071,-0.003415570237285004,0.002196380665629105,0.016959542883537404,-0.017847207622383232,-0.00015290679396651186,-0.04697406434475648,-0.005044999010645257,0.03478417959619007,0.0033529259010240953
2016-02-22,-0.008713377942575207,-0.0009948007571805029,0.0024372395427048055,0.01660477419437867,-0.01755801586195005,-0.00015584870825191555,-0.04639028096185094,-0.0055718328243399284,0.035641096057962285,0.0021583734929502274
2016-02-23,-0.009176623956561492,-0.00104581190914943,0.0022831862218313237,0.01620589812120099,-0.01781022229522533,-0.0002743371884300627,-0.046833364339131656,-0.006381544992273169,0.035727725428916335,0.001778691773374641
2016-02-24,-0.00931666789610286,-0.0016142525307378808,0.0022631393909189335,0.014165820476888857,-0.015871822219905796,-0.0009031392625493684,-0.04854747611949095,-0.005507200647986044,0.03489620280580907,0.001811776173097135
2016-02-25,-0.008714945916477035,-0.0013917129591425326,0.002205783049793908,0.013953631032034952,-0.019644119859048903,-0.0010814021452538736,-0.04827419160531221,-0.005295835360466072,0.03502038174528077,0.003221465786513722
2016-02-26,-0.008774625154148508,-0.0016718601893048746,0.0020756810159725525,0.011612067100611911,-0.019079318991244154,-0.001268119679645019,-0.04586376888413202,-0.006277436081942422,0.0356907574266645,0.0029614735982148588
2016-02-29,-0.011655074429145929,-0.00413303151571498,-0.0016459967099289319,0.007511135873991659,-0.021604914293924304,-0.008482046417427114,-0.04809745666830867,-0.010110522214913042,0.03312272854990428,0.0019961380007462726
2016-03-01,-0.012367032902981467,-0.004927120997179846,-0.001700686791699768,0.004946332323952474,-0.01792845493092876,-0.0006485362851731402,-0.04886811114653222,-0.012809522264059625,0.03235439945718821,0.0057238881356624915
2016-03-02,-0.011562611963119473,-0.004679049911375133,-0.001096507861075735,0.005534331003243187,-0.017210784408441704,-0.00011022165363239189,-0.04754341527711725,-0.014219758625408141,0.033672275697625764,0.005805485598707749
2016-03-03,-0.012202744910206675,-0.004662158413999751,-0.0011886846221054181,0.0021516999831947548,-0.018382693250293625,-0.0005039479142758818,-0.049468899777524,-0.014696797224715175,0.033682899848274994,0.009153508907363328
2016-03-04,-0.012703644083963406,-0.004412213361176476,-0.000985369626336663,0.001670937355752411,-0.013745737651964074,-0.0005849253624529149,-0.044290123967422934,-0.01543566121435691,0.03313517550582179,0.011625059957202533
2016-03-07,-0.011855987093443265,-0.003336982966050339,-0.0005291107009312013,0.0030206515282276136,-0.014482092541998393,-0.0005556195351156257,-0.04722559227599643,-0.015583305802440162,0.03394062362773109,0.011805702587039946
2016-03-08,-0.011633064369251489,-0.004771491196910449,0.00033677788804364894,0.0020343833312581605,-0.015115214159471035,-0.0005144180837274304,-0.04922539224730216,-0.017343825032530513,0.03300013520419265,0.013335610332217307
2016-03-09,-0.011278528729073645,-0.00446031879749631,0.0021970991945672314,0.0027313266168158545,-0.014629374563471464,1.6176185869909432e-05,-0.04927282242857256,-0.017814834958148285,0.033134534525591564,0.015454355854294777
2016-03-10,-0.01075078840544419,-0.004322479773899768,0.0038647160954481397,0.0035064700049505237,-0.014008424130371178,0.00029386161885902595,-0.04915359842780298,-0.017694808468248557,0.03316564935204336,0.014350092655336821
2016-03-11,-0.011946734427464967,-0.004078697571593071,0.002924215650981221,0.003570387397260788,-0.014853847614900939,0.0006553303647920394,-0.05045527804712058,-0.01845810573554385,0.033127709188709886,0.016447691288273614
2016-03-14,-0.011318463011188662,-0.0035620363920255693,0.0037680226599086097,0.002710403883530832,-0.015419895879429046,0.0003521967929038805,-0.05070686468749508,-0.018571464768629142,0.03393333400068932,0.018316967186861488
2016-03-15,-0.011147791318906752,-0.004599947563948548,0.00405565647659567,0.0038563896600034564,-0.01553501259250345,0.00015516703281037714,-0.04960235742029995,-0.019001468719696213,0.03322351965089698,0.016883173238130933
2016-03-16,-0.009732371176002452,-0.004308041261077755,0.00616107598025839,0.004870358718847001,-0.016082705523583596,-0.0010793512996409849,-0.0498474496007868,-0.01906936365540135,0.033930887695577505,0.0159408451847467
2016-03-17,-0.00929251642825879,-0.003853659701969381,0.006759147700378998,0.005550353317008927,-0.01702567814423306,-0.00037857637239158137,-0.05282606457920158,-0.019427881539365588,0.03438997386120768,0.019408044782339262
2016-03-18,-0.009181510690118855,-0.003317410042521174,0.00757380787140205,0.0034387638398927223,-0.016539308440440048,1.4955159620022584e-05,-0.053599151036001325,-0.019630578689065814,0.03480540815372901,0.021456425639406307
2016-03-21,-0.0038102779086238714,0.0045264766709887105,0.008380272785009746,0.004878449650411065,-0.016756871155905295,-0.007631770649001668,-0.06616454056919019,-0.01948022100278446,0.03586490477361726,0.022134475674679077
2016-03-22,-0.009815655719530691,0.01488981297165437,0.007250481977027823,0.0027313418994547867,-0.013993734217585763,-0.007325451168343822,-0.05025666379546745,-0.018931400525708075,0.03576453799500534,0.022902409889868913
2016-03-23,-0.009651347298105795,0.015313037539185892,0.006853020902172657,0.0033718976648433596,-0.01310058411977999,-0.0069084372426937435,-0.048680892869198744,-0.01915333370990946,0.036336684451313106,0.02373734998144217
2016-03-24,-0.0103008894151001,0.016017637456607003,0.005660857157294252,0.002479634005705389,-0.013962412491972498,-0.00787697354452399,-0.04894379145099659,-0.01968400330340736,0.03641888004602567,0.028164975099812972
2016-03-28,-0.009994650675817285,0.016745293190697508,-0.018099395841574717,0.0028661520018045117,-0.012830783302737792,-0.007288759605803774,-0.04742688262827133,-0.01976211218824142,0.03776281508355961,0.030521371707442624
2016-03-29,-0.00983631227738535,0.01651705043941254,-0.018148957681858646,0.0021000447245422826,-0.011192845329752732,-0.001838053454973121,-0.04780472408461178,-0.019489344572787504,0.06332828403957924,0.031472629049309475
2016-03-30,-0.007207503873663534,0.016476799586126578,-0.01809741817728605,0.0024108410254954915,-0.01076926565155878,-0.001485272131179216,-0.04739599901933844,-0.01943620006548885,0.05151487586384995,0.03490490764668763
2016-03-31,-0.00738130283639471,0.016132495625179155,-0.018728042777788834,0.0021129250457903037,-0.01134619838061246,-0.0011841793731076633,-0.0488710580388515,-0.01975601873432853,0.051230895002888355,0.033083926961803733
2016-04-01,-0.007337361434567868,0.015601601741424664,-0.018557446767505148,0.003007036575894073,-0.011580125474883296,0.00020190156051680397,-0.05063565614501708,-0.01858185501904086,0.05182576676688244,0.03281149491623103
2016-04-04,-0.008983122649036335,0.015090269936542722,-0.01903431582086479,0.0025720948379752695,-0.011410600636436063,-0.0007647351016891735,-0.05005891294236475,-0.019141988715363878,0.05369506284423031,0.03563020759182134
2016-04-05,-0.008660979781700773,0.014559321587338081,-0.019493951047789504,0.0029179449334897356,-0.011470334474715904,-0.0009237688972304481,-0.050675369932080105,-0.019003013805626745,0.05420094383126384,0.032519302338775535
2016-04-06,-0.008476841597671703,0.013280169389573437,-0.01899907383782906,0.002781793388931142,-0.012068698953266455,-0.0008636485731460253,-0.04287674923125895,-0.01945092557196293,0.05415146107297697,0.03415066566275504
2016-04-07,-0.007708665535421266,0.013294522753823479,-0.018237764605801177,0.002790781277163479,-0.01130586451518012,0.0062450607530861735,-0.0418515826446485,-0.018629940974111747,0.054467933603909335,0.032818978140252586
2016-04-08,-0.006616710972294881,0.014547244425877848,-0.016132621741733355,0.0024422085192921106,-0.011516758098826352,0.005896049039810114,-0.041679914118452954,-0.017833995167501282,0.05550690578147921,0.03716810872146592
2016-04-11,-0.007237828644585886,0.015598028021452048,-0.015707150609238663,0.0024487404308606298,-0.00925427078364327,0.005788456370300787,-0.037511357144036084,-0.018289984376853252,0.05736832484570309,0.03849684703008549
2016-04-12,-0.006143314008095979,0.015269187815546426,-0.015585047971558796,0.003683876980722145,-0.00417361476786926,0.005994793680572208,-0.03750212632374006,-0.019312353437114016,0.057815376634290816,0.03913833265573974
2016-04-13,-0.005570822781530205,0.016425231417730224,-0.015062058476374873,0.0045955356023639204,-0.003637157141047842,0.005885394084471862,-0.036348982049147605,-0.01910263053798955,0.05824364003882754,0.038390914845250146
2016-04-14,-0.0072492890639845875,0.016190396350641123,-0.014778601396185143,0.004689504855848181,-0.0031088655220795625,0.005535834787690819,-0.03516364229806257,-0.019742591434737444,0.05843823170590956,0.037983315032454223
2016-04-15,-0.006879240766522687,0.01653142098208571,-0.01341444181391871,0.004908703761170363,-0.002868586983778343,0.005432986098711012,-0.034400945135808714,-0.019816028006184205,0.05959803695085042,0.0419329530900705
2016-04-18,-0.005382158385665359,0.01738897892914193,-0.009534015626119108,0.002956769643229329,-0.0030619739588014783,0.005103929001845753,-0.03584515980310421,-0.019392055135847963,0.05952193400499417,-0.013851895164399886
2016-04-19,-0.005239575556069909,0.017368451304151877,-0.007673713567268203,0.002542829364543975,-0.004795655350504746,0.005003649217365069,-0.03637445314579413,-0.019525517588722674,0.059282290138842564,-0.01125475374361884
2016-04-20,-0.005306944753366349,0.01600301956430017,-0.0061339459588255485,0.0037114658488897057,-0.0031294619110002753,0.004808102812604131,-0.033937019800467594,-0.019088867728097036,0.05870708228263943,-0.012193443588779163
2016-04-21,-0.005631320401665141,0.015372104757336968,-0.006575935336670891,0.003348138917288246,-0.0031966410882613427,0.004757497874059657,-0.03423662483834,-0.019076745854319066,0.05706208288269643,-0.013794206636091766
2016-04-22,-0.0060665694396436765,0.014053478243652995,-0.0069794303393908574,0.00015864982930957616,-0.002493923487639216,0.004696049500925836,-0.0334898297546099,-0.022369601704009923,0.05419056159390245,-0.015308142031070116
2016-04-25,-0.004541525347986686,0.01573635397496309,-0.0025967362058230137,-0.0047210224051535965,-0.0009790199435982805,0.005175662927909164,-0.031346932139366235,-0.022154192044060106,0.0586501158446715,-0.016046331038151673
2016-04-26,-0.003601391190114156,0.016804108036031273,0.00034821991646705186,-0.005023728265543093,-0.000878821046690792,0.002835795931252161,-0.03122372992974287,-0.022411345397329474,0.0603728249751363,-0.01478870846607272
2016-04-27,-0.003469407420020887,0.013302518867514657,0.0019421760449289671,-0.006151803258680699,-0.0007836075860472302,0.0022214600835230858,-0.03034866128125735,-0.021973622987226493,0.05027498995422053,-0.01570404272740955
2016-04-28,6.814473458560677e-05,0.014242443584897124,0.005547802888433484,-0.009165313141463849,-0.0005145325321350702,0.0051137434453276676,-0.03015059237694906,-0.02248117261057514,0.05268303246688788,-0.013973842188324759
2016-04-29,-0.0005024085498667175,0.013468142506721792,0.008545632171715445,-0.008863069281476621,0.0048813297644167974,0.009077377036953882,-0.021437967916877243,-0.021939097782753936,0.05885229939976355,-0.014456035884001461
2016-05-02,0.00015585939411444372,0.014639998706563073,0.008831003738668075,-0.008262093335029141,-0.0004561192733512076,0.008561680393599946,-0.024333131085748416,-0.024213425406258815,0.059043964131799465,-0.01270701542919328
2016-05-03,0.001731543357302856,0.014296546315905712,0.009991745388576279,-0.009172494220153427,0.0023814825731602873,0.00805762706947255,-0.01818916705395357,-0.02624064182871433,0.05988876081601724,-0.014156225095213304
2016-05-04,0.0013785428048609383,0.013688323748818787,0.01001640191216735,-0.009132362678047845,0.0030200681092893422,0.007879842018848393,-0.016650940161662686,-0.02760903386162994,0.060050202687432996,-0.017127519323740237
2016-05-05,0.0017395976609537733,0.013629345499580614,0.010083249037937447,-0.009855084557241711,0.002481973768195145,0.013657633577380812,-0.017100113725347477,-0.02720744851944079,0.06291029479362975,-0.015828017908030678
2016-05-06,0.00034260918539974483,0.012909482334569455,0.008999967311781987,-0.013192414551277065,0.0007215901710724282,0.01298358252090459,-0.018010308034287048,-0.0285877812286649,0.06229045568858349,-0.016988936147617872
2016-05-09,0.0008793346336251062,0.013532455472333949,0.009462433648974145,-0.009873154384619665,0.0017464161344602491,0.013466657468221399,-0.014837749690325919,-0.029726322664492044,0.0629734831162172,-0.017948953745665408
2016-05-10,0.0009019188528871513,0.013475218061479444,0.009451807571372539,-0.010667083175861736,0.0012434069450966145,0.012934516980164013,-0.015758366423137327,-0.03399449835937507,0.062180132723576476,-0.017311737200847443
2016-05-11,0.0014120738670877486,0.014724345089607072,0.00970909181912405,-0.010050734501434788,0.0015506279750645557,0.012764419276685146,-0.014695228620451362,-0.03482329261351447,0.06282331086054782,-0.017902345982668266
2016-05-12,0.0016827203898930332,0.014771369896949826,0.009892454521692517,-0.01000396459720787,0.0032906515205299858,0.014011554260597636,-0.010350745068890443,-0.03517532731345885,0.0660233900717746,-0.018971112285078418
2016-05-13,0.0023015563580028875,0.014156838950378559,0.009636973116919467,-0.00994931846589342,0.000562394391763199,0.015717817618623897,-0.010492243623279718,-0.03488461069901838,0.06861891016249855,-0.01773342940802669
2016-05-16,0.0029048329463909894,0.015147848081089377,0.010302240685233333,-0.007591181587939366,0.0006202148908069915,0.015877246253730215,-0.01028047254711384,-0.03354415601213201,0.06694348239856773,-0.016317289277218205
2016-05-17,0.0035348145032962908,0.0154073134387549,0.011423577828415299,-0.007513633389007901,0.00026756251960802224,0.014979231728996734,-0.009264002657072168,-0.03103871915910683,0.06528512473134529,-0.014222909037885145
2016-05-18,0.004754310974592224,0.011991005293667145,0.012094660721954087,-0.008726675320855914,0.0019889780760535825,0.01614562097279504,-0.007242311540076041,-0.029010253904819705,0.06556489194668891,-0.01510763001289972
2016-05-19,0.0048894122709397525,0.01096816628759778,0.012079105860251849,-0.00838115144287066,0.002372208688290245,0.017500928719504483,-0.005715844553709659,-0.028594255127530888,0.06448486009933463,-0.015957836361821798
2016-05-20,0.005814707460489732,0.011121300905491127,0.012636365731822474,-0.008122353619731904,0.0021486551537388543,0.017473559989193532,-0.0062227492606276025,-0.028280560189000825,0.06421381571071172,-0.016054401788500705
2016-05-23,0.006920181245769319,0.011955651940650514,0.013387867746982307,-0.006031369914297091,0.002677133056397274,0.017674378638208532,-0.004986219533524183,-0.029709557339493986,0.06524181565530829,-0.014210002509579045
2016-05-24,0.0068000234023968265,0.01404222628521623,0.013452645835563937,-0.005682179671280485,0.004553296235161541,0.0176391665131157,-0.0039321074041785975,-0.03000435669719237,0.06441039501351797,-0.01495634577054017
2016-05-25,0.006809515390382215,0.014067502359639494,0.013649483913014349,-0.002418855780898954,0.004290420064787748,0.01814477923976332,-0.0058203150549829274,-0.029209406190728204,0.06358394353281183,-0.012913133400860421
2016-05-26,0.009577645380676847,0.016566954704367864,0.01736814737318948,0.0018929087675141343,0.006698655077724602,0.026597236776948918,-0.0037965886601571963,-0.026577406053509,0.06590873092204697,-0.014145050651887425
2016-05-27,0.010137352077187911,0.016759895323876783,0.017339153849705413,0.0038182838545006703,0.004780786758307176,0.022535898074593108,-0.0033744483774195144,-0.024239479379236872,0.06581456100066663,-0.01766850896693517
2016-05-31,0.010558829786163626,0.01719869743499669,0.017477127956136762,0.004537274977022943,0.004797070223971689,0.023131440848458418,-0.0036944129509344226,-0.02320809518614586,0.06590080461350634,-0.017549627693460468
2016-06-01,0.011257584974632362,0.01780289610969432,0.017887728861701202,0.005164243943454716,0.004441485909228993,0.02268495306739493,-0.003186433213853479,-0.02397880331958535,0.06643465675982685,-0.0190977111552314
2016-06-02,0.012273195465806852,0.017965948019171618,0.018405529360535855,0.005952818257347392,0.002293464901678366,0.023495886563601687,-0.0025104617277218466,-0.023623184193404367,0.06810962370659035,-0.020785814277596626
2016-06-03,0.01218824557891951,0.01729095309270079,0.018130471541606408,0.005644275745536165,0.0014646111385809846,0.023605198815743522,-0.004095642309153269,-0.023818171555796686,0.0674522109939959,-0.018509055667641827
2016-06-06,0.012200704568858134,0.01831481618103803,0.017465376944959532,0.0072970969788004325,0.0012021742277594782,0.02398804465700244,-0.00443624936381759,-0.022709659982745323,0.06846448635967861,-0.01687315982840909
2016-06-07,0.012632241556981283,0.018083217977240107,0.015919393745239097,0.0074138584481999725,0.0012520218426819163,0.023745922058804325,-0.003996303645887989,-0.02239209568419609,0.06856467695336854,-0.017052681357148325
2016-06-08,0.012749929340937438,0.017943353462633427,0.01591723863305816,0.006952684517224972,0.001516326870244944,0.02341193217648141,-0.002760292860776725,-0.023215002542601004,0.06862471585753882,-0.01519143478074092
2016-06-09,0.014097253410473298,0.017479087505376745,0.0170940955982124,0.007515362328202491,0.003177512517012593,0.029008783328592136,-0.0011918167190596574,-0.022602012455100184,0.06860411434148284,-0.017477585853191813
2016-06-10,0.013675230137197403,0.016791654501698616,0.016557165910237037,0.007398232843926156,0.004096451053263062,0.02923743541889623,-0.00014955208098543782,-0.022584017267862078,0.06782130931729746,-0.0193692508225638
2016-06-13,0.014824500911708949,0.01735879394825468,0.018110164298694054,0.007599667524993414,0.0030296535134555214,0.027572934984918085,-0.0015827407307197339,-0.02228379918187684,0.06860882426705261,-0.018350513704210147
2016-06-14,0.014746586397365702,0.017796317597860156,0.01813620547816952,0.007223285493342058,0.00418535016722088,0.02889272897504047,7.129550555351472e-05,-0.022478866064106096,0.06861119264665483,-0.019129369722135192
2016-06-15,0.014564114072177947,0.017761883906930898,0.017876659081389246,0.006480718469974001,0.006578185131225656,0.02897403037039692,0.006481350457162138,-0.022461731486657643,0.06877128320179482,-0.02130287424027022
2016-06-16,0.014470522560132038,0.01768618024512225,0.017149764983116933,0.006771205472316577,0.005967594882413829,0.029200920086050575,0.006416853283763846,-0.022334682394727023,0.06907243060152934,-0.019915284691197188
2016-06-17,0.008398673543376756,0.009356479201695356,0.01664297381470181,0.007086989077931705,0.006338811953493062,0.037297136823804644,0.0207461803907254,-0.023197691985495927,0.06744353437577555,-0.019583107939906363
2016-06-20,0.011649455826352684,0.014642563633569639,0.017656197380270466,0.0074007773366637775,0.005318919995536797,0.03276459317505953,0.03431969672437196,-0.02387931552487943,0.06782279708795103,-0.018388769801023774
2016-06-21,0.011673937164762505,0.015406453815506316,0.018395442189727218,0.007407317149146442,0.006393821046857262,0.032402875626373895,0.03690309298853123,-0.02403576055271217,0.0678740472397219,-0.017226314686035638
2016-06-22,0.01216132704897488,0.015356419629066087,0.019948490269832364,0.007561827933475929,0.0053478753998330575,0.033629949527502534,0.03336166670565399,-0.023873456678343397,0.06880078287089919,-0.016202201998556598
2016-06-23,0.012057232869927104,0.0147347299611571,0.01921226596131098,0.006928413271954481,0.004368905206275198,0.03317613530865393,0.03176165279702592,-0.024003594240206372,0.06746430225669942,-0.017143433755217763
2016-06-24,0.011325060707508605,0.013811186725841695,0.018967374499301526,0.007809606630751809,0.003836997847607604,0.027548395600233144,0.03430874150306895,-0.024517035062053605,0.04073291276570101,-0.020302941388681717
2016-06-27,0.008411298190122762,0.013868813240506483,0.019724100797193334,0.04917735039796556,0.0026799515396547235,0.026737219076745644,0.03453420379354366,-0.024790753378690744,0.021117705335054193,-0.026951431881122923
2016-06-28,0.008512650887013695,0.01429179753841825,0.020295719721135308,0.04897797254883218,0.00277803622364714,0.026151926686778015,0.03480485389575949,-0.024569301823429313,0.021269644461523907,-0.023442217097420892
2016-06-29,0.00866786902978367,0.014247287280163556,0.019904114438076714,0.0483411805715801,0.004164806212727301,0.02597922913292816,0.0369548298019069,-0.024684311494877376,0.020639558761872845,-0.021402134694828878
2016-06-30,0.009681079685027738,0.013778545622547211,0.019383419152616543,0.051142142544667424,0.003719003536273746,0.02621661303965439,0.035455215566325915,-0.024500740527100384,0.018473145245782252,-0.021696179274431793
2016-07-01,0.009344721761631813,0.014306537515146767,0.01951888478319841,0.04979908311998127,0.0032219929443364492,0.02462211348753307,0.03678260277390666,-0.02537680756850258,0.01799096848578019,-0.01845948231933503
2016-07-05,0.010765362014152124,0.015589246786411604,0.02089298247103466,0.05011341853223139,0.004194653254787406,0.024417351668265752,0.03947149516439774,-0.026200524399569658,0.016234401210042826,-0.018883752445527646
2016-07-06,0.010655833685351945,0.015700384506203813,0.02073028935616006,0.04959378499972655,0.004244956979296388,0.017766903186726912,0.039138232441494836,-0.02981090024716826,0.015606927012366434,-0.018997954036841236
2016-07-07,0.010485531875937815,0.015498940898717617,0.020705877469328726,0.04923036975630746,0.006170329570774236,0.01870287454557129,0.041978322659029566,-0.030804094773744795,0.015175221485323132,-0.018533740376293295
2016-07-08,0.010695256972665934,0.015414072001439738,0.020400744751508437,0.04862840900189358,0.0050072438554891185,0.018263097818659757,0.03970050315442908,-0.03113613229583634,0.014014376109606985,-0.01884554544625916
2016-07-11,0.011647321732584537,0.01597924112829019,0.0223089647897583,0.04880994002187489,0.0030663027309436597,0.01424807817369822,0.039927071533273795,-0.029324393652492065,0.015654220039275968,-0.017817356943621965
2016-07-12,0.012469257645933096,0.01659087578556151,0.02334162354993108,0.049440903705839645,0.0023662914418876024,0.014357943650112004,0.03830956209964942,-0.02938904561602551,0.016192773059287457,-0.01658914409580392
2016-07-13,0.012873812295038922,0.016749144161132046,0.024082159665574254,0.05110600672926746,0.0019177549099995694,0.014448141204271181,0.03721266105646048,-0.028657595006329806,0.016035267269081777,-0.01627227790140351
2016-07-14,0.012807142743730404,0.01697216528782053,0.02422635024764519,0.05183292099056702,-0.00037341008838698286,0.012106325775001592,0.03491946920715083,-0.028862117028060408,0.015980844044658937,-0.01734939536753699
2016-07-15,0.014605760697860237,0.015761422634332556,0.023458770597838186,0.05129608180988865,1.2801332141876287e-05,0.011914078817540474,0.03565973328017824,-0.030415835728922702,0.015110137761483955,0.013007496885866221
2016-07-18,0.014716484975033861,0.01419667802176261,0.02421811810276453,0.05144645533628922,0.0020733337226268578,0.02769971883693989,0.03651316738068289,-0.029812069342361247,0.015636518374050556,-0.0105367024051779
2016-07-19,0.01536461614475848,0.015187394468489934,0.02479042403952403,0.050177938727271165,0.0012664387056064985,0.027805694166027406,0.03505615175917298,-0.029928050995085997,0.015384860519680243,-0.01230245802131047
2016-07-20,0.015990067825517817,0.015750651190590492,0.025530585002168316,0.0509261301844357,0.0019033401004440176,0.02967708090186294,0.03496477690620403,-0.029889271109144855,0.016216871770089902,-0.010948476292543363
2016-07-21,0.01683548353069786,0.017159753840504388,0.026918081045820275,0.05160015318722122,0.0036111134929324162,0.029583023090143712,0.038311613810436906,-0.026940093279436694,0.019036620943801985,-0.01002229749018202
2016-07-22,0.01869643252576969,0.016873555542944674,0.0271811601095302,0.05680781707755589,0.003542074788606131,0.02866515182960172,0.03870526112829609,-0.02662331000651097,0.01773184890135404,-0.006656211338373796
2016-07-25,0.019433056909365032,0.019839727133452723,0.028053842386392303,0.056282392447912555,0.003486935214022102,0.028261234093111876,0.03902453244806847,-0.026887982687047174,0.02272828084659273,-0.006656225062941057
2016-07-26,0.020323591376934624,0.024463360783963273,0.028968318721690922,0.057769777762146424,0.004024412585091897,0.028260443499354526,0.03918737935787675,-0.026840487262557722,0.03106136912344004,-0.003916032045388151
2016-07-27,0.02042615675567605,0.025079576528427294,0.02891146320167448,0.05816808196508472,0.002911681607091987,0.0256109320197746,0.03755159831466104,-0.025685396977972008,0.03010724792279995,-0.0037846573052636723
2016-07-28,0.021753839189540658,0.025275154525831844,0.02764156085382763,0.05882493436511815,0.003378717260643649,0.025156850021822663,0.0377821714892812,-0.025737710005322656,0.026810792589455623,-0.0006461909334594118
2016-07-29,0.02072227241753999,0.025504014146676468,0.025270686292726552,0.05874539844045823,0.0059103378112184135,0.00777938450496185,0.03851544926760808,-0.023788527933474413,0.03173111500012005,0.001994786582787844
2016-08-01,0.021004233187924104,0.025883088183732417,0.025472673084009356,0.05746901562501372,0.005778428377063216,0.008159962560171596,0.038272586258753405,-0.024891384702452224,0.03232142225324708,0.004830365445397167
2016-08-02,0.02148080864944757,0.026884766860592046,0.02553272056878164,0.059562528797049596,0.0048373294844972214,0.00807051853231755,0.03717016695595077,-0.02541134715646376,0.03182363478658923,0.0070547871387085515
2016-08-03,0.021398438151637222,0.027161367162848782,0.02548893540653352,0.0603748369869459,0.0035804617806458605,0.000649479558120003,0.035783223617720905,-0.026431741795219565,0.02694733827752338,0.006662077240088937
2016-08-04,0.02181582352056033,0.027252681833886738,0.02572054461923967,0.0605148000734026,0.004395074481159389,-0.00058983773829413,0.03709657653338927,-0.025022452088500735,0.020784128108144673,0.0077472396536659716
2016-08-05,0.021656922326650063,0.02639140733809131,0.025195224319013,0.05702517779553484,0.007258308452077644,0.00465584464190405,0.037194724795269085,-0.02470697075521433,0.01690536037569701,0.0088365043897225
2016-08-08,0.023789719911863516,0.026713734170251247,0.02800820707171847,0.05798800385820568,0.00714749794682934,0.004781414652889948,0.03706291299218334,-0.021101825832838483,0.017511066633184802,0.011677519657075308
2016-08-09,0.02383481024626155,0.027032706308126597,0.02805976271912769,0.05717860735698932,0.007805451968084576,0.0050402677137788565,0.03872702308414966,-0.02050427018395784,0.016147779743068247,0.012325268915950982
2016-08-10,0.02359577167500837,0.027138148408710094,0.02794516833254823,0.05851581589852839,0.006495270929954389,0.0032544426365384016,0.0375091448621625,-0.02033617767361451,0.013256914067584225,0.014803321903175792
2016-08-11,0.022848344227317963,0.026650388209289888,0.02786299321484509,0.05762089532810144,0.010458291285167176,0.005785683702452582,0.03655449081555129,-0.019783190245963977,0.01727345335776631,0.014920270814644754
2016-08-12,0.022473169962769157,0.0254663292138686,0.027233492237175305,0.05842369250305923,0.008850975289840468,0.0031285786409500638,0.03644023368440186,-0.020464581715526675,0.02172618829258366,0.011725673988169705
2016-08-15,0.023048507779346306,0.025825856795008706,0.027333768505481748,0.05872547743656198,0.008043416971290851,0.0013267776294707545,0.03593120536300698,-0.020562788681751987,0.022675193534708482,0.011448706862621227
2016-08-16,0.02307526245168079,0.029390645579475017,0.027401971867861308,0.061135066159125895,-0.012060599972840591,-0.03417099525195855,0.034628149585331336,-0.021184010941399434,0.02240195057197014,0.014127861903777017
2016-08-17,0.02296753521732664,0.028333946586396985,0.026807823395375907,0.06337503587510795,-0.011784541169000518,-0.03538746100278256,0.03354244565133735,-0.021342092551583702,0.022503204818728362,0.011400712879461317
2016-08-18,0.02258066154243532,0.02823506485779048,0.026485874181484403,0.06382636396961594,-0.012117433287441859,-0.03533404821797803,0.032578797085072386,-0.02117290878788569,0.02281337387672222,0.012604138053676328
2016-08-19,0.0218571839217101,0.02787786703105466,0.02616674904263494,0.06294806442841794,-0.019298875889878553,-0.0482201004677586,0.03212701825791453,-0.020172441993549284,0.02185575489158209,0.010875168428207127
2016-08-22,0.021978533031454806,0.026350595207510707,0.026676022114204834,0.06409642295269968,-0.03006504283320044,-0.06784628815536875,0.031596674826691595,-0.019684224813655837,0.023620473010549814,0.010343947550297106
2016-08-23,0.02206388918949287,0.026253412441649138,0.02657494119227688,0.06383436905163453,-0.03049276833507919,-0.06807578098601641,0.03095369553458327,-0.020449742266197668,0.02382765143597676,0.010114465088791436
2016-08-24,0.022169724151624104,0.026279048322467524,0.026548184629910487,0.06558525726578268,-0.03003129256707182,-0.06943719618577371,0.03172083022272609,-0.019965023513817348,0.0238400236088967,0.013774989438459562
2016-08-25,0.02191281082606711,0.026114625030050576,0.02656538835777167,0.0649314441906883,-0.030314824551177733,-0.06952308113174321,0.03099008015072613,-0.01983302077707405,0.023981499031665132,0.01515436123946956
2016-08-26,0.021261621124242236,0.025290615350535894,0.025854768445013887,0.06350110074750548,-0.030136440161292022,-0.0697729970465395,0.03142743767470613,-0.01952106767006445,0.02263037779322352,0.014692474314898396
2016-08-29,0.02159498767063872,0.02538826419980955,0.025910185908734285,0.06458372480019392,-0.028728046423949327,-0.06919777864869203,0.032622313039168294,-0.03189646830344961,0.023116062275731153,0.014862684633633716
2016-08-30,0.0211436693385183,0.025018769514593142,0.025505467542925153,0.06491695863322389,-0.029024612459501054,-0.06990506629194737,0.032683721637547514,-0.032450771294095127,0.022127665106604244,0.014058975193302015
2016-08-31,0.020398858630801042,0.024934988676679204,0.02538544489844541,0.06435807596889243,-0.027898631223140513,-0.06974067622692925,0.03475162152613964,-0.03219650352736669,0.01943291451357565,0.011672611024416302
2016-09-01,0.019874882759344015,0.024233422982811836,0.02497131058035995,0.06200876098488384,-0.028099431203034264,-0.07009593883338572,0.034707992855078196,-0.03175448917610357,0.0185081277033301,0.010495563645221306
2016-09-02,0.019364524660723248,0.02427688045478904,0.02495830344842176,0.06199641856322291,-0.026512475680858905,-0.06780714361443596,0.034858990688727554,-0.031101200532407836,0.018357594930963117,0.008799767904319467
2016-09-06,0.016940464182090498,0.025070974024434367,0.025762432589014672,0.060928126889201684,-0.026222192443684955,-0.06760926200650663,0.035610547232546086,-0.028995597684330354,0.019645866782258548,0.012200171711091112
2016-09-07,0.01813771350557869,0.02537634456564919,0.025626965964851367,0.060915686126371105,-0.026156792583296173,-0.07130510751714025,0.03409828972164708,-0.028517072215980543,0.019841126889342586,0.011828861411403713
2016-09-08,0.017707865537820666,0.025888881108492523,0.025618145742499543,0.059588763428098046,-0.02650055582975841,-0.07120334900021863,0.033328499916629006,-0.02830079405101127,0.011656375762427063,0.012797672158808338
2016-09-09,0.01702192427403637,0.025641431797529757,0.024438558610954342,0.05715358354980182,-0.025044226495113953,-0.06908888861980444,0.03397779502499887,-0.0284823604379294,0.010948408365203832,0.011336741166079412
2016-09-12,0.016026320331989474,0.026457682360874646,0.02507615682925679,0.05760397382679261,-0.003124413862202191,-0.02842856397617255,0.03195115064800458,-0.027999870373204394,0.011815193519994605,0.01073836198016842
2016-09-13,0.017249010837520284,0.026333751120034332,0.0274310743342856,0.05781151673935159,-0.024838593934780828,-0.06295457419835881,0.028646290912320183,-0.029346183220431588,0.011748717508579976,0.00849609953589403
2016-09-14,0.017119055138348216,0.0261560096691833,0.027500769285141002,0.057658887676441894,-0.025564975894246778,-0.06290968203620484,0.026895652899374234,-0.029110056418840013,0.01151696039049166,0.006988978963279768
2016-09-15,0.017773853242498916,0.026736046240964262,0.02786013863286607,0.056590520129438326,-0.025300788715019062,-0.06286882077506584,0.02709101030157135,-0.02865177373545902,0.01269629419501661,0.006782319284904581
2016-09-16,0.014595162663810779,0.02163166982896647,0.02754751971264824,0.05644737295248414,-0.024208182497387765,-0.05902223632232939,0.01418938071843212,-0.028396821851064957,0.012116299755908999,0.004638108986422029
2016-09-19,0.016882281769896146,0.02479135591090742,0.02785598864878258,0.055551144466315705,-0.06451093918331363,-0.06024294328819213,0.00611744054815877,-0.027894804360837244,0.01297318155309335,0.007159063006433319
2016-09-20,0.017075191061545425,0.02506232718239776,0.027896596319137767,0.05639575516765283,-0.0631520569264411,-0.06025059460451587,0.009174489593581914,-0.0231322959933139,0.012312871735037145,0.006678179551562691
2016-09-21,0.01708849071781504,0.025604436307549827,0.028009218747718556,0.05583568476031431,-0.06268061768435917,-0.06004015125366635,0.010252249190805918,-0.02278995823893859,0.012346073233848287,0.007090112832071727
2016-09-22,0.01766216422063338,0.026600649116530706,0.027793589696770704,0.05690433062520972,-0.06520122748138368,-0.06050623484985074,0.005770367867666604,-0.02271213745765399,0.01267300677355676,0.01123932682267137
2016-09-23,0.017035984786382352,0.026520709518852437,0.027012063538506048,0.014998621372794396,-0.06321243175629565,-0.06002699653770005,0.00728014084375328,-0.022484522917224914,0.03235414693487648,0.015116903369447154
2016-09-26,0.017227677646853845,0.026348256656002267,0.027324963439153027,0.01496936320582698,-0.06269768287448896,-0.059518679385208606,0.00838250716919453,-0.01489399353387899,0.046058862707873294,0.014519892216905417
2016-09-27,0.016984394908742706,0.026245882366635165,0.0276164547589981,0.014780226105173044,-0.06365420817798717,-0.059536339921251624,0.006976126726087717,-0.014668992147449211,0.04339065747781623,0.013924833369455047
2016-09-28,0.01729731322283068,0.026434594599376693,0.027829109189361878,0.012835958204424847,-0.06367576903774075,-0.059218626477199665,0.007062161108380982,-0.014777531250127707,0.0444944600608459,0.014389143846432528
2016-09-29,0.01769983790302665,0.026163840955473194,0.027814270304447053,0.013445132594637643,-0.06269571187152767,-0.05761885494236907,0.00714690893866754,-0.014006131373808572,0.04436002506364223,0.013608220206495103
2016-09-30,0.015975884956147324,0.025993258149931586,0.026065864170460085,0.01710437135680576,-0.06326610436457714,-0.056860620701077,0.0045508331139056946,-0.013022427356842892,0.04639791977185537,0.014892925364485832
2016-10-03,0.0163206645878462,0.02645704856997222,0.0263999685726386,0.015207025068791458,-0.06320392938353903,-0.0574028283078446,0.004892388338395115,-0.01247150734573177,0.04318484524452271,0.015179373668394058
2016-10-04,0.0163339657489332,0.026729142280301765,0.026781698582670765,0.016341861816553394,-0.06345030844093158,-0.05788691573658222,0.004593084102883838,-0.011677449635651205,0.044013963796998956,0.01393895080512264
2016-10-05,0.017012593537229836,0.0269580870947681,0.026618944005214473,0.016909484431022914,-0.06406659036257945,-0.05763463842133443,0.0036256732437305317,-0.011784621723600064,0.04471154843873659,0.014842407460833096
2016-10-06,0.016014917591461453,0.026376620069034518,0.025203352535562384,0.016699158799383662,-0.06176663514309799,-0.054140111301206106,0.0036580840260620473,-0.007658626585128059,0.043005876353059413,0.01332209727118805
2016-10-07,0.014969509695069938,0.025723367758143878,0.023906739542757238,0.016467811657885356,-0.061443892719517335,-0.05403682369770724,0.004359673842720735,-0.007311783963183882,0.042395153193626633,0.011883713884062619
2016-10-10,0.015052753368889782,0.0261267595252348,0.023424044420179868,0.015458557262837624,-0.05994103203463286,-0.05354846955198267,0.005685341985431469,-0.006717698746415368,0.03886837464640314,0.013500824430778824
2016-10-11,0.01486293095500213,0.02614462967122111,0.023333434833308075,0.013937162799310343,-0.05734419249714784,-0.05222566261578776,0.009473969821482964,-0.00803451477984285,0.039245175773061636,0.010738817081425545
2016-10-12,0.014784103885292943,0.02444463703106603,0.023114491508313906,0.014421561533858984,-0.057147615448261635,-0.051993071327810836,0.00940302851604402,-0.0068524426317836395,0.04061412682112264,0.008954698255788207
2016-10-13,0.014904440435821842,0.025960177038699905,0.022898986277282818,0.013037266685022475,-0.05678824544700578,-0.06490715682674408,0.008913780587790354,-0.007194194893760497,0.03872102934069499,0.031073564292754874
2016-10-14,0.014782634106428105,0.026363504043643404,0.022647673957834513,0.013152462988152536,-0.05619456364084385,-0.06442550128260294,0.00953561933034397,-0.007453439844892218,0.0398891805923236,0.032215091413850816
2016-10-17,0.013959340995119751,0.025196515150889942,0.021092684512107995,0.012811915477009883,-0.05843241892043438,-0.06719598949108607,0.007620151984841783,-0.007354662195750983,0.041875210026412146,0.032035451750628274
2016-10-18,0.01328597524844266,0.024766189125959848,0.021061847909833675,0.011209307741038232,-0.05909899715995348,-0.06674109038205289,0.006111361229498735,-0.007326375643982086,0.043204974065505386,0.03277787636226437
2016-10-19,0.0140465672954726,0.02629299756618364,0.02282582033743985,0.010865046408970791,-0.06029926977334232,-0.06617474651098099,0.003755657477362062,-0.00876493542653145,0.04314434543928747,0.03101094957961914
2016-10-20,0.014088010580466381,0.028265938268207336,0.022417223590104562,0.009249590610033831,-0.058416049189774055,-0.063708305557724,0.004534184844585676,-0.008289198060315695,0.04206120135371316,0.03167638408339024
2016-10-21,0.01413837229581727,0.02914624084152928,0.02258650783249605,0.007556492583752128,-0.05875354217214923,-0.06486726707351886,0.005299502300563308,-0.008067486905948607,0.0413008191224673,0.029342394778400616
2016-10-24,0.014971880494765388,0.03189043305559891,0.023080998771396466,0.007230916600896142,-0.05787232843869872,-0.06432267850763052,0.0058052702829660685,-0.007752029404270222,0.04734010893134277,0.02844267037945536
2016-10-25,0.014205223738736894,0.031947486984131857,0.022156913064731665,0.007287949763552293,-0.05870550018672693,-0.06468436910484221,0.003999187479619026,-0.007413540247652062,0.03822123226333285,0.02588141365858343
2016-10-26,0.014900340484289565,0.030497635594803896,0.023529196686747245,0.005759182795946227,-0.05941652425158073,-0.051542560218556854,0.003977187826055939,-0.007433191298706454,0.03368579818624662,0.02221064498226788
2016-10-27,0.014424477097386923,0.030662641434839877,0.02289620631538658,0.006986087202967894,-0.059081736393711726,-0.05176443820622656,0.00469009192369918,-0.006290949551668312,0.041961721834542054,0.01987944761517424
2016-10-28,0.014865222847326276,0.030298525740629634,0.023792156927137986,0.005368620086946274,-0.05834269795197622,-0.05124177368703964,0.006101516179643163,-0.005757800479637365,0.04733464394808484,0.019555463580237964
2016-10-31,0.015707024041294426,0.03034626487930092,0.02026568244595328,0.006198099067639129,-0.05851367588081047,-0.04981759836438904,0.005813420549001691,-0.005033842971540858,0.05419358336818947,0.020500168549625553
2016-11-01,0.015033714928080588,0.030653814953010894,0.019990468247907733,0.004104247229110403,-0.05971069276126606,-0.04851640342586483,0.003741009964891795,-0.005363222538975698,0.06052775669782218,0.021052644024804223
2016-11-02,0.013572575679232868,0.03110333414172528,0.01999925396874125,0.004334196304934368,-0.06348682940207517,-0.05394315807029004,0.002244321446091213,-0.0049420831545351485,0.07079961436513305,0.02210350547458817
2016-11-03,0.011729377138527841,0.031026258899489845,0.017275688220831142,0.0032855770498527725,-0.06321656539285558,-0.053507732389329266,0.0026719424172265693,-0.005086245619018159,0.07007643037138545,0.019251760131187456
2016-11-04,0.011596157243834782,0.030799898753192778,0.01727563386052977,0.0011980759058900503,-0.06331153870663098,-0.05358195886440398,0.0025061891486810595,-0.005174589079923186,0.07097476091049892,0.01883976500457396
2016-11-07,0.01281528618157668,0.0311972052711178,0.01768071504019475,0.0043998604469190905,-0.061407873826847426,-0.05220264534834529,0.005248807049339721,-0.004846604097311746,0.07230140315412581,0.017286021091169168
2016-11-08,0.013346581310924144,0.031214573971074078,0.02044109085539625,0.0056967294074445896,-0.06318744253660635,-0.05573449086916826,0.006021391295849332,-0.005057335826836429,0.06230963331207162,0.01839822836514249
2016-11-09,0.012867400074614066,0.031192757825574624,0.02053739289855061,0.0023657373363048517,-0.0602375750680052,-0.05133824027940603,0.007569544252938876,-0.004902371692879548,0.05286248823485673,0.01878583074377338
2016-11-10,0.012474006696191697,0.030602626299643054,0.01993114724823708,0.0017767090638676208,-0.056139582427626844,-0.046640603257809055,0.011551959288570668,-0.004494534002705497,0.062189854900241315,0.017791161603884387
2016-11-11,0.012264300681326556,0.0309600056066075,0.019589572799832977,0.0009612719341367537,-0.0371023959406136,-0.011897146645802548,0.012810447385365187,-0.0037473730495740654,0.07231553580232752,0.017207477097177293
2016-11-14,0.012697739448276568,0.03185081065322226,0.01992490674626146,-0.00121416336108493,-0.03603356835638205,-0.011549109669712121,0.015330427864914009,-0.003175988207056002,0.07466116557353697,0.018468397314451046
2016-11-15,0.012631868845924155,0.03175553810916276,0.02004696901196712,-0.0013776902631710275,-0.03543652724045099,-0.011400730715211749,0.01676120213900978,-0.0028074137242306563,0.0746353407719289,0.017685578820896053
2016-11-16,0.012501806005286165,0.03136106711872966,0.020051907186445783,-0.0011302363005598615,-0.0279150608807337,0.001989425310908066,0.017938397753671786,-0.003403912073566273,0.07471394702104273,0.018710443356072526
2016-11-17,0.012001143614938536,0.03058482734119794,0.018735279856352927,-0.002148594734933007,-0.01648031811794859,0.023286225038523067,0.018619657116016652,-0.003656145354761886,0.07374044651644929,0.018792042392459685
2016-11-18,0.011891752514028298,0.030786470333068028,0.018728270849793116,-0.0023012684458137977,-0.016041055788812653,0.02350394616967666,0.01937719958502515,-0.002876931974412078,0.07386520088900084,0.017319969611750086
2016-11-21,0.012454698319968704,0.03109935409789011,0.01917576902961171,-0.004070067317074932,-0.016534119072533993,0.02315205202709536,0.018659029001097505,-0.0029318449333378682,0.07205249531291846,0.01710986649833246
2016-11-22,0.012447718330278912,0.03137233896953728,0.01936410208926942,-0.003150325471342863,-0.017649288764211457,0.023538352150437536,0.01708801224970835,-0.0027187920014432043,0.05777582759624722,0.017176391620397302
2016-11-23,0.012433953213815796,0.031186094098875072,0.01940265718049594,-0.0037497637003389706,-0.017296046926409625,0.023428914092248565,0.01735016245476162,-0.0025585735176677504,0.05782742523192286,0.016050813606019787
2016-11-25,0.012266276662489917,0.03103304718041433,0.01954897827307578,-0.0036493302532931704,-0.01790267186163408,0.02336988636681192,0.015922176651099518,0.011793559698418665,0.057395304164012506,0.01697266287673438
2016-11-28,0.012685237202669564,0.03155786484075063,0.020171888487938272,-0.0035458394495740952,-0.01779097393781759,0.023321751591118822,0.01612406160144686,0.013039220105170779,0.05816815280596832,0.018335188961845716
2016-11-29,0.01268749602560204,0.03140658361657933,0.02065214893480527,-0.003404439495879652,-0.02116131724297665,0.02267780125852137,0.010451889836064154,0.01258548314735397,0.0609309886754974,0.019908487058299507
2016-11-30,0.012942096236543854,0.03165368826335335,0.020727281662727304,-0.0013867072271387393,-0.0207614243596711,0.022965477882506802,0.011618255569744607,0.014284438080649942,0.060960923771898656,0.02016596097706036
2016-12-01,0.013033048762909782,0.03169431719268645,0.02088610244379585,-0.0012715706459419662,-0.022883738588331592,0.01992362624098476,0.01058674961203887,0.014067719300244086,0.06474710934258554,0.021755736996929675
2016-12-02,0.01193892724161394,0.03057345831737579,0.016632922493594604,-0.0005925047731344391,-0.0229077647015975,0.020001567398583386,0.01013570953554499,0.013255885671415779,0.06474070360038109,0.017787392092447174
2016-12-05,0.011471433188071645,0.030629433463919664,0.017068580910963638,0.0001203156692548557,-0.023856538590763976,0.018868498688485502,0.00932432177143383,0.013813910406117458,0.06208392194472889,0.018430726837104228
2016-12-06,0.011989383959848832,0.030634917465438116,0.017041320494766365,0.0013522712773450518,-0.02324628009415275,0.01859855025863366,0.009757274567752994,0.013624766453276926,0.07072465668220396,0.020217772181567728
2016-12-07,0.011926481780359266,0.03066482252732894,0.017147296041593485,0.002690826533032098,-0.023778758700786717,0.01816870681022298,0.009064772587893843,0.014242673279693197,0.07074832648261742,0.023437438944142075
2016-12-08,0.013065088315251216,0.02961173625271596,0.01645280597030374,0.0015619784272553616,-0.0430886579534443,-0.024598523488787993,0.013538517403910655,0.014175977894803848,0.0698205049420062,0.025658850755298834
2016-12-09,0.011678926681710111,0.029678583954790394,0.014140010668603376,0.0021140135197208476,-0.021984864205548793,0.011243292293469542,0.014721066324983267,0.015998835978196624,0.06983725626319237,0.025981490330009516
2016-12-12,0.011745893918829742,0.029156894876073425,0.014449853319387751,0.004680374684719046,-0.024363517915477195,0.011381201136246188,0.0105149102981279,0.016465328766513965,0.07396984159699915,0.02784352048373062
2016-12-13,0.01182502722746559,0.030308053068715868,0.014251301739090394,0.005634960216175822,-0.024615813228698324,0.011445954564314409,0.01051770484111203,0.016965606977441094,0.07321751109750485,0.02732472016799803
2016-12-14,0.011798831629571849,0.02997157407220441,0.01429488784191113,0.005974808819323663,-0.025636468704217874,0.011549675079036037,0.008860305430408832,0.017320934937607557,0.07304241096583342,0.027800144923453507
2016-12-15,0.009531584185299646,0.026435832942547366,0.013776051215494745,0.006724516601153141,0.01695082145103477,0.012981667644194728,0.017310907117768615,0.0173398522089645,0.07209380077546013,0.023862170250985137
2016-12-16,0.01022425523166981,0.026388735951388576,0.014076380870704064,0.006491037439506853,0.01707001255007623,0.012852163724210719,0.01773945631253171,0.01286410914649272,0.07189986926833791,0.02293324258965601
2016-12-19,0.014208158703665541,0.021485399245112502,0.01438763499740281,0.003194591525227386,0.01594943580954622,0.010768316661756705,0.018519380428309695,0.010735222880096762,0.07413228829248664,0.021529147061655873
2016-12-20,0.013630709421909026,0.021774542799678276,0.0143703972810445,0.001829439858006543,0.018156724230302013,0.011285304566978294,0.021929451272657996,0.01098685751914008,0.07583119320527132,0.019622138470507977
2016-12-21,0.014494343519676267,0.02479110792154615,0.014302843106045016,0.002261114494322314,0.015830158646689574,0.010412310645867118,0.019054172474840536,0.011227861867571631,0.07630400869931964,0.022888618483350998
2016-12-22,0.014240256505778426,0.02477927784778977,0.01402433016598148,0.0029358787764277583,0.015586273277049312,0.010177870396167021,0.018827300266901714,0.003552243447178416,0.06186869731336886,0.02303953440136497
2016-12-23,0.014388783114866133,0.024905402672532606,0.01410430382288319,0.0035734202879447174,0.015246380135468973,0.010161938889458266,0.01829976013671919,0.003570326345455843,0.06481703416611762,0.022162662883809192
2016-12-27,0.014932220550391673,0.025920681894602726,0.01484070276830507,0.0028679561664974873,0.015698760720800786,0.010464821651233969,0.018855252286108293,0.004211621455339598,0.1114065349379969,0.022828574893837494
2016-12-28,0.014952577385852539,0.026160528624699086,0.014887838997372338,0.0026732809345317854,0.01548789449389254,0.010498106958568787,0.01855493672764541,0.004730750436880982,0.11159379760270638,0.023180484031187776
2016-12-29,0.015088726545891884,0.02642759461013311,0.015013440580261106,-0.001231381573952195,0.014570087265447729,0.009872936130923993,0.017684687480334027,0.00527526392003419,0.1115644729163019,0.02198108883941141
2016-12-30,0.01473246994824362,0.02595159179144857,0.014644172128645438,0.0012504091574712106,0.013699466341727584,0.009841953255738112,0.01635128629825311,0.008162229274434996,0.11574709573739406,0.0220794356581
2017-01-03,0.014735024272668706,0.026426911280622356,0.013663656101535748,0.0011290192805926136,0.01461883609860104,0.00996484232333894,0.017951098563290246,0.008400016623819395,0.11878344814328456,0.019824508789071826
2017-01-04,0.012924531218276858,0.026591202239931278,0.011747561736569656,0.0008844502521097031,0.015371517971622506,0.011970935070918953,0.017349033435307692,0.009081479684474258,0.1224067209073858,0.01925375849603772
2017-01-05,0.011797277944563422,0.02175339268488341,0.01184827982977632,0.0011598248368518416,0.013690018523034198,0.012208380739805236,0.014890387091873958,0.004726107974558635,0.11932098785600531,0.02194057712849684
2017-01-06,0.011941718598201145,0.021649691970750506,0.012029047947209381,0.00023303020431364452,0.014329983056453166,0.011981659439217696,0.015420635380067438,0.005304780885477811,0.11962994067062782,0.021601078169199983
2017-01-09,0.011444387390885158,0.021518429614077572,0.011832501114392047,-0.0005267619678410718,0.013475690056029332,0.012536584327183187,0.014929604785731465,0.005241987029962036,0.1250707694602473,0.021493305049095524
2017-01-10,0.01159177706514014,0.021532133240039997,0.011772545396911083,-0.00020274081327831261,0.013279294293337518,0.013161071908645683,0.014996929496317923,0.006869223625951104,0.1251914094458626,0.027026483143906432
2017-01-11,0.011596389918465455,0.023050614320844653,0.011636628943525462,0.00040428477588227985,0.012716518832504242,0.013300259291619598,0.014381243462159965,0.007758671715808019,0.12355152571786521,0.029397094962371417
2017-01-12,0.011055155492965874,0.02351140937499796,0.011011717091532702,0.001846654657833513,0.012894382352597988,0.014828684916357915,0.013303704664192173,0.007525448609593477,0.12564061206870747,0.03239333913526421
2017-01-13,0.011221615321314049,0.023718486169948427,0.010936883613134718,0.001643143014472992,0.012088985280754416,0.014542432587032028,0.012110849607634977,0.008273011273799424,0.12600668756688505,0.032945510286918944
2017-01-17,0.013409095730668508,0.026165134340311758,0.0149943321039947,0.003915124569764172,0.013429476567598408,0.016154519501803355,0.00850701041954438,0.008791065262664155,0.1274431662183233,0.0346778209920684
2017-01-18,0.013006472882409748,0.026279436576932103,0.014727959295268267,0.004937940299600152,0.013608542042658156,0.016188284676548204,0.009626101825863653,0.008983205269855965,0.12620703594000582,0.03288576241526542
2017-01-19,0.012655288381776097,0.02510667341457684,0.01354513043501937,0.0062451678784885,0.014506598636719437,0.016298085341577284,0.011658374792703263,0.010517229185067922,0.13160380574953767,0.03345042710284396
2017-01-20,0.012470966002312345,0.02287302169385108,0.013629633613569725,0.007624556523514903,0.012709905363078144,0.014403014825864702,0.010458200418296926,0.011296984288555079,0.13266801792405158,0.03361693650551101
2017-01-23,0.012938530041008756,0.02264393818329502,0.0147704755344511,0.008091528042285079,0.012749449841144234,0.016405908204152553,0.009028241504222878,0.011465060599494148,0.134938499718128,0.04461295011171118
2017-01-24,0.01222448521382602,0.01961116228040849,0.013431959587099307,0.008574106543096205,0.01309368095313479,0.015697082581058064,0.010713055351228684,0.0025236723384858273,0.13116230534356466,0.047650127893484884
2017-01-25,0.012594622944352318,0.018641834677114,0.013437534556620667,0.007875524359909791,0.013617099022988688,0.016051884983948828,0.0115834646953894,0.002724233724843206,0.13729431507068646,0.04701438211669551
2017-01-26,0.012662603447661125,0.018525679936461703,0.013577627084194743,0.009098259729586333,0.01434950237639998,0.0161705243744934,0.012803135111903119,0.0030619835761205305,0.13735382835523247,0.04879260248610051
2017-01-27,0.013244113364058618,0.019731327626278494,0.013433042198543133,0.010039165414843065,0.014370895274483653,0.01615663769842235,0.013544892226513783,0.003501856509730006,0.13200782228272256,0.05092407531068277
2017-01-30,0.013416227804601277,0.019951108583722732,0.012525794721436334,0.011924581351481889,0.013179272503546224,0.015753083998417905,0.011489384595174679,0.0036981709924850392,0.12867152476708799,0.051719045220165905
2017-01-31,0.012099343555639352,0.019078003017646505,0.015814199039058563,0.011406314664688333,0.013807966130723548,0.015966927491072536,0.0114231202794981,0.005412245834014229,0.1250366462525303,0.05250140002831927
2017-02-01,0.01246289867038608,0.019273265471274614,0.015154039212150971,0.010087581000926438,0.01379393076632529,0.013883728840146325,0.01326416213453685,0.006470785929829859,0.1215494039718239,0.05213486737100048
2017-02-02,0.013790649684528367,0.02047611611073208,0.014516381834804193,0.00986801544386684,0.013700447945955263,0.015573176967559332,0.013316817445610196,0.009368315509718617,0.11483278367740724,0.05653550752329828
2017-02-03,0.01357584252192745,0.019170579182862246,0.014272596546658578,0.010545799193061978,0.013639252198133223,0.014988077264858513,0.01347721023208348,0.010248531140879535,0.11067204530381458,0.05675572097690562
2017-02-06,0.013756156869558334,0.019438730564734996,0.014607245997955376,0.01152636983752564,0.011429611581656562,0.015554455508629106,0.008860692396728043,0.00958318347458964,0.11705987832243725,0.056313931082598634
2017-02-07,0.012301906563198406,0.02119020856903786,0.014033207424096084,0.008528493602797393,0.010326495225102983,0.014389215567141234,0.007273725381074847,0.010033381429659594,0.11579119159249052,0.05483531453595991
2017-02-08,0.011510508319205748,0.019612863574781647,0.011115228728101556,0.008990797805168205,0.010431948018952086,0.014568403069952218,0.006996489929860017,0.010449421669361803,0.11785530885839601,0.053919651520762724
2017-02-09,0.011640882507069295,0.01972451481233728,0.011042220572061945,0.010007089249057799,0.009375904220279452,0.012408768328807884,0.006808891843393505,0.010454541057913547,0.12280600474551151,0.05616370141423177
2017-02-10,0.0112475692109959,0.019602264895646426,0.011142399555857052,0.010657079860173502,0.006808989061280801,0.010521714249161374,0.003594538805044678,0.010454981259658824,0.11288497130286257,0.057520663958662066
2017-02-13,0.011752701167309532,0.019610396316719125,0.0115118219873791,0.010473656448196866,0.007637377012803981,0.011042819661605696,0.005411280098035265,0.011194246366668104,0.1040309464236222,0.05632921560497506
2017-02-14,0.011081354659547626,0.018695150312952435,0.010978220794490401,0.010268800100617259,0.006671401533440591,0.01110801965578534,0.0035449531057292205,0.010992961325791972,0.10206385206028012,0.05984452100203397
2017-02-15,0.010884461740762408,0.018819922644393472,0.0106285458629376,0.0097054003388648,0.006273806375669322,0.010863230747198083,0.003001890476340474,0.011438686948366694,0.10229985024053856,0.060822088030565435
2017-02-16,0.010780355991514279,0.019330551778108607,0.010480164667785896,0.009288057933873217,0.004860190297817146,0.010745561967395068,0.00045093274087792956,0.011783947196939426,0.10493981647569783,0.0614056114251631
2017-02-17,0.011173112385085116,0.01998283085832897,0.011240390222886143,0.011606062476963164,0.004542982397253148,0.010890380956054102,0.00011530090387079639,0.0122320700904468,0.10505924378249998,0.06037990383151293
2017-02-21,0.011873841586312661,0.021002223831054545,0.011843011252830493,0.012123992397929051,0.006699980288265683,0.010064632414341856,0.004436154563711492,0.012126482414239526,0.10366131004690593,0.06269052227427196
2017-02-22,0.011532986670717449,0.021037215911890783,0.011297968803826608,0.01142441424067786,0.00712449372117252,0.011097625007191025,0.004741740813049233,0.012253410231653161,0.10531878469247191,0.06414551430791549
2017-02-23,0.011478204689570948,0.021237959765180392,0.010958427459910824,0.010844484845876634,0.008124824230796968,0.01080813876039488,0.0066072547657756164,0.011858300873256455,0.12763998383126274,0.06489349230546249
2017-02-24,0.010996006607634223,0.021567584787310246,0.00982020296938324,0.012909185217554908,0.008090293088340417,0.011570871695130602,0.0063912315116556595,0.01194368293556436,0.12630825771620002,0.06519885350588583
2017-02-27,0.01211207699057315,0.02232928430016501,0.009821887387978956,0.012902654052734386,0.007990282881839672,0.012664215343578533,0.006945604518361126,0.011590491024145333,0.1278712632390937,0.06449074827194878
2017-02-28,0.01138041496785891,0.02152175508352472,0.009182233786005023,0.008610821519617007,0.009184553571490506,0.013263367961619643,0.008745486015242276,0.01161038007039883,0.12794006781147416,0.06342606041252807
2017-03-01,0.010664140541692957,0.021835236544319292,0.007970251641213677,0.00825343031638881,0.012536185579641979,0.013314669112042932,0.015256002090448861,0.012459683585668513,0.12809974844710736,0.06070552274946239
2017-03-02,0.009897473453251315,0.022001152042302463,0.007632464385213922,0.007123632079403697,0.012365302143129364,0.01602266668718677,0.015437442912820787,0.011017737723394871,0.12828301193010305,0.059536949752632795
2017-03-03,0.009775995851532437,0.021966022107165806,0.007393023913247809,0.007860040310596172,0.012623696919469518,0.016306319509222122,0.01521730024380541,0.010794256122051982,0.12445866320670396,0.05896077380183695
2017-03-06,0.013440858202452333,0.022988264365040312,0.010978421968861563,0.014098111171900296,0.012512194465885251,0.01598584717870488,0.015337941596122562,0.010677518325693303,0.12454941966327238,0.05777569761859236
2017-03-07,0.012853055068100305,0.022930616341537924,0.010495658252489992,0.012540800850398659,0.012980552505551302,0.015352633204227972,0.01720168293655333,0.010232069565789592,0.12951115658264212,0.05821530122104024
2017-03-08,0.013304055563385653,0.022791234373782165,0.010405395185633326,0.011677096679274968,0.0128134092447314,0.01634786080320283,0.01765542277995502,0.0107399556376786,0.12930588954164812,0.0565646701326632
2017-03-09,0.012823495395373197,0.022611864857822406,0.009481980900713394,0.011390661653415401,0.012847258901951486,0.016379933814021808,0.01778990834213845,0.010118656853202568,0.1294333153969225,0.05429226667135012
2017-03-10,0.01261617648842206,0.02265409603732249,0.009399042627129761,0.012231696500230038,0.008792636644704865,0.016497501751673305,0.011880303586656593,0.01040602543712299,0.12964055902951177,0.053717288709925315
2017-03-13,0.013713954001138617,0.023584208917471372,0.009603811334204515,0.011532749742267923,0.00851896792403517,0.01740585360151825,0.01119715527932108,0.010211051559716022,0.13136284723673475,0.05723951866651289
2017-03-14,0.013726293826767488,0.02418463405003113,0.009120333443446205,0.010015986994329262,0.012269020191933988,0.017867621855136573,0.017241633662816724,0.009437746508996092,0.12479839543934945,0.055480864697303955
2017-03-15,0.013595507502134563,0.022735345709367527,0.009060043814293595,0.010060594492346864,0.01049415119154018,0.01824664955178168,0.013140850394877113,0.009251531745645858,0.1250109941100097,0.05665962629531074
2017-03-16,0.012846895346765308,0.022671580470647434,0.00872780741568846,0.009953246619720524,0.010840461791721712,0.01688074658013239,0.014176640150243891,0.008949876135028845,0.12491264970136351,0.058941685483316686
2017-03-17,0.013033214489448941,0.022923021366521912,0.008743997844424811,0.010268292826211667,0.007053423992549046,0.015457709250768392,0.009914633908950643,0.008799279595407938,0.12315831600498295,0.06040070931915764
2017-03-20,0.015845594390563766,0.025113293030453843,0.00863194071633444,0.010070397927133934,0.004321866508505856,0.013778370514448746,0.018098286031311472,0.0087908838072277,0.12846312442603747,0.06432452051545123
2017-03-21,0.012181429830440793,0.02925106397262156,0.008010641190020484,0.0146281380595632,0.008391769820357275,0.01931944808390118,0.015636394851545,0.010869219906808114,0.12632148061244286,0.06382558112074621
2017-03-22,0.012594756135481777,0.02865937962389231,0.007745595988764453,0.013659416629887122,0.007939697499580234,0.01941498436628386,0.014747361269605186,0.010455334307525543,0.1245465649504216,0.06459950043027596
2017-03-23,0.01242708076236343,0.02639820734330245,0.007752563511427724,0.01408846447609502,0.008767052781471385,0.019775119732165836,0.015559023566276586,0.0103004651155012,0.12420555073475059,0.06311601063898453
2017-03-24,0.012648024159959581,0.02711419627275613,0.007724925133914207,0.015327057343521577,0.008550929188867684,0.019609395952140618,0.015390720115473266,0.010270279506210844,0.12549993130444603,0.06605708788949571
2017-03-27,0.012900635503961144,0.02754875507703125,0.008147750082529992,0.015601396245500387,0.007971520915316166,0.018796758840609495,0.01463979993488218,0.010542013576514409,0.10420863198165797,0.06866835454173503
2017-03-28,0.012063210560263604,0.02650594471934964,0.006762395522613263,0.0161568176424447,0.007731121991893408,0.018798790473886884,0.01434132543468225,0.010052738775329084,0.05798292404299099,0.06947345212031864
2017-03-29,0.012045964340957172,0.02633270590760306,0.006645329375775555,0.01620000169157021,0.006715674986434994,0.016694321994844996,0.014315808505287686,0.009674376164245713,0.058139915650882834,0.06977302251971307
2017-03-30,0.011920210290891076,0.026819568408851246,0.006517712959265509,0.01712234103135768,0.007799244929093119,0.02317362012704205,0.016816184901482734,0.009449987883876743,0.0587892856675285,0.06958736627610795
2017-03-31,0.011732267122270379,0.02636730899647355,0.006373928981997956,0.018497429008097255,0.008633408678295318,0.023246605947572663,0.018093517992590735,0.009439804741799396,0.05893941585138851,0.06849745060427437
2017-04-03,0.01142454056183273,0.02625943890844251,0.007388207399350311,0.015654433925775146,0.00863981672340386,0.024334198094628112,0.017082430234504065,0.009623673018811063,0.058945546928204084,0.07284212483470287
2017-04-04,0.014000516848255096,0.02590518265768016,0.009260488246841003,0.016067613698628413,0.007772292135642678,0.022534032133826987,0.016960175460614346,0.009851153709566907,0.055607255750184326,0.07409688845401918
2017-04-05,0.014692923060662277,0.029619664493756304,0.009244430574244733,0.016530437858703007,0.0093350595606021,0.010621081288904044,0.018804091967073333,0.009764215436679935,0.058637083993660744,0.07067742516256503
2017-04-06,0.014485017784997112,0.029789471975551374,0.008997387661332734,0.015274793162735278,0.008859533416791132,0.010817699331300501,0.01877426539237903,0.009136912603923575,0.05849627484790321,0.06876853017458417
2017-04-07,0.014265666841669189,0.029624946243751227,0.008834502811112976,0.01563743643313864,0.008942229364138576,0.00988556430538945,0.019793367987302357,0.009043086204935102,0.057443424944958466,0.06615978061397088
2017-04-10,0.014612479567662762,0.029928524163880477,0.009195185905437775,0.017048474619595355,0.009259281172202094,0.010280496647214754,0.018950601150555135,0.009325366656812273,0.0585910845569928,0.06280253125826629
2017-04-11,0.014298529914800628,0.030096836968962926,0.009428067941671392,0.01573815576911053,0.009038532318582204,0.009901000796296744,0.018746852581969398,0.005745543839136502,0.05887219532100829,0.06094265545573352
2017-04-12,0.014039117527030909,0.029234532318067386,0.009322518452569595,0.01590322364228891,0.009345329272240077,0.0067246629567481175,0.022327572250411265,0.007024521300592834,0.05871989817234646,0.05877452739665334
2017-04-13,0.012939270225786448,0.029195486266547555,0.00847500764358089,0.015188798744975696,0.009703202642131759,0.006741565638945124,0.023230425470785132,0.005106709355700678,0.05834901705188367,0.05728878533505566
2017-04-17,0.011897237315977582,0.029144300892981034,0.006076404945633662,0.013289978812533132,0.01004865951451328,0.006834636997030019,0.028545686859651642,0.00412449795133929,0.058386969130378,0.0570532088695872
2017-04-18,0.012472650877059621,0.029288149992721557,0.005580733427982709,0.013578616038520286,0.009436872253403727,0.007168091803178456,0.02593184004897453,0.003639848226692388,0.05856943577000617,0.056513356489902744
2017-04-19,0.011017041852765974,0.029251725500961,0.0016583868657338297,0.012731868632420706,0.010313106272726635,0.00796074720725981,0.025858955958550034,0.0034060699422509,0.05444576580440552,0.05543867173071759
2017-04-20,0.011023718403385896,0.029148831192340463,0.0017465961531779595,0.013331860357905567,0.01033636923066017,0.007796632536291259,0.026048740452911057,0.0024810498118359448,0.05426545346279976,0.056255943379173834
2017-04-21,0.010268530419298427,0.028386259216364396,0.0004266814465911928,0.013314327061196396,0.008709486209020012,0.00804706324979887,0.022321051355820742,0.002279927181235708,0.05315234654997614,0.04703139745623819
2017-04-24,0.010609081811070453,0.029500009560088802,0.0020547371051742314,0.012669497266522445,0.007364896823958134,0.008979062516315084,0.01772803140574286,0.010991322625598876,0.05093228335921296,0.031091939233677257
2017-04-25,0.010293130454240185,0.029638529609281372,0.004390439048995942,0.013601644760753873,0.006131336875618398,0.009154996860676556,0.01579371251883166,0.010319725373640898,0.051175566017544805,0.03422939663962388
2017-04-26,0.01008701545780788,0.028919504188011702,0.004635158294891584,0.013050957679475506,0.007015223390277381,0.009870064932522071,0.016776048457139092,0.009860460639460555,0.05020223106386834,0.03265715754716991
2017-04-27,0.010212579187469872,0.026840096594421547,0.0052690614372084,0.012732546719472992,0.007551139438514376,0.0160725419808303,0.016014174263833558,0.009350019953578537,0.043563449201465376,0.03240411469488391
2017-04-28,0.009597114808443719,0.026753412256435682,0.004517974707872741,0.012450214200079301,0.0066050775215471536,0.01672634835733655,0.014159214230361483,0.00910357227194214,0.04348527276939418,0.03226469330262116
2017-05-01,0.010138806220779006,0.02754561369101438,0.004522068223204778,0.010771235261181955,0.007659353639220878,0.017372133302710147,0.015625739881437672,0.007884054825727516,0.04428761325306296,0.03127376816658778
2017-05-02,0.0107531772938394,0.02729350469972669,0.005312480519881202,0.015057589061354015,0.007567664823222353,0.021051318913728245,0.01502061335627869,0.007466785712318957,0.04859226068606293,0.032303295558351985
2017-05-03,0.010679766166525217,0.02585215421280962,0.005904152544279784,0.011489975089546967,0.009451822798497433,0.02141254571280915,0.015661798134414706,0.003958381987223536,0.04938378498153484,0.026977507094901654
2017-05-04,0.010980126753625141,0.027410365525122327,0.0060404974576178105,0.01214711586416306,0.009338905352908489,0.027393579497645648,0.014839684487434113,0.003109245900062785,0.05428899017327504,0.02619782151283445
2017-05-05,0.010964918592664796,0.02725370796080817,0.005623910611006533,0.013134078164113605,0.011142003349893237,0.027136510579820694,0.018166389969858532,0.0041058155118378625,0.048443774882075186,0.02658597475650093
2017-05-08,0.011796978488942012,0.025715949220769252,0.006029041344783437,0.015029457009491765,0.011706540749341743,0.02874680827593834,0.018341418783221375,0.003675490567343287,0.05083895954021034,0.0274962336987421
2017-05-09,0.012737755210247448,0.02747050084901259,0.006115229445710302,0.013171948518900134,0.011886413600231238,0.029090174153054482,0.018286338808399805,0.0007019042350240312,0.0516177320864859,0.026445598311443774
2017-05-10,0.012791292832535772,0.027414329842893714,0.006109824573731215,0.012801082890981919,0.012676203892457272,0.030830701746055178,0.01834216404813427,0.0011366732208890618,0.050614218632546004,0.026732428218952498
2017-05-11,0.012489273129222545,0.027662254911243744,0.005615179741861098,0.012325839780930936,0.01158773285295478,0.03344493739665033,0.018010443057510983,0.001034758038694683,0.049852273911488165,0.027551893731662336
2017-05-12,0.01186874821950279,0.0272156433738846,0.005419074211305608,0.011368946359863852,0.009789007973328046,0.035711944477815116,0.01435854793291691,0.00017238181417056353,0.04843109619793218,0.028265023597445094
2017-05-15,0.012777195045674539,0.0279402059993048,0.005811069076556263,0.011862384693763328,0.00937555803086454,0.03773439326848238,0.013442844484437666,0.0002808263645213138,0.05002342298892892,0.02806380709459355
2017-05-16,0.012830452543540316,0.027565731446952846,0.005964578155623901,0.012000098164057338,0.00921094671915701,0.038251419210852955,0.012174945607629217,-0.00013405876844785336,0.0498388433080188,0.028103619342253028
2017-05-17,0.01285058380238735,0.0274871190674415,0.005865554657481509,0.01267150648707771,0.009604675803834173,0.03857787350234787,0.012380716049563034,0.0011256830143133723,0.047425089157531186,0.02796689060301749
2017-05-18,0.012727564605500952,0.026971709468266658,0.005890621794745643,0.009982022218553377,0.009504400936533264,0.03946943169847472,0.01219954673889112,0.0009722862632659535,0.04749447274566032,0.027818800200780425
2017-05-19,0.012496728938263812,0.026325558048383657,0.005362628087377086,0.00954510933354391,0.006620573636019866,0.040544685540481185,0.006037070903422315,0.0025112750399252093,0.048708402227376046,0.027969497380488484
2017-05-22,0.012832868907417083,0.027063774500757587,0.005653893429044654,0.009535918394562026,0.00658827066579204,0.04088998222146101,0.005990986897008943,0.003955452472869103,0.05068973838311264,0.02732877048318305
2017-05-23,0.012886341269698454,0.026835261086778583,0.005671961103303369,0.010288187083858258,0.007180285710622014,0.04100509456898882,0.0068195206882708526,0.004460278832381315,0.0439168730987991,0.025253000914514434
2017-05-24,0.013409409286751384,0.026650762465016076,0.006639173498022455,0.009150661851915265,0.006534212014591034,0.04003407691520988,0.006004381247088464,0.004623409465839723,0.04560064734014935,0.02741719009359156
2017-05-25,0.012245807457134772,0.025796477626946812,0.006306716534771661,0.009035584261672058,0.006332487824854294,0.03804534010783245,0.006109339287863724,0.0049654412414499305,0.04377161570160726,0.027616599764026306
2017-05-26,0.012655991335405181,0.02652323639702825,0.006270746588681986,0.013241442174847018,0.004906693068241985,0.03753919088172153,0.0041439261631393,0.004224182564629864,0.04308255233570368,0.026985148559599992
2017-05-30,0.013480149853310586,0.027095325683254456,0.0070686931572645495,0.014508714581881632,0.00529621858541085,0.03848128325633904,0.003785579738597278,0.00726688303464007,0.04489029297522307,0.028173034087092264
2017-05-31,0.013772641988414769,0.0269590934789119,0.007329380355394655,0.01728275023746284,0.004541739522671451,0.03533936372933488,0.0018942692896852797,0.0074641794423966346,0.044851448455520915,0.026445221814429765
2017-06-01,0.014069991449516817,0.027347984829545258,0.007272884706707838,0.01810322168003009,0.004825867109710114,0.037215415926787676,0.0026484980203869135,0.007251327302722155,0.04475928791548811,0.02517226399113981
2017-06-02,0.013999139428788832,0.02680755618530828,0.006933728864318978,0.008940129313689038,0.004706413295057832,0.037483143571507505,0.002437085344677792,0.00602043394669205,0.04347466939889255,0.027032250083631082
2017-06-05,0.01354700358823302,0.027206455620055303,0.005905357748804629,0.009658277679622573,0.0046004036397728765,0.03806267832581223,0.0020338620121114204,0.005641446945732209,0.04281020366272181,0.02732529014547813
2017-06-06,0.013079764287698303,0.027045640923462066,0.005881322540106648,0.010090607980971944,0.004555169561577976,0.03715740759408104,0.0012902580085445425,0.004762233722404918,0.04486418467817321,0.02791016353321507
2017-06-07,0.013433896141610502,0.02721419268935965,0.006457452362413241,0.009707977822612124,0.004801541701053402,0.03763214060545694,0.001687114213673846,0.0057845027383649494,0.04477734824345392,0.027526437642437118
2017-06-08,0.013483180168508024,0.027088488861076065,0.006515268108226113,0.009399936478673654,0.0062716054863489745,0.03772659229983044,0.0035347032223760344,0.007609545308003618,0.04475502731789649,0.028112678034472482
2017-06-09,0.012335374865235949,0.026309888542330073,0.006161908094787227,0.010064483076253294,0.005678710278308907,0.03701698904119244,0.003445761792631119,0.0074503870194875255,0.043404953304173155,0.025503675336933096
2017-06-12,0.012786299073946683,0.02701960722484187,0.006932402829291862,0.010215548798207852,0.005035019990001777,0.03638573938079093,0.0031285494065784736,0.007560417111300399,0.04973050617648589,0.02453122476580405
2017-06-13,0.012680787006513539,0.02687113323073853,0.006836015321949551,0.00995956860936631,0.006675145914014191,0.03590705202726774,0.0069863380350210225,0.007560271191604073,0.049733618949376446,0.024186348978789463
2017-06-14,0.013293589597776156,0.0269224710274083,0.00688845610883515,0.009500575999063399,0.0063150249114003465,0.037178732207124865,0.0050497922329870715,0.007434949368154697,0.050004646899039606,0.023443789673106785
2017-06-15,0.013138574552766125,0.02692216430380867,0.006813694829402195,0.009466312304988733,0.008818568591090648,0.03850442925665232,0.0073981245271286245,0.0073614683111662416,0.05186826320967053,0.020689046866346317
2017-06-16,0.009556553423795577,0.024652025313926407,0.006506693238709671,0.009039952371588722,0.011087800862128905,0.040073218595829685,-0.0017764277086772529,0.007023247224290374,0.0470537939183191,0.016940975640231892
2017-06-19,0.01047249195479516,0.03132914789218644,0.006928619627499799,0.008824801774854008,0.0017705352815735598,0.032498395956573445,-0.00044019864507882644,0.0068533320016386234,0.04986732659943982,0.018689022217941442
2017-06-20,0.01032612476778172,0.03125892872999669,0.007290566376670027,0.009049882273042709,0.0016156558264956988,0.0322261833692612,0.00032904926688681613,0.007121295721388421,0.04974393138281252,0.017661509824265398
2017-06-21,0.00959944727169093,0.030850173382757307,0.0061714011621729625,0.007857364752506868,0.0005186169335338331,0.03277346678781101,-0.001674599592371484,0.006997324803077243,0.04981043314807798,0.01577701842526924
2017-06-22,0.009668267135814368,0.030220087544444718,0.006117689198058995,0.006170891093235209,0.0006938864124474975,0.032706866155882475,-0.0014811549743261043,0.006898940347795035,0.049283618340880464,0.013265582781179175
2017-06-23,0.009363771007295796,0.029993280091380914,0.005597635239727783,0.006194427804198321,0.0010769429921395623,0.033523429596996834,-0.0011298987347525546,0.006632926274986017,0.06967305244785438,0.011327073847830826
2017-06-26,0.009936887052678367,0.030472274241260866,0.006480116238881672,0.055476091520489046,0.0012337076927442236,0.03369313590740464,-0.0009028893215110578,0.006556974398133741,0.0828675384095281,0.011109060503129431
2017-06-27,0.009757153215497416,0.0298207657127203,0.006466666011043509,0.05575245825305464,0.0014536485021299228,0.03585519317304375,-0.0025657026605641065,0.006583535916385053,0.08295283077257998,0.01035735815751937
2017-06-28,0.009784285082291566,0.029464403357506885,0.006341958701963968,0.056057277013719986,0.00043091836843034415,0.029333696017539435,-0.0048055518798492125,0.00650752825455414,0.0823523517654896,0.010501911852921486
2017-06-29,0.009579274790378678,0.02767717074725473,0.006292495910623419,0.052488649972282975,-0.001215182150764882,0.02923075084790261,-0.0068968699270997025,0.006463495001038044,0.08228001286866915,0.01199378012353991
2017-06-30,0.009118295367458673,0.024826528399082504,0.005621795329918466,0.05456934918096423,-0.0008443781624223323,0.02808132402238983,-0.004781283236874989,0.00423316360584769,0.07926510301237255,0.0117122835026926
2017-07-03,0.00747843363363998,0.025192248486005653,0.0058741688818479965,0.05470714610655181,-0.0006504615225987331,0.02823279741786955,-0.0041661879155296955,0.004419112865405861,0.08023810756733663,0.00861793560107249
2017-07-05,0.007825032290994072,0.026502172489149878,0.005612431124459194,0.05406933989794349,-0.001293134111853722,0.04037280515329278,-0.003693240318609181,0.0045419365613568186,0.08030892027223535,0.009931022983330706
2017-07-06,0.008427458028937851,0.026982785032535483,0.0063089664196882556,0.05485545464647168,-0.00273842722386608,0.04029119639027123,-0.005464087655771888,0.004184394752293041,0.08034466860622258,0.012649953969265493
2017-07-07,0.00853890668918611,0.026499244074099204,0.0060796235089983774,0.05451180321397109,-0.003007786048562111,0.040467979345766514,-0.006763656233958026,0.00413795700777464,0.08002815897367155,0.014676867823987472
2017-07-10,0.008670749479112949,0.026850820914524398,0.005670022280200859,0.05476927702386147,-0.003920486352780417,0.039675884317134535,-0.0069749772130531795,0.0037257340753074075,0.07953295498148583,0.01592486085047229
2017-07-11,0.00829906247563672,0.02676896462753131,0.004918479763815986,0.05615751092103949,-0.004041600390258138,0.03977908600171931,-0.007388117560657381,0.0061787414843395005,0.07883157454824641,0.01675300425728743
2017-07-12,0.00879688348010954,0.02737110302261314,0.005025028879657167,0.05628024595708769,-0.005764504965378947,0.03970056498502972,-0.010081140284815882,0.004829476299857749,0.07864516130394472,0.01823872990163866
2017-07-13,0.009285236591162871,0.027261221844440353,0.005015797016603374,0.057218833898964316,-0.007280782413796927,0.037010536222373824,-0.010685078191250641,0.006324339409069735,0.07875443225833556,0.019321538190388843
2017-07-14,0.009007550260885955,0.02660760521568961,0.004718849258044555,0.056960555136083,-0.008084152434471248,0.03659963525750198,-0.011979146456978618,0.006671242125467991,0.07671786144779946,0.019122940121922616
2017-07-17,0.009418266400345487,0.026906339900466314,0.005122552187200924,0.057277905224730974,-0.007867878391478289,0.03628147256145686,-0.010619255955643947,0.007171818545794517,0.07785415452830224,0.020637852446287575
2017-07-18,0.00990140633014791,0.02671017206822146,0.007298317766666562,0.05686411910768485,-0.00935269334184563,0.035660836422002795,-0.01265589248708987,0.007701521035042402,0.0771268096736113,0.021788558387454193
2017-07-19,0.009755370450842182,0.02654734471585618,0.007231794152144477,0.057179760885817776,-0.00906935657306196,0.03568128601919951,-0.012404078942920282,0.0073978460078167885,0.07682639533370006,0.021789519035491534
2017-07-20,0.00983058648153845,0.027250344227065515,0.007176572021589722,0.057215061482297935,-0.008043950874223271,0.035142948536802,-0.010065268021510532,0.007348049525998102,0.07740765296060226,0.021683773508075488
2017-07-21,0.00936390783037977,0.026007207120799736,0.00651750608408741,0.05676502542011308,-0.008151425649056021,0.03399634541761376,-0.008285898908341527,0.009339685397808495,0.07756293824758331,0.03570167125115953
2017-07-24,0.009593674679174047,0.026764449085057818,0.005293158993808111,0.05572018799671641,-0.007305833170626719,0.03396528823979961,-0.006239683172021282,0.009814832259960715,0.08040558737285375,0.03808063851550303
2017-07-25,0.00995273383818751,0.02697610536975037,0.007001957708220541,0.055000576438964055,-0.008782983246132026,0.03325880682835902,-0.008250425754480983,0.009990536350333201,0.08049878845109948,0.03896030169816789
2017-07-26,0.011173785933399794,0.02785470334015283,0.00736288115800221,0.055630952630108865,-0.009092191832750451,0.026985341751822434,-0.007664290083209124,0.01000634395928035,0.082506850255754,0.03818320781580975
2017-07-27,0.011686802421695841,0.029186451540678116,0.008335274651761537,0.055341377703825634,-0.006401994758065022,0.02842508739918359,-0.005155237060720852,0.01071940577667907,0.08161522003741006,0.040163066025893146
2017-07-28,0.011889416363052963,0.031007330269280597,0.008514421794874272,0.0571975663851807,-0.00912546399222347,0.02825541696951528,-0.010728735867847505,0.010199005548764628,0.08517528374527905,0.041309105871691454
2017-07-31,0.01164034805237213,0.03160254226821135,0.008105888571138475,0.05785245267257988,-0.009422323508376462,0.0268946867872073,-0.011526725001320126,0.010356305055366333,0.08232917180820687,0.041132551152481156
2017-08-01,0.011808361799963363,0.03277200184484097,0.008242146597386757,0.06254066820005044,-0.010504572454523409,0.024871327751263994,-0.01166736262377277,0.009380361531222237,0.08255711922972875,0.041509091303261636
2017-08-02,0.011875998334728965,0.03368083001921107,0.008543092520063134,0.06166608355897041,-0.010639025760865506,0.019550742125542975,-0.01192112710706994,0.009473150807562947,0.0874698363593307,0.042462247853363166
2017-08-03,0.01164706820200645,0.03437789848963213,0.008975207239559246,0.061886973147116775,-0.013542120698399107,0.01638079861228592,-0.014421400134822515,0.00999366116694822,0.09438718896933906,0.04193048087329232
2017-08-04,0.010982468779960675,0.0333817270980894,0.00869755902628433,0.05960700626941984,-0.013472896505489662,0.01466600771544413,-0.012545809136944253,0.010133007598649213,0.09182142379244351,0.04195701403253871
2017-08-07,0.011154028020809559,0.033829606342804075,0.009110503608547704,0.061420464024094956,-0.01403549573977636,0.014342619198252526,-0.012885624163104792,0.013062002453735344,0.09230726969602343,0.044405740129422444
2017-08-08,0.009976419239795087,0.03383913455871235,0.00882345127152595,0.06151522051338065,-0.015821286394661627,0.012310387692221259,-0.013824165902011853,0.012413521635822988,0.09247459435841332,0.04388689804621282
2017-08-09,0.010189130381094369,0.03394624287911263,0.009239930171469402,0.062019943678095046,-0.014821172454153597,0.009694849783569381,-0.013839721286277085,0.012443781360057304,0.09247674811901674,0.04138186644602282
2017-08-10,0.010621581577580086,0.03449312095886481,0.009110606734299198,0.06340167651057005,-0.014137858915908352,0.007285653517215218,-0.012373813785779175,0.012598886496643535,0.09506827950657848,0.041587354221866546
2017-08-11,0.010012213560982142,0.033865950391733346,0.008736767028446168,0.06240956219212701,-0.014396675667316838,0.004860392921986811,-0.012621879590586582,0.012362593602329275,0.0954011750743966,0.03919813540257766
2017-08-14,0.010164875087373515,0.034923602524686626,0.0089770560701381,0.06363130716340826,-0.013761301062318432,0.004718393022533629,-0.010600908228225792,0.012433587124141665,0.09805408080302414,0.03871396000699989
2017-08-15,0.010362022580433727,0.035123570582817676,0.009208772442668822,0.06343925809849194,-0.01316161677563532,0.004323644042193875,-0.008883942638681197,0.011007424500432794,0.09858026688548782,0.037861117963583935
2017-08-16,0.010316981507578982,0.035370226710049524,0.009250079872737293,0.06337919487857913,-0.013068253092353821,0.0033144294744049674,-0.009070937094187936,0.01118964613160367,0.09846097656769959,0.03896925771118265
2017-08-17,0.009949142105117659,0.03521508203855572,0.009103609994720596,0.06355320317056345,-0.012986880006740531,0.003005869205526812,-0.008486253936988875,0.010084461133524014,0.09839313685613638,0.037638128428684636
2017-08-18,0.009471210218841675,0.034881230283543285,0.008810770979861937,0.06468161783572723,-0.01385668663141637,0.0010524045909658941,-0.00879213777353638,0.00856886090034692,0.09683761345676878,0.0370844733314446
2017-08-21,0.00965768625346719,0.03537846379987064,0.009046733519876504,0.06443955256979383,-0.015624298163007921,0.001100802975368964,-0.01225249713768084,0.009024014584427364,0.09803779842084426,0.038774813570928934
2017-08-22,0.009577975373259218,0.03523607052691391,0.009052183896273824,0.06341991473121333,-0.015141379580682401,0.0012489467154068734,-0.011749749210572924,0.009014410278219254,0.0973287346163918,0.038398979878490724
2017-08-23,0.010254943171363662,0.03492896002553181,0.009092233478932288,0.06357856198456369,-0.015120233189361953,0.0018924023916586652,-0.01229978567119927,0.009160458743913802,0.0972954086470541,0.03943079815815609
2017-08-24,0.01022662968913246,0.0347308381646525,0.009045664981658597,0.06373221319184297,-0.015349904874615738,0.0018016921822177068,-0.012682064968123297,0.009467499669703727,0.09737682696612326,0.04049735271093424
2017-08-25,0.010123292903005288,0.034263134162586306,0.008878246144411461,0.06322529181431813,-0.01645858012170387,0.0012239906613074059,-0.013716821444725302,0.006148884286552914,0.0953976886111485,0.04096860013394443
2017-08-28,0.010492150064159933,0.035047721095034845,0.009090072488456835,0.06134078598868098,-0.01601363469377437,0.0020337680307445094,-0.013762365720972225,0.005963824793294714,0.09787185494550266,0.04495507120552156
2017-08-29,0.009317948336331705,0.03497331674280946,0.009281718581430232,0.05795330038927138,-0.016061666293688104,0.0004685457394908443,-0.014340247557478758,0.006503184127649719,0.099163177445599,0.046368135320404846
2017-08-30,0.009199352521526594,0.035090018617246255,0.009335172286253135,0.060586226242828056,-0.014911063753982434,0.0003120412747039669,-0.012444394496057942,0.007472935800740155,0.09914352119890357,0.04580047399624987
2017-08-31,0.009763238273746477,0.03468352999957136,0.010317196636786985,0.06066057299276162,-0.01490710616642743,0.00011565111410605233,-0.01225988739156969,0.007596135867755205,0.09779472660935618,0.044983783993277404
2017-09-01,0.008795639863755866,0.03486852121891193,0.019196763302696374,0.06066148580687325,-0.015342069689134985,0.00013176566747907792,-0.012619786240846809,0.008254855288058804,0.09657279010670194,0.047478155543693834
2017-09-05,0.008488143748249355,0.035913837855247266,0.017891552419206258,0.06197370921612677,-0.014061135311649986,0.002475839465948093,-0.012937570252231634,0.01019211823824051,0.09861765360692987,0.04920562305670351
2017-09-06,0.008828464107858203,0.036249398115507425,0.017684890303083733,0.06385624159267733,-0.014389308128522904,0.0024686068793735583,-0.013122292024535742,0.00788096829659879,0.09924387412924651,0.048812415478718396
2017-09-07,0.008767677702812282,0.03600326093728712,0.017810497154606253,0.06337822218517175,-0.015026283855780309,0.0023293120644964915,-0.014792584452390733,0.00812367003045722,0.09936975117199243,0.0495747533911195
2017-09-08,0.008174497324945795,0.03585331234735656,0.017160045023911774,0.06218395571431845,-0.015850843854479213,0.0010743263824264382,-0.01571355311554179,-0.028276277659714077,0.09568766052340694,0.04993480730066646
2017-09-11,0.0084980233957479,0.036301257355975114,0.017389384435946287,0.06312861999575725,-0.015270564050555713,0.0012193393785477902,-0.014861391620287878,-0.028110118958998287,0.0965808036443947,0.05062244373421554
2017-09-12,0.008857047319341671,0.036739912810839215,0.018229724193564056,0.06262368568693177,-0.015057243273413179,0.0007460355805446461,-0.013419234842709349,-0.028015094473203495,0.0977204345374516,0.049788693546016116
2017-09-13,0.00817349462276451,0.03640574031334909,0.01871608481315401,0.0636430192322992,-0.015589814474737396,0.0006998211450797154,-0.014693034102827074,-0.027699432239090105,0.09740050738184514,0.05137223601385843
2017-09-14,0.008359310212778581,0.03650123247814285,0.018680452300388728,0.06467804410299527,-0.015687310220293016,0.0003515911324178944,-0.013821900331235315,-0.027844799020162125,0.09828929992629609,0.05178322629252108
2017-09-15,0.006979327311300798,0.029940192490989892,0.018549635188378488,0.06428491158325622,-0.010022574497309034,0.003981350102469694,-0.014400752888817703,-0.02775833358939228,0.09527476407466073,0.050862529524237976
2017-09-18,0.008287938870880529,0.0323133891477958,0.01893490604820469,0.06232421574146496,-0.013910286619998824,0.005295445057501569,-0.013078390165293663,-0.02774919165235734,0.09641396372876043,0.052494309059723854
2017-09-19,0.008781596667741809,0.03291853707971071,0.019855213657912207,0.06287862040460923,-0.01281942749256082,0.005171567820111411,-0.011646360485516705,-0.027631915679044772,0.09828518167753564,0.052988377652468666
2017-09-20,0.00880989022370926,0.033016298328511606,0.01992295519020093,0.06381363136342899,-0.0129010991802323,0.00531581589343566,-0.011718765290458677,-0.02756390525068253,0.098250337818929,0.05260396749899665
2017-09-21,0.008882987310709911,0.032925198463714445,0.019895309399760475,0.06320456106778694,-0.012280334827088235,0.0052151529095696425,-0.010617238672862683,-0.027249343939638626,0.09818879042140094,0.05136479678429273
2017-09-22,0.0086648003258456,0.03305969386147578,0.019623730837884157,0.013202026646676135,-0.011699498727194335,0.004850556728195343,-0.00902537444809337,-0.02693077179798098,0.08533338960628156,0.05023714498320464
2017-09-25,0.009034602922972201,0.034479769541645,0.01990176060704507,0.013837073722576143,-0.010911151978226341,0.005095007650167904,-0.007033407845101314,-0.02684420546735833,0.10472428546061874,0.05119405841076774
2017-09-26,0.008998994123281978,0.03420031393695622,0.01980385926509176,0.012945467665684829,-0.009766617894485186,0.0052548818097857275,-0.005495138002181599,-0.027342430949537144,0.10453644136619356,0.05162742468423431
2017-09-27,0.009335140183250656,0.03664757992534762,0.01988887910571502,0.014861248316736297,-0.00868332777001124,0.005257692527575131,-0.004226875999316926,-0.027061434301093645,0.10482036837588882,0.052164278837222966
2017-09-28,0.009947373860359043,0.03913435217171091,0.020464924947322105,0.015462852211174383,-0.01036691790021571,0.00510436319395291,-0.007538816722251096,-0.025359375928300842,0.10460761787364214,0.050824186148624495
2017-09-29,0.010399631817135768,0.038605328190639776,0.02144499115359433,0.014224333340447703,-0.009758147366413894,0.004895470980408323,-0.006740559309207472,-0.025263859984902992,0.10299860375173697,0.05172736450112381
2017-10-02,0.011232830432320817,0.03933131636156584,0.022006444188331198,0.015264926810609758,-0.008471238301326123,0.0050656944639824175,-0.005174039971729494,-0.0298723130734474,0.10280147956759556,0.05261649184327544
2017-10-03,0.010668163680950471,0.03918700646933693,0.02086117652550379,0.01590484912717094,-0.007235639958511175,0.005062521139007847,-0.00392692885078938,-0.02959792097344316,0.10569404311535102,0.05245817549125409
2017-10-04,0.010987864365402,0.040335728648504876,0.020908703025431796,0.021083457930277882,-0.007327458856882463,0.004769646085678758,-0.003880209434562798,-0.02952140208766363,0.1061659878928638,0.052131163865733354
2017-10-05,0.010723147891398721,0.03964779312276212,0.02106282293034023,0.02085382511555056,-0.006742937818009942,0.00463549137763164,-0.003262958246743275,-0.02920357163710996,0.10541854691660535,0.05104410538892146
2017-10-06,0.011521830088317309,0.04004603374936133,0.021732879008638628,0.019411387100022548,-0.007945683358392297,0.004173686555917877,-0.005015972840420324,-0.028885749202781197,0.10611283105423452,0.05108279719250186
2017-10-09,0.012229565234234574,0.04074805906382539,0.02297828996479878,0.019254499655668722,-0.0073318739831153,0.004399856994739881,-0.0038133895697990416,-0.028656685043518926,0.1074906324519036,0.05029866743553435
2017-10-10,0.012747538791758162,0.04083676529170743,0.023965986297779684,0.019835794236733095,-0.006614981826974842,0.006775247928618944,-0.004838078926338141,-0.02856085702736655,0.10791905127192303,0.05180805737502103
2017-10-11,0.013084811489662007,0.04143971192961615,0.02394041867638874,0.0197088877453504,-0.006347077689544234,0.006809539410357779,-0.004378039087745589,-0.028293514655052143,0.10927034946295944,0.05123586754128695
2017-10-12,0.012565647219151765,0.041280556076575436,0.023547702021877726,0.01858920662909136,-0.006313182489001923,0.006710777375754873,-0.004522511006249452,-0.028435783994853026,0.10868862264347956,0.051402785679851126
2017-10-13,0.01365863520297439,0.04173218656277644,0.02434843983653967,0.018861890945233606,-0.006237404798864921,0.00517297559751162,-0.002553541031788731,-0.02892468524575853,0.10894423027258715,0.05126292569022883
2017-10-16,0.014562669402188755,0.0430918753739713,0.025432129727030572,0.019151798321141333,-0.004800163356241671,0.0051885073127055925,0.0004840285270879541,-0.028295689280551484,0.11104563894958375,0.051245513471116055
2017-10-17,0.0160948859860206,0.043313193496514746,0.02862808439897413,0.02071061676136332,-0.004392914423024585,0.0035480504032276983,0.0032408785317956657,-0.028168851804930117,0.1119151036813526,0.050223868363530766
2017-10-18,0.01636937035975672,0.043308758383562074,0.029636874009736358,0.021636968623704345,-0.004448321140055667,0.0026400590223825127,0.0033645740012204772,-0.02985458380230066,0.11073832676507389,0.0499733062079164
2017-10-19,0.016760577670833943,0.04295466158209793,0.029609254585315492,0.02164723072552066,-0.0062110359814614435,0.0021383367683949217,-0.0005343374049007199,-0.029812306788253973,0.10853494213642878,0.04478269846185601
2017-10-20,0.01670167852102966,0.04334363406243624,0.02746150222662269,0.02228884138520737,-0.0073595338366641005,-0.0004817270618522329,-0.00018018932557850587,-0.02876949802718498,0.10940402277562766,0.043858569939582814
2017-10-23,0.015595023926525897,0.0411015975511726,0.02714912392132529,0.021940598987188586,-0.00899909153853573,-0.0036820863131489245,0.00020383584577854386,-0.02740007897977703,0.11370597547071815,0.07654233067575178
2017-10-24,0.016075108095947144,0.04050890772404814,0.028924450708823546,0.02144311410640487,-0.010821383316017785,-0.00722493191459983,0.0008161146611882497,-0.02782197040964207,0.11564620070603548,0.07520733294520365
2017-10-25,0.01600660480215854,0.03916007343394812,0.029299244839329885,0.021632767015780763,-0.008697416660424784,-0.007725813475863985,0.00659187434716646,-0.026977488502796354,0.11067439236221177,0.07486060426240582
2017-10-26,0.01672300020497608,0.039936095204908595,0.030243061661411108,0.021604613280246765,-0.007185180214231979,-0.008071363902992013,0.008948291328054081,-0.027248295589666127,0.11572418828052888,0.07547389431770557
2017-10-27,0.01671327048105331,0.04077791394386221,0.029561359129559595,0.021067131106433434,-0.005244012957460797,-0.007963241672390264,0.01420027198387186,-0.025294953608242743,0.12133617619605452,0.07828587915114982
2017-10-30,0.01706665127181961,0.039998392389929416,0.029693315729899084,0.024300469522006818,-0.00481284712097263,-0.01019567542756239,0.017332050534136556,-0.02465884226640469,0.11615729508066885,0.07848517438441771
2017-10-31,0.017002470839645456,0.040537762393001664,0.02938018724777991,0.027130168013467904,-0.001476366100522819,-0.007515683560528674,0.021253621759690144,0.0038059912048651334,0.11110393050010847,0.0799598087285327
2017-11-01,0.01727547912232308,0.041095541252729184,0.029412834935692356,0.02749402703175763,-0.0025907023450142397,-0.007155732302962847,0.01864226292483484,0.003990211321432735,0.1107910245783017,0.08173823971997773
2017-11-02,0.016840914931729012,0.04046559878194822,0.028967183778018768,0.02686713966067167,-0.0025148266817990317,-0.007226504374194698,0.018437390028578582,0.004057240330621159,0.10880493952003678,0.08069111520026828
2017-11-03,0.018257985667203824,0.041335542818410786,0.029497827030037227,0.026298554933089413,-0.002064598095570136,-0.0068316808843661425,0.019074770347328407,0.0042110587180144154,0.11331232776250988,0.08081060914717231
2017-11-06,0.01894254308910459,0.042079924210777,0.0298246414908776,0.026780684772953034,-0.0015927333735530347,-0.006702394429146219,0.019591896308891243,0.004460601918807372,0.11457737319968153,0.0839767651375618
2017-11-07,0.018996923891787754,0.041580697187598936,0.02978808067556482,0.02554096394504235,-0.00149185682867492,-0.0070137722401140135,0.0197593370592688,0.004956260603445006,0.11215832822939742,0.08344111081123318
2017-11-08,0.019199759243410774,0.04162430237851966,0.029820919975311444,0.02471428593324765,-0.0006907192882265045,-0.0057753279836947335,0.020169159329309627,0.005542241384126845,0.11002674602994178,0.0842696332873627
2017-11-09,0.020057029568145923,0.04105165892795881,0.03025638748666748,0.024228132165976968,-0.002125981498856344,-0.006376983428845073,0.017761270756522674,0.005768735243330436,0.10918205381697099,0.08403518352036499
2017-11-10,0.020172766179133106,0.04130637131387904,0.0300535356150744,0.023975797096543072,-0.004057076161225304,-0.0060527889018139325,0.014055472806504321,0.005608692471615662,0.11403464948693354,0.08436849402757574
2017-11-13,0.020558784003948727,0.04197563687190908,0.030177976676723617,0.02444625302837844,-0.003881334532102043,-0.005444050214942098,0.014018852790255831,0.005694759274134986,0.11544607501671345,0.0850963530231561
2017-11-14,0.020627343372795703,0.04128798252161481,0.03042604558944162,0.02361491385872916,-0.003972597727442184,-0.005512616678403193,0.013757143582169729,0.005474572606672945,0.11563868726046267,0.0882815608585712
2017-11-15,0.020670204427769345,0.041110910269218204,0.030507127371438347,0.02275383642439177,-0.0026818408747834033,-0.004434091048297395,0.014999212022295483,0.005670899904489657,0.11549423265725145,0.08959195666810915
2017-11-16,0.02076528079731732,0.04069487678303263,0.030777841829353614,0.02467370755981113,-0.00039807095442379037,-0.00474534654120784,0.019651147351879006,0.0062592901737636986,0.11431166680124227,0.08992348140349105
2017-11-17,0.02093503715862921,0.04145659650553979,0.030846986168068025,0.026175761000601483,-1.2135034709093162e-05,-0.0027627662299498645,0.01910947925672879,0.00634668344600553,0.11462532162933758,0.09067747666761372
2017-11-20,0.02091368127208737,0.042030430499781835,0.031101735457498947,0.026982775029399164,0.0007711950168594051,-0.0024866779617901402,0.020622005672481736,0.00648991947281341,0.11592371569700255,0.08897421566517671
2017-11-21,0.021136539834331503,0.04194262351904787,0.031104215854504513,0.027801109569758786,0.001016283827504516,-0.002541593620051019,0.021090342985581323,0.007448575365483601,0.11584688281790556,0.08994275027741727
2017-11-22,0.021492228112202305,0.04183333814731971,0.03119234532100168,0.027339981657277468,0.0011992594051815075,-0.0024849381476139687,0.02062445422724446,0.007920966811008512,0.11591729726420263,0.0904226311337788
2017-11-24,0.021629645732638814,0.04131871980822721,0.030969409939233694,0.027145751520906813,-0.0008061934505914081,-0.005470745036847968,0.019788350035119473,0.007889416106753755,0.11410093777881358,0.08980612222338302
2017-11-27,0.02294595609353789,0.041278862531739735,0.03110132553068201,0.02899593020488389,-0.00031881896860974646,-0.0052470369467653155,0.02089342512394987,0.008111574935525612,0.1138915261458946,0.0894721927983968
2017-11-28,0.023183588594115623,0.04115508863423778,0.03279126252180897,0.028387584873181604,-0.0006130485458867296,-0.004998246442852516,0.02066318394412492,0.008098415596430542,0.11393771393615859,0.09056660788864357
2017-11-29,0.02323693386524006,0.041724782069792354,0.03436325358346015,0.028784458906710553,-0.0006136701361301178,-0.005019802292933528,0.02034812074659187,0.008462854638655593,0.11407967930211504,0.09088276150401908
2017-11-30,0.02424383756787707,0.04173732152360987,0.025483548284492175,0.028233569477372766,-0.000760686512983999,-0.0048726300580616,0.02008035892394555,0.009178769490385097,0.11377291439519643,0.08771251730610663
2017-12-01,0.02474595825994741,0.041145676582391655,0.027225088760234106,0.02790924711027798,-0.0017289826309999645,-0.006668775618981937,0.020214471894965502,0.006342146053023523,0.11194689408781833,0.0872717867064392
2017-12-04,0.024740524542763875,0.04248248526835785,0.027555328975298332,0.026779024264660167,-0.0007338611195889522,-0.006536174806119899,0.021887880659722025,0.006850081156879684,0.11355813703345174,0.08787166810847347
2017-12-05,0.025026322787772726,0.04262013703736445,0.027471870138225718,0.02663476610421167,0.000552990322339797,-0.006482295015432404,0.023811038839468557,0.0069972693182847046,0.11325331936152994,0.08723869510544624
2017-12-06,0.024846314413760062,0.04198428398727927,0.02737449763713129,0.026714501118751732,0.0012025803439181804,-0.005213326218416525,0.024678609289261466,0.04484205706375888,0.11243657742930346,0.08740422813673931
2017-12-07,0.02461748323838986,0.04172619772657993,0.0274038716655296,0.032109650385092614,0.0010016582192073908,-0.005286349465314033,0.024601457482372524,0.04432267814697233,0.1108945338083307,0.0873999332665103
2017-12-08,0.024391508809347373,0.04137373237148778,0.026571301152479077,0.03256242504846507,0.0014816012734029105,-0.0048792354496987045,0.024841720951179536,0.04436063159363024,0.10984019183210836,0.08669807521824469
2017-12-11,0.025494165296547466,0.04239001789044883,0.02685857143851833,0.031859825871415115,0.00023578091263942724,-0.004661283579113662,0.023275349780026655,0.04427130173778071,0.11147794994695581,0.08830801026705348
2017-12-12,0.025459571890828814,0.042289197604042705,0.027010114098874993,0.031031105418561022,0.0010784984697858047,-0.004113092791255157,0.023960604523560525,0.045270259077491826,0.11069901552005823,0.08831925139095587
2017-12-13,0.026506761704844006,0.04254567923926755,0.028814150770602565,0.03129671099634712,0.0017154833317536422,-0.003987232932649354,0.025611922390752495,0.04563724448849915,0.11073411327756877,0.08844733647063552
2017-12-14,0.025544401316880405,0.040374065534637404,0.02852414912865564,0.034143895411534286,0.00427488311502211,-0.005719752865202543,0.019674605278355406,0.05121697672262249,0.1096996628197846,0.08756509356351483
2017-12-15,0.02555082859049085,0.03941956813625169,0.028751907116759234,0.033920585043338614,0.004282321696593927,-0.005775768122803782,0.01996747884248906,0.05026229477064614,0.10818720000029147,0.08730433371677404
2017-12-18,0.027544627459641813,0.031608352390777084,0.029145299890195764,0.027134621698505335,0.003404610879004011,-0.011074100021840616,0.020086420228663027,0.0507692608683008,0.10821403317501477,0.08729784620599035
2017-12-19,0.027653837925130986,0.03216383711242732,0.029201559726953707,0.028034903764587282,0.002627504744927567,-0.010975549701190412,0.018769814090597414,0.05034106494724577,0.1080785950737646,0.09024172725490431
2017-12-20,0.028303780983570892,0.03246599472295175,0.02931312654939422,0.027742161761725725,0.0013590244613834734,-0.011107007889141651,0.016072561112578487,0.050191848463686295,0.10755670009988716,0.09418925917370169
2017-12-21,0.028246921312610418,0.03252833053969173,0.029232305054424534,0.027353495954969498,0.0008717978590704334,-0.011439147786807768,0.015393038275768989,0.05039687611055821,0.08818989251505083,0.09405295097041
2017-12-22,0.028365229993559726,0.033149832395244605,0.029313755549440712,0.027049630599534913,0.0003357094641869285,-0.01167016647576502,0.014997477727554553,0.05132861865786387,0.0884298556734564,0.09447960375135289
2017-12-26,0.028836924977032385,0.03377320899649261,0.029792829792525843,0.02784174556966379,0.000764422369781137,-0.011433228642601212,0.015750820801956333,0.05128562368284495,0.09140733816695312,0.09449384147123774
2017-12-27,0.028879938839284636,0.03371798530175907,0.029757163126489683,0.02807727188699749,0.0007682069787844359,-0.011353091952872263,0.01599669064691156,0.05147508654901878,0.09188796774748109,0.09458058821895365
2017-12-28,0.028680869854772473,0.033843068868461446,0.028618708250599978,0.028933943013420338,4.5303672594698696e-05,-0.011419964942323335,0.014923289929218209,0.05095771909710267,0.09233607019455015,0.09492731944439137
2017-12-29,0.028053445659544485,0.033148284150137375,0.02830367853425364,0.027760781061608952,-0.0012613700849420928,-0.0116525552437855,0.011954390593664543,0.05609941536848573,0.09066052672010816,0.09436108783572839
2018-01-02,0.028993041165451983,0.0332587014618948,0.030192978615130928,0.02845634501260741,-0.0010568377451519728,-0.011227979283994327,0.01217599009395487,0.05645684255443362,0.08955123500342843,0.098008357274741
2018-01-03,0.029358526368068016,0.032352609416842926,0.030423055075329275,0.023471400096337414,-0.0011710034530425517,-0.01125939182922353,0.01241488551604153,0.05648739041719675,0.08697909695809902,0.09726000488510955
2018-01-04,0.02916957599020087,0.03255311956719553,0.03027509635847747,0.023061713218405,-0.0008970815519615538,-0.010076289706498098,0.011461870040415212,0.05639908431838414,0.08560811738496898,0.09751527995331544
2018-01-05,0.02914002221082801,0.03224956774225096,0.030374485393505735,0.023218066189260256,0.00022405498186639505,-0.009801484999403587,0.013314893514854376,0.05649463672519661,0.08549335544878711,0.0976261766803781
2018-01-08,0.03049203894595731,0.03211321190226113,0.03194619028496137,0.02320204246646651,0.0001582152867469766,-0.012288594367794836,0.015202240982256976,0.05672555316677763,0.08655005903438129,0.0958380930451761
2018-01-09,0.030494423757443156,0.031338956746062685,0.031359727468774246,0.022221659595737187,-3.2635845966799693e-06,-0.013216433333974487,0.016771772887076652,0.05671211567886525,0.08529284728699404,0.09254550932701155
2018-01-10,0.030251523532110136,0.030954257467438406,0.031556133575559864,0.023042470936309956,0.0007238784319512082,-0.012059986431991354,0.0170964294241851,0.05694690991549933,0.08381764517810808,0.09284449097250813
2018-01-11,0.030469309961431934,0.03087680467430065,0.03178700041800986,0.02330180811876481,-0.00010492316158994264,-0.012457885697198856,0.015869262995021005,0.057426146166151826,0.08289770850102518,0.09272400985375184
2018-01-12,0.030197475427290232,0.03045306666728176,0.031753926424742174,0.02240029500317431,0.00010414450241125195,-0.010971903678275385,0.01418912788917015,0.057590140526439404,0.08262801413693088,0.09212017144148277
2018-01-16,0.028510264612776837,0.030381414109645233,0.03211117641861705,0.027826706800145207,-0.0017098350038872168,-0.010725064325085687,0.010675513393181957,0.05761087240436269,0.08244733033792895,0.09217143459351251
2018-01-17,0.02658493315104815,0.028775092444234485,0.029538385624122032,0.02635077282170295,-0.0024529421630903325,-0.009133039215937222,0.006160417201483748,0.05742463731531089,0.07985534628204416,0.09203327572659892
2018-01-18,0.026986252973475455,0.029002488516175262,0.02982930549090157,0.026186795068594115,-0.0034699348193829582,-0.008208506595407283,0.003976599305860473,0.05760395698400944,0.08035686949280185,0.0916523351437959
2018-01-19,0.027736727284957796,0.0282477846079634,0.029576485626071847,0.026681722591380908,-0.0014905329998959882,-0.00771608253558731,0.007175373793120388,0.057090981320784495,0.078624694219537,0.0906496943755819
2018-01-22,0.027818866375544538,0.02819707486865841,0.030653397766623014,0.02614032105943398,0.0007676279532320418,-0.004826741784785593,0.00910119029586598,0.05619868713852427,0.07854953747855031,0.10836268667747473
2018-01-23,0.02781941848559999,0.030237167141784038,0.03165905604885966,0.025795447361476098,0.0025966083347650493,-0.0014713538416002425,0.009031313317552803,0.05477742011583642,0.07452333759024521,0.07341674930331643
2018-01-24,0.027145084345617798,0.029480084803787943,0.02990832687142775,0.02580058364733917,0.0023074094438670922,0.00017855354379325838,0.006665939387893172,0.054778895166437636,0.06968674645411554,0.07257234443591964
2018-01-25,0.02767552833220699,0.0297428581645498,0.031537720574009276,0.02528730848468852,0.0017147872007470255,0.00013970024069820397,0.005153849844923286,0.05451675920350296,0.06986664591116654,0.07470867669214787
2018-01-26,0.027491883398821804,0.028808486255035737,0.033818908530087066,0.023669775790131853,0.0016341069579630663,0.00027370378126501116,0.004147226958093775,0.054455877392482144,0.06690186974206136,0.07261458166537826
2018-01-29,0.028047603614057337,0.02743868461888943,0.03485622337910255,0.023480556607589298,0.0017397806077459332,0.00033840369264859227,0.0029379396095114974,0.054891951697691566,0.06089503350023806,0.06897709534731189
2018-01-30,0.027658717807857114,0.026906330322139516,0.03479248837106885,0.02020047859080476,0.0007374323344011557,0.001276184462882135,-0.0002034869631616365,0.055578959384139814,0.05953378988039981,0.06821500200941921
2018-01-31,0.027136450429736003,0.025597450981607484,0.03321609951316695,0.018459191355579163,-4.338178348362032e-05,0.0011479525874347196,-0.0005369115883281372,0.025423021418125247,0.0571728428101177,0.06716275796892357
2018-02-01,0.02961210658859592,0.025393188353062923,0.03761557985677433,0.017332011348228038,7.902841828211216e-05,0.003153212286133522,-0.0014776404599398107,0.0259921964849521,0.059317108707900745,0.06360082469810147
2018-02-02,0.029448481511565205,0.025916929360398022,0.03705157244227619,0.0168045615865704,2.642940462038723e-07,0.003084227081102453,-0.0014213162096887721,0.026354760091745755,0.0622270865229726,0.062375203475588004
2018-02-05,0.029854862608476918,0.02596701174298799,0.037019297542681295,0.018427515980241838,0.0015134363553439556,0.0034385264101621793,-0.0006746010992316753,0.02658053595617038,0.05943525783777903,0.06235938580664313
2018-02-06,0.029526546244420304,0.024940270454295588,0.03685942364967909,0.01704068554916871,0.0014405627575808655,0.0028325543495566485,0.00036187194627435026,0.026520719678163385,0.058136289150027,0.06240939798810152
2018-02-07,0.029806764104508332,0.024775287053392603,0.037043549743013715,0.0172785012031762,0.0022500898342721065,0.00320078374977939,0.00196532047440634,0.02620680667230091,0.05786477457716144,0.06170619507476194
2018-02-08,0.029722213744064252,0.024983797316282308,0.03715879015142387,0.019097435161058884,0.0013917290147344996,0.002014772573090129,0.0014418621264380427,0.026010009273475854,0.059117820830235646,0.061134526214130736
2018-02-09,0.029123057557445486,0.0252022353134973,0.03659840823646854,0.0199410094770065,0.0010313227674680903,0.002488281081370891,0.0005073168166196407,0.02560038643905882,0.06265845432842387,0.061476171484949216
2018-02-12,0.029213468102566864,0.024985109789368076,0.03699266772609011,0.019779905768834816,0.0026058504579131725,0.002625671805952079,0.0028578299463846157,0.02588010909538796,0.05824059841233176,0.061842900368431986
2018-02-13,0.029144459345754603,0.02423986115101351,0.03709768310643646,0.019326680185544287,0.0020456470555878514,0.0023600733195245915,0.0016601055549347876,0.02590303854464482,0.05762353264641673,0.06152188612534526
2018-02-14,0.029028747553819123,0.02490792960853505,0.036930185496929724,0.01807804520458589,0.004025706857913258,0.004780990643715066,0.002552590720824366,0.026014565178890114,0.05762515117466349,0.0598341444109054
2018-02-15,0.028985314537418372,0.02464093476273077,0.037103198026378736,0.018615735172270886,0.0024743591272744503,0.0049791994486636515,-0.0003488570489911247,0.02583898615010516,0.05738708662451031,0.059489494406112176
2018-02-16,0.02888235646179016,0.024451149057942656,0.03694707582222789,0.016382507550826375,-0.00048497187902452055,0.0049869048142225925,-0.004051985850461959,0.02477183435049346,0.05742943485293872,0.05835116722579592
2018-02-20,0.02955630359191641,0.024513223998308575,0.03832554455602355,0.01560659870359582,0.0006782511488026,0.0038610094206272816,-0.0031189062196341766,0.02564177481302199,0.05934264432497005,0.0586420199462272
2018-02-21,0.028885191755558592,0.02430436948757153,0.03827648718353882,0.013995366747297844,0.00037193687197145664,0.0038980753199941987,-0.0041675746987772655,0.02521434135506584,0.05826162642080179,0.05865604963927784
2018-02-22,0.02854175420170124,0.02410220769997018,0.03815834319776945,0.01246003172326926,-1.4629751629580134e-05,0.003996159744223071,-0.005703189950335141,0.024367003482935745,0.054885638095060196,0.05784084880142548
2018-02-23,0.028503121675165666,0.023955169104390883,0.03853426209401256,0.012516309311934037,0.0008080295002450555,0.004476777461159598,-0.0042225646768139224,0.024180046383446285,0.05500424330788922,0.05813917806656632
2018-02-26,0.02881630973660876,0.02438028501837408,0.03895783737449854,0.012246462569701633,0.002969513248310518,0.007304315005636441,-0.0030562946884604703,0.024472259178327516,0.05539424059796971,0.058634646243369115
2018-02-27,0.028844626025846143,0.024127343352090325,0.03884490814190755,0.012141981946082403,0.002873983067000596,0.0073666848291893405,-0.002579458244458266,0.024175101576159097,0.05434975311290624,0.05723137412271484
2018-02-28,0.028669035572630452,0.023938061509948483,0.03735647568174594,0.012556060706128802,0.002989813904772598,0.00718914800851711,-0.002489962729317563,0.024238219164453234,0.0542571159693499,0.05555331350744308
2018-03-01,0.02844857383739563,0.02344700550135448,0.03549041063962877,0.012762593029006952,0.002922801500421679,0.006933157200263995,-0.0018277287663313047,0.02413924174027482,0.05405677887629823,0.05490699808466837
2018-03-02,0.0283452382911078,0.02332183669929888,0.0354763499551467,0.010482527881040982,0.0021460417702923174,0.0066243076662446665,-0.0025159508504626338,0.023551816413479587,0.053689308288611626,0.05599355030470199
2018-03-05,0.028576445977879006,0.023379426790232305,0.0359872508277026,0.012825019106504243,0.0011924326579271227,0.005462781028640951,-0.0033909337138501305,0.02364213975683449,0.05453559210955072,0.05606179319140403
2018-03-06,0.02830082322407912,0.022137327206380064,0.036173082105899645,0.012968478986582488,-0.00035977270191100974,0.005251469295886491,-0.0061756367240476395,0.02327384105132002,0.05233124148404755,0.05653999090309325
2018-03-07,0.02783344247135111,0.022149407769100904,0.03610432462055191,0.01313880218762109,-0.0010470725075244491,0.004983182505065464,-0.007105813185757315,0.023532001033473637,0.05201863982938559,0.056269405464245414
2018-03-08,0.027026510840505003,0.02229467973313115,0.03449871560040085,0.01726214060186604,-0.0003135659196308316,0.005000621487290413,-0.0064190806786650345,0.023006778644319548,0.0538449615682306,0.05480053900247506
2018-03-09,0.027118608515759313,0.022133715137203414,0.03430084806348477,0.011884006997282981,-0.0010609776151823125,0.004126016169619717,-0.007491837746121055,0.023397836912446346,0.05569768419814247,0.05410814728437985
2018-03-12,0.027223742011974972,0.022898474017940096,0.034824643848399894,0.012613974230286207,-0.0009586467488889028,0.004344687273062364,-0.007765090629642923,0.02353549871981553,0.05642579707498241,0.0546139235030354
2018-03-13,0.027153984389945096,0.022146218042480292,0.03437408284851262,0.012477839253171696,-0.00038631299701896715,0.004573795097469802,-0.007899984221970024,0.023369912149487027,0.05508830479063698,0.053821498020209635
2018-03-14,0.026832981292576052,0.022078954327797273,0.03397801505094944,0.012783456936242388,-0.0009270694507484967,0.004433851438159442,-0.00882035810867654,0.022760458102785597,0.05500163732117125,0.05402339752885621
2018-03-15,0.025835964544915324,0.021884437244860333,0.0323178741269492,0.012685960124827478,-0.001714091374351745,0.0030721594946852004,-0.009492428430620037,0.022360412140773,0.05488600281568834,0.05379666269496486
2018-03-16,0.02565527658732636,0.021908623683101425,0.032584105557788234,0.012940531590075466,0.00040793490538071353,0.004307021294095881,-0.005233872478597967,0.016858328001914114,0.05458937070924663,0.05351455046161835
2018-03-19,0.027003687018763545,0.02677628060901527,0.033103749188298615,0.007160712011860859,-0.006309912838426079,-0.0028195421794501296,-0.006132239236573911,0.01889984398423583,0.053776531164278385,0.053636384432367956
2018-03-20,0.024753291049196546,0.03426068094645762,0.0327885897137552,0.0124455344602592,-0.004822796049517408,0.0023354610637575934,-0.005026761758909926,0.018692211959923766,0.053647024739420734,0.05320918516450357
2018-03-21,0.02465813811752593,0.03382142532617172,0.032671548986181964,0.012716862197954093,-0.00559695408471117,0.0022219170479089723,-0.006399269714768674,0.018756525220044118,0.053765197233450746,0.0506463480535333
2018-03-22,0.024023079307698536,0.03346809528773753,0.03276120828624096,0.015734090276449564,-0.005260853482602079,0.002107040931294879,-0.005667661594893292,0.01874158491604172,0.05374959229652054,0.04741115048969169
2018-03-23,0.023766637719667028,0.033176779323456085,0.03254387898343736,0.014995645435621707,-0.005796931794537108,0.0019647497915504797,-0.007116903936821295,0.018726426739824165,0.05335547584542644,0.04808579695977033
2018-03-26,0.02386056448367757,0.03304050601780961,0.033078657479350904,0.015664954615156157,-0.00569845280610215,0.002942396694499916,-0.008128742561845925,0.018559732962157183,0.0721813814437684,0.04796311248809548
2018-03-27,0.023407291108211714,0.032360705126748934,0.0327251376744917,0.015389635581741112,-0.005534944852108037,0.003207763147363263,-0.008199717782921168,0.017649778666672722,0.06886074403568054,0.04808289200677063
2018-03-28,0.02371566347703591,0.032687324467561396,0.032814052360647494,0.014557949306011286,-0.005007329068932087,0.002969259003724023,-0.007567129248759352,0.016669979946633884,0.0684318185489261,0.04810727721309016
2018-03-29,0.02378088105038323,0.032528622971480514,0.033269934308859606,0.014713595975422766,-0.004575628499809747,0.0029052613439723984,-0.007189013467180705,0.016612547402636624,0.06678803700463654,0.04778118897324224
2018-04-02,0.02405348038175492,0.033336413362798245,0.034024813527161024,0.015289354909410413,-0.0038925478050384488,0.003244190150191173,-0.006078258494661148,0.01607420118876801,0.07018954246872378,0.049096984665295995
2018-04-03,0.023271408478990896,0.03305816935800676,0.03281205216241734,0.012407027687526995,-0.003989698672350217,0.002690235000042618,-0.005916749820768286,0.015791474641821734,0.06731895370227847,0.04572046864206558
2018-04-04,0.02198077097402984,0.03298084043296967,0.03235916010494777,0.0124709819027502,-0.004396369949198342,0.0026085347203959053,-0.006479981911045929,0.015790935384359273,0.0698741196973498,0.04582831425579448
2018-04-05,0.02209405377492124,0.03261367588688446,0.032553324519243976,0.012109719406460329,-0.0045867622550196385,0.001424613506606498,-0.005619865028499649,0.01525613973048534,0.0711194119360532,0.04534359736128368
2018-04-06,0.021868257342884334,0.032753456175712126,0.032613574490321984,0.015141915988884147,-0.004789445215785837,0.009073129852763762,-0.005824377992706409,0.014813454108999702,0.07122532355907385,0.043939897470447686
2018-04-09,0.02035796405968049,0.032501258694832114,0.030833746145702223,0.011956342301041145,-0.004780963659074655,0.011057712187797941,-0.008161733429245643,0.014422527207929026,0.07007910341224166,0.04421773904298543
2018-04-10,0.02068484639698598,0.033417024469948764,0.03149063597245161,0.012093170268196118,-0.004123832803180294,0.012098679368373055,-0.009058014613807175,0.014430335820450058,0.07164527197208215,0.04650928102142826
2018-04-11,0.020566449563346634,0.032994313887752647,0.031705854381744114,0.011462695539003809,-0.002763589708880576,0.011832381973754247,-0.00633237055573499,0.014253435743543319,0.07164884251568626,0.04542808270745535
2018-04-12,0.020369599361057977,0.03256396942480788,0.03166274938306213,0.015746657405372844,-0.0008245675760730764,0.01221897191328769,-0.0042322604054094715,0.01415302047978173,0.07164623789268032,0.04623374125453794
2018-04-13,0.01988174118872199,0.032513244517344386,0.031929646323763716,0.013413821728473163,0.00029742103560592703,0.011983970855314663,-0.0023705402617463234,0.01420712365482113,0.07174770739683356,0.04580489641205521
2018-04-16,0.02088091848335738,0.03215882264851877,0.031147381996206702,0.008421929173745735,0.0015052518478539945,0.011505036291650672,4.471730825206244e-05,0.014375447848434364,0.07125349311235096,0.045050118018461704
2018-04-17,0.02159047647108081,0.03312233216293814,0.032649793069972954,0.00755656608518307,0.0026109585538698354,0.01130749992716562,0.003422391221844956,0.014127481876919257,0.07215873032863618,0.0432517518547495
2018-04-18,0.021030591475581506,0.03273487608015513,0.0319825932074409,0.007760926848980221,0.003785572236490564,0.01096154548639694,0.005442630012550298,0.013420500374931033,0.07060478176942331,0.04381939829638126
2018-04-19,0.01998720755734351,0.03271023247143501,0.032580620433704466,0.008153591346283573,0.003607335873362816,0.010184354046609334,0.0057718774588604305,0.013987339032664803,0.07207577579888147,0.042461559832431384
2018-04-20,0.01986729877712823,0.032068921571126285,0.03229215130769991,0.009242192391332393,0.0030287339964594207,0.009696876481404493,0.004520986540866856,0.013172912260690506,0.07107337472496678,0.024206671396299617
2018-04-23,0.019850562109752,0.03256510701993398,0.03224952102317924,0.010102143972630095,0.002761837676372947,0.008983960876601582,0.00459829763082098,0.012763817601218141,0.07270260176006316,0.030071569756592753
2018-04-24,0.02001094029060768,0.032817948272303665,0.033084407894452994,0.010560428725970405,0.003663869612781756,0.008142505224091323,0.007230722870552375,0.012541625067906903,0.07604761701350982,0.0302405067763043
2018-04-25,0.019959535245543947,0.03210402608013796,0.03309582138316891,0.010891823584507465,0.0050096180575816,0.009161589068368503,0.009466655807629065,0.012606218157655835,0.07637488782307011,0.027405095803761936
2018-04-26,0.02090094749278104,0.03310050857399727,0.031889422957873004,0.012459995416041592,0.006653419878194677,0.011240562766182682,0.012592089316854072,0.01285978267505139,0.07940942339418688,0.030118135195831508
2018-04-27,0.0207325261732465,0.035551822742107,0.03141146415791951,0.012753517206932186,0.004091435856695691,0.009804382124686928,0.010604401792703388,0.01206921253396942,0.08374860587363941,0.033563934401478646
2018-04-30,0.020652910163214022,0.03604114715086637,0.032239253988704863,0.01424425112379768,0.005099419385306003,0.010914886124867573,0.011674200004158086,0.011327065542779069,0.08673136912840484,0.033116532183675274
2018-05-01,0.021711151934880935,0.036495321164744965,0.034117447157709924,0.013556867663007566,0.005911643961061586,0.010967904813683038,0.012206863416722724,0.01120945536866369,0.08845700721878735,0.032524545355221424
2018-05-02,0.019606542475109512,0.035984678864216635,0.03016687802402762,0.015216650676227017,0.006201687909657139,0.008619327507429775,0.014797306807313726,0.010619295960044628,0.08725927437971737,0.03424539571859997
2018-05-03,0.018983687603458144,0.035596959608270584,0.031106751761929008,0.017330960880223678,0.0064041734133208905,0.011874971297449521,0.015157968454565074,0.010054148318207723,0.09028984064704426,0.035471113762777895
2018-05-04,0.01845378834119038,0.03470688105886821,0.030972089821221793,0.016852247149665045,0.004663950335625611,0.013654938610898393,0.01375968528723992,0.009910742913406656,0.08962059151571089,0.0359737118770902
2018-05-07,0.018355666802330806,0.0351573757955983,0.03132785362017687,0.016639517545172344,0.004129636599692121,0.01600820630000266,0.012770737297224999,0.009923857139218839,0.0896206401632178,0.033988194148744544
2018-05-08,0.01810730890483625,0.03507866255691616,0.03159901662458231,0.017134152837981365,0.0032880925996956467,0.01555403021704449,0.011835224381915088,0.011193154737686228,0.08970877628345941,0.03442624695850238
2018-05-09,0.01812291617329853,0.0348787798887491,0.03159259059806563,0.016951692747511293,0.0038114353932694467,0.016902098027439694,0.01357178141020876,0.011113192050131282,0.08815729066977895,0.03181275154346053
2018-05-10,0.018567112093212712,0.03461330852652611,0.03276566636116862,0.016404549904631027,0.0033402218591140898,0.023090838959404225,0.012187844783143609,0.01192087901325034,0.08526243341293349,0.03298520411419714
2018-05-11,0.018300467141932675,0.03436358556351582,0.032607839805958605,0.012664825766091514,0.002892346848325955,0.022843192590923156,0.0116358602997515,0.01168217953049755,0.08617243374726957,0.03324516978226777
2018-05-14,0.018475013423773667,0.03515504883513332,0.03367850364530334,0.016176408291215694,0.003352692827919279,0.023051057634747574,0.015143981818698249,0.014297429227688507,0.08701260863458926,0.0328019246597997
2018-05-15,0.01844578791756768,0.03500253984971047,0.033827888844752296,0.018132561848644535,0.0006547365269211625,0.01878501004420219,0.015045157129736086,0.014803391647507436,0.0875408574908465,0.030463585918164116
2018-05-16,0.018571571558483102,0.03468668208519299,0.03371027639687596,0.020828012587562394,0.0019201542134976712,0.01729769748110721,0.019076031485604883,0.014622797585594371,0.08752573990701884,0.029080597418220666
2018-05-17,0.018475617647061293,0.03473201319497199,0.03383612974837624,0.02132543699906675,0.003748706859927564,0.017103403915796678,0.020818867292362597,0.01473344473233218,0.08768334822560409,0.028873375805475776
2018-05-18,0.017571691620508423,0.03383104834298045,0.032632138545984235,0.02215010357786018,0.0018054995617489134,0.020760552712754787,0.02045285688316434,0.0148220690012979,0.08615843159247216,0.026766733064217396
2018-05-21,0.01815823873078104,0.03397007167472488,0.03389875968999223,0.02405284626748916,0.00195156372997074,0.02076184374424872,0.02096213444825712,0.014157518373367983,0.08559828268271819,0.027029325278038918
2018-05-22,0.01834815179053262,0.03432075484744335,0.03414636014224337,0.02508654143049771,0.0021306040758950484,0.020958259020379177,0.02218825033796734,0.0140667757839541,0.08900780048919743,0.027673955060545596
2018-05-23,0.018115135518212533,0.034285683013068224,0.03380909021673917,0.02493757767580762,0.002458191140020105,0.02049623591105565,0.022930808035646955,0.013531991259559284,0.08887042637963782,0.02617548681200077
2018-05-24,0.017757013622282436,0.03320543055766345,0.033436748076268064,0.026121497242440173,0.0021931122892326904,0.019961304469299668,0.022979022150544814,0.012927350988821251,0.087727366414587,0.0256298444155163
2018-05-25,0.017447139276698387,0.03327615971199149,0.033393405346104243,0.02514315458998162,0.002429931958547682,0.019863973019170755,0.02330896162735363,0.01277649536757619,0.08773850618044987,0.028021333772259016
2018-05-29,0.017820579407179737,0.034167279768594794,0.03391498439181695,0.025051421566722576,0.0031670023026553196,0.01986811480119899,0.024982039013742963,0.015103037329613933,0.08958757227283454,0.029144604011876574
2018-05-30,0.017366508953475135,0.0342283957804308,0.0343370634060467,0.023600348013796513,0.0025357056980106485,0.020462113908556567,0.022895726001213035,0.015676659168891494,0.08943466201589412,0.030450575880550446
2018-05-31,0.016836392585142468,0.03425101854579671,0.034334210371141705,0.02722865990221779,0.003918944217436993,0.021696146244262415,0.02412370028289801,0.01559225913888751,0.0894450379297762,0.029465189545476056
2018-06-01,0.01686864682407263,0.033834800788639985,0.03359970435845283,0.024782829176075438,0.005634738261845795,0.02169369316623171,0.027132934374584305,0.013580001559797994,0.09029972689484311,0.030669895666974645
2018-06-04,0.016590588023009722,0.03357554706176291,0.033707500335064644,0.02506983925479589,0.006239556601035368,0.02206058118039622,0.02811341121796196,0.011212541701274281,0.09149281851301105,0.029869251018359577
2018-06-05,0.016613216226131433,0.03359497418486068,0.03397601943878037,0.024837220573425967,0.002727832072414227,0.022440788399771705,0.02657301820655089,0.010804659823634877,0.09202720735250947,0.030422935768025017
2018-06-06,0.0176373024866312,0.03373638423078451,0.035850773973301164,0.01790767087141365,0.00016526149396334233,0.02300513034204532,0.024981132251393978,0.011430674692369802,0.09025983199691545,0.03279975769208443
2018-06-07,0.017767729057010184,0.034213032139713384,0.03586433569302905,0.017962579547454505,0.0007023923607014648,0.0242429880866879,0.024449126806697974,0.011418368119012756,0.08887916053449052,0.03180875088812707
2018-06-08,0.017567567155815977,0.033330980809517685,0.035424379136628215,0.017088684478998584,0.0013259783573380535,0.024008027534635268,0.026646085122536523,0.011610041186462805,0.08893202760565266,0.030353879457141186
2018-06-11,0.017573813679824468,0.03368455847432639,0.03567364660309846,0.017013673485306136,0.0015669936039732768,0.0236776999078967,0.02772638408163397,0.011924056249229542,0.09054334693765309,0.03079739919061142
2018-06-12,0.01788432951755481,0.03395215082632297,0.036056930963312084,0.01656234541063384,0.0015297864414702822,0.023749164924884658,0.027693406675508125,0.012250875723611276,0.08997313109337823,0.030077743951813396
2018-06-13,0.017598410128230046,0.033684576961746426,0.035754280829147556,0.01666079257069586,0.002000977491276812,0.02494489839893621,0.027432069917070034,0.012454741122251312,0.08980760284540601,0.029361030390236742
2018-06-14,0.017857609080462078,0.03334883681888301,0.03572795214912228,0.016326679535832778,0.004772291466054401,0.027518448102838988,0.029460994866292944,0.012455682655356348,0.09008457048736451,0.02912929356899885
2018-06-15,0.0164509630370564,0.02870582401405808,0.0352946675859811,0.02213444047570734,0.011879486505644854,0.03593028541810295,0.030046414826093937,0.011357015642994739,0.09051401484386967,0.027112938081546023
2018-06-18,0.019913625469352825,0.03541480056576796,0.035667142218676284,0.021222710800103517,0.010389188645605563,0.03939502907524206,0.020666281588102242,0.011553834709643551,0.09174801146057132,0.02691685060831084
2018-06-19,0.01993399026973086,0.03497607140541392,0.03584272707018421,0.020654396295699318,0.013691106702820921,0.04102564730530678,0.02543574151252037,0.011844455258270381,0.09176231115234978,0.025472443611568973
2018-06-20,0.020360057573841628,0.03440141930486096,0.03572002083593606,0.015339356224296052,0.013086256569402988,0.04054757825366617,0.025047838270077838,0.011852983903052117,0.09171152560454843,0.025414191448200674
2018-06-21,0.020491396978616905,0.03417187353136497,0.03587080780612362,0.016615257671125816,0.013878009515930545,0.04152651050997491,0.025593022707528945,0.011697289954591739,0.0917143398748268,0.024829633902606174
2018-06-22,0.020353934851550903,0.03361838108426474,0.03543779956962023,0.016750332069848106,0.013289088871351717,0.04048633753289721,0.025609675607730864,0.013612282471273218,0.06995566828181765,0.024241681194292042
2018-06-25,0.020746282086473666,0.03380327624954749,0.03591170285576917,0.10686524292680732,0.013003932159778575,0.04035338678015332,0.02509658834424444,0.014462529747033104,0.06493336494066604,0.022645543262969303
2018-06-26,0.02053501925442691,0.03326315462892837,0.09364955763378413,0.10578569152305661,0.012849900145192272,0.04064344812918641,0.024920380618783433,0.015585302243473986,0.06531968299475488,0.022071954967574525
2018-06-27,0.020412262244678958,0.03307377769942588,0.09312595031903581,0.10583839359931568,0.013226111581556177,0.04066048974381009,0.0262296150493746,0.016064297473091127,0.06666147993859695,0.020762297459428813
2018-06-28,0.020444859004150162,0.032082109142969495,0.09313327831413987,0.10530652725118483,0.012027189724850507,0.040508775363439886,0.023067263547050132,0.01635876592210561,0.06495660687563554,0.019016305375822995
2018-06-29,0.020466273599304197,0.03154646549179274,0.09321456208153944,0.10708568429977938,0.011919014660358274,0.04201931887257815,0.02150575905595198,0.0163546735291058,0.06621916481682644,0.019830691449822746
2018-07-02,0.021265506446218607,0.031774460216901446,0.0940433335828581,0.10697406610968141,0.013073162687069262,0.04202214530255155,0.023319206760779032,0.01698167687190022,0.0702876232156453,0.01961160527793604
2018-07-03,0.020979000289712335,0.03197147523705102,0.09370794750115508,0.1071801126320775,0.011296389323952827,0.04018795719171364,0.022204106782848676,0.01765212324674459,0.07011346313171885,0.01999291807146375
2018-07-05,0.02151127324376234,0.032160516709139664,0.09381880677619692,0.10416596977164305,0.013524603177309746,0.03315578034546829,0.025545409276210407,0.0177649188801956,0.07062892607726123,0.021651638812417273
2018-07-06,0.020955915890612076,0.03176972762187824,0.09239375196858068,0.10773946147773805,0.013148402403223569,0.03361278848190752,0.024540818980560708,0.01770580386234033,0.0694439208294062,0.021831738820543567
2018-07-09,0.021216277313258702,0.03242856987932674,0.09276158831366699,0.10702965739142378,0.01364681081468655,0.03216214155521202,0.025330976616191325,0.017966676330224418,0.06980252820618937,0.0223101975346931
2018-07-10,0.021262569751963944,0.03249095226385745,0.09228015311999993,0.10694768288243095,0.012284453233582404,0.031853517728914316,0.023330842577107713,0.017991945035034096,0.06982641577692417,0.022215363930642607
2018-07-11,0.021187365505558997,0.03250629763291979,0.09205769663155738,0.10251845564016171,0.010878626785134182,0.030942698904548482,0.02285445469750047,0.018465387216287876,0.06993826991030105,0.018405288360646255
2018-07-12,0.021045839866824734,0.032448855952602385,0.09187866614153939,0.10604791055113894,0.01048557574035125,0.031008734194066356,0.022984390812943012,0.01815328252121451,0.06985319754662234,0.018531470350398926
2018-07-13,0.020876127515563336,0.03176846703284264,0.09116918214352032,0.10525933835551138,0.009809500730834086,0.03166789724950991,0.02124620729557436,0.017623429967076998,0.0686057445568431,0.018068945726261276
2018-07-16,0.02130586174625848,0.031972583255208464,0.08941977802348533,0.10578329907456441,0.00957724758022005,0.03210385711268726,0.02095343946876449,0.018265014661033918,0.06979154265874876,0.021377119724151905
2018-07-17,0.021274442909331448,0.0316622169884937,0.08920215801911313,0.1055853029408671,0.010646976340781267,0.03259484362862586,0.022785350065944954,0.018492417436813957,0.07032522360455795,0.020658376230243025
2018-07-18,0.021597054205574784,0.03131093162015608,0.08871323911883167,0.10498678226144342,0.010663562875696142,0.03328419009548256,0.022802460785772638,0.01833318874146528,0.0670519743872906,0.021703676151940465
2018-07-19,0.02206435358284753,0.03193675336730761,0.08966309064905942,0.10478656274668707,0.014060960534533873,0.033657636392798285,0.02929316773862567,0.01923061358657696,0.06768417344285571,0.023403423250909494
2018-07-20,0.021367084181969975,0.031645727254681955,0.08858057318157164,0.10507486064484994,0.013265738027234741,0.034352439747002306,0.02657912853091471,0.019675624899832878,0.06694398095661391,0.019734808596515885
2018-07-23,0.022100755444746323,0.036893530000663866,0.08787170289053203,0.10466928916590978,0.014100744980083846,0.0354479837538364,0.026783056836960917,0.020035901168254933,0.06724152708670728,0.04394731048568823
2018-07-24,0.02200820155429617,0.03723428067948986,0.08595290242878884,0.10536864940963597,0.013694259995911562,0.03409384782002545,0.026330581743064574,0.019815838469426028,0.06831055333607394,0.045028097468304606
2018-07-25,0.020851318459167656,0.03550466019220977,0.08471286545233059,0.1049709513405741,0.011797765215086908,0.031971520275858145,0.02324220007821909,0.019961864806329555,0.0643934671020816,0.04216793407212749
2018-07-26,0.020875989600263933,0.03201129114431467,0.08510193566575275,0.1055113417129212,0.012257729017757235,0.0334192646358511,0.021653250704320337,0.020205787283633647,0.05623258130017139,0.03963151129776632
2018-07-27,0.020521786214535487,0.03087103609695485,0.08411669389431053,0.10393166522442399,0.007905079749403798,0.03298587153116084,0.013749997876539188,0.019597724475921785,0.05232486393316793,0.04000793906623468
2018-07-30,0.021702429046245086,0.030999872174902077,0.08518899478861286,0.10455102523051663,0.00591080038005809,0.033366470146258376,0.008968381311002194,0.020045478023982932,0.052442171576801755,0.040449748707741984
2018-07-31,0.021815882875958037,0.032203343018902375,0.0850308506609958,0.10342239512223572,0.005430283498004229,0.033239369062621815,0.007411348746938051,0.020088958311941463,0.053241504704329534,0.04101750232637458
2018-08-01,0.02234242324939384,0.033586207002682,0.08553083276178874,0.10318396146028452,0.007047591298267264,0.030610185995298966,0.010144606180744198,0.01998668665603831,0.05057079962010502,0.039939476752920644
2018-08-02,0.022520545391197633,0.03346882461884815,0.08558155257871025,0.10071974679378504,0.007858788921234927,0.028202105677129552,0.011088022703311218,0.020880526483847417,0.05368252402311113,0.037929687768036624
2018-08-03,0.022720940734857198,0.033053479967887434,0.08539964428303914,0.10626654841855188,0.008241587169920184,0.024685358278486946,0.012697883137461563,0.022144769184052837,0.05347862260362368,0.03787273457567464
2018-08-06,0.022717414600021968,0.033381702552732984,0.08570726113100346,0.10670312585719399,0.0063194815219353995,0.02564581214624173,0.007972442812899994,0.021563930638430318,0.05462665948216361,0.037947231553875804
2018-08-07,0.02263379655506248,0.03332640681576793,0.0855937445713224,0.10694796419600827,0.006023992992119531,0.024343882926543214,0.006880487187811646,0.021544075673849417,0.05615350083241433,0.042164645892481145
2018-08-08,0.021960554880943395,0.033147451622355106,0.08433589992603974,0.10599143471833061,0.009729389796937937,0.021437367134804042,0.010862728383640441,0.020810634135860262,0.053109192951711126,0.038906697499751175
2018-08-09,0.02167599923200303,0.03284540439390171,0.08415021181727056,0.11032119240535843,0.010263107714803876,0.020006880389277226,0.012549137900723872,0.020552586727130118,0.05142229485468741,0.03799750393252821
2018-08-10,0.02140100015328139,0.032004549422241624,0.08275143228119775,0.10703456095884079,0.010107686192709409,0.01886629703651166,0.010476313784316238,0.01817434272738727,0.04981716251624513,0.03707201581961872
2018-08-13,0.02110714137402958,0.03207176787811661,0.08303662955441204,0.10730789481785119,0.013468689754968288,0.02018511191031158,0.015400141057455574,0.01789254909366611,0.049039893321803696,0.038173058827096096
2018-08-14,0.020955953116991166,0.032148565419076736,0.08311404910637221,0.10378232327921721,0.013410681788194712,0.021695970470264836,0.013920396879400387,0.018124972549004248,0.04930946680370263,0.03907346396434863
2018-08-15,0.02107359577159107,0.032142784114567835,0.08279142738746037,0.10323262424635504,0.013627674978870852,0.021907704960435925,0.014055960107429488,0.018193785464311496,0.04905991188401759,0.040316884211236914
2018-08-16,0.021234687129882968,0.03237380547412272,0.08325907819336043,0.10242355482590981,0.013218540133360879,0.016743155464651105,0.013595608689028538,0.01715670547502035,0.04854371754564202,0.04353295008336566
2018-08-17,0.020455367251465573,0.03172787032809521,0.08168248370352771,0.10097482455246665,0.012598413546747622,0.016674738620531704,0.012542770356699373,0.01884742774930559,0.04868342382181612,0.04588373567259385
2018-08-20,0.020779346178524838,0.031939991222149855,0.08216675007292773,0.10077050094391682,0.012494718187889386,0.014763013969389505,0.011726695870368786,0.01947762358462124,0.04962952128057485,0.04503647034718394
2018-08-21,0.02072450703575046,0.03210332176968289,0.08212231092388822,0.10055739223407589,0.010937529822153236,0.014485105385997343,0.009144397148592054,0.020053164364594034,0.04953126619533421,0.04484326630220159
2018-08-22,0.020461551050357185,0.03208438641785816,0.08212914247197567,0.09947965930427771,0.011248732185293653,0.015159635714776964,0.008981897543076656,0.02051404154087777,0.04949849323078315,0.045871657770790275
2018-08-23,0.02090345486220757,0.03156492110057085,0.08201283263994119,0.09981806258828474,0.010821318038238159,0.014819657790812402,0.008200870184219555,0.020408021031565582,0.049460541849426054,0.02228713379160463
2018-08-24,0.020410475264291073,0.0309144892379567,0.08134270879381544,0.10113042570371578,0.009917529421733962,0.016643603075044755,0.004695030288026425,0.020055170111132226,0.04764636685510393,0.021863945243204785
2018-08-27,0.021096384068671536,0.03156922585135957,0.08169160151923371,0.10223179117590608,0.01031176994770977,0.016440984017068283,0.004945945110925276,0.019423285312470284,0.050825781359044475,0.023466524881274875
2018-08-28,0.021269767841586296,0.031648534493555314,0.0816936832971169,0.10130880754072313,0.009353592185414206,0.014837773730037807,0.004228942383346146,0.019307284887239984,0.05039560946640864,0.024094686233486762
2018-08-29,0.020823114287413125,0.031553197909380604,0.08171896674464274,0.10155189552743416,0.008119792129653192,0.013270170291626249,0.0024025234418747488,0.021197014507074785,0.048508123028629946,0.022278300931486417
2018-08-30,0.0209146814158383,0.03128141985000488,0.08135589227366946,0.10121592236619259,0.008019572692652854,0.01245090940398108,0.0033045408463601156,0.023527122776162868,0.04734211100415231,0.021756398890804052
2018-08-31,0.02107650087407742,0.03092713864269947,0.0816312046775054,0.10079518781535701,0.012215692180712168,0.012381570786564655,0.006286942168457488,0.023455743467514,0.046794331174382364,0.020626332013627513
2018-09-04,0.022002499793855712,0.031559729925032975,0.08339582110552168,0.10277876867391833,0.01474643515224816,0.012028941253959147,0.007614075138399512,0.023990558255106542,0.048471624261641644,0.021014317490652745
2018-09-05,0.021854260556201544,0.031156180638297615,0.08338864511698363,0.10193511390570276,0.01458008997190241,0.011736488715732962,0.007834506724611279,0.023909773121196354,0.0484296903882897,0.020221300283271182
2018-09-06,0.021913167783213172,0.03128835044734379,0.08359184804751929,0.10233259185921018,0.013939478136038908,0.011871798361790864,0.0057914983276510235,0.023896033391718863,0.048025469972580614,0.020994689768485397
2018-09-07,0.021577952500908548,0.030831701570639636,0.08300782473203361,0.10212063304561592,0.015750877880425396,0.01432225228722217,0.006919766254383175,0.02353844219771206,0.046465392790318694,0.02100793334101758
2018-09-10,0.021931071807750335,0.03120730254323223,0.08310043947048373,0.10217224882516796,0.018419792692206283,0.014642036206246711,0.011994356256262106,0.02360950494614711,0.048843578361512874,0.02104914427256377
2018-09-11,0.022638132337060357,0.03133320002865503,0.08423395375537845,0.1014612369795731,0.018818358525337642,0.01372422104243709,0.0122296799963717,0.023817314559985814,0.049275391373144295,0.021259164757924998
2018-09-12,0.022311329908537125,0.03144351822467106,0.08401028735758564,0.10149099447551646,0.015302104020870955,0.010907538277791895,0.008864142397271735,0.02389327022491905,0.049172587115447364,0.02298209835478482
2018-09-13,0.02255762789975302,0.03208719110811398,0.08420399363964393,0.10173738727677728,0.014360079015707017,0.00899782976697372,0.008148430988206057,0.02406893635119789,0.050319824057799334,0.024716265085110045
2018-09-14,0.019287563189691825,0.025440149333795015,0.08372873989711893,0.10314942920092585,0.015707346600188243,0.0061716302939478496,0.016797703865345515,0.023269519862886057,0.04960760915284523,0.024590944054471153
2018-09-17,0.02036223433365114,0.026066584208194188,0.08402903257156602,0.10397138170656617,0.01319216600695583,0.002354942066910004,0.013308838984555038,0.02323492754202272,0.0506529734008998,0.026357760310546485
2018-09-18,0.019767445929306016,0.02617908822102355,0.08411746994446401,0.10628346632447738,0.013745836945175949,0.001180780806588455,0.013979365655439002,0.023188872351640466,0.05063362086915646,0.025528721852275282
2018-09-19,0.019866655381289844,0.026148623047712816,0.08409748119517868,0.10412393302261491,0.013568937117482083,-0.0011559608251919817,0.014538908085935276,0.023350488629529487,0.05082029892347961,0.02562716397957776
2018-09-20,0.019906830430430622,0.026304614785872538,0.08436372241515477,0.10427858497788645,0.01353206382085781,-0.0010766762573645172,0.014168931816451957,0.021444577189630998,0.053273497872282194,0.046722322044121745
2018-09-21,0.019112607116898106,0.025769560868878605,0.08378578020845051,0.01460526468792378,0.01340977928686482,-0.0013143328333374837,0.014796866181815638,0.020956376831342105,0.05902276824433539,0.04699394796512468
2018-09-24,0.02539844696863769,0.03199432647382516,0.027208338121782916,0.011038672108414804,-0.042748958564271966,-0.018144514406634116,-0.0004653992691223685,0.020955801408228947,0.06012600934985768,0.04800241164683561
2018-09-25,0.025054054494187517,0.0323116798368519,0.026943548165563103,0.01106668846035297,-0.04347888197590266,-0.018378761008661204,-0.0017911814431931239,0.020495527197768926,0.060839058927176115,0.04946167572512383
2018-09-26,0.024771272206903783,0.03231716680141772,0.026224417922353416,0.010957718468167288,-0.04075042628265202,-0.02101110233120651,0.005234518870226967,0.020684072837716894,0.060904659963710195,0.04982101077571088
2018-09-27,0.024748095705795725,0.03281559506907694,0.02611610250274854,0.011350791882435596,-0.04023586563357551,-0.029206147800537208,0.00799576241458122,0.02072339908618992,0.06083963853440455,0.04875130263267291
2018-09-28,0.02465782451273779,0.03289003582203209,0.026127994755245965,0.01117611432255261,-0.04139779717891534,-0.029097391955111407,0.005702165128660397,0.020101408587080094,0.056539711919913804,0.04994540547398452
2018-10-01,0.026934109343589974,0.03305525366525064,0.02692122698513333,0.011294276998900177,-0.039608514031040265,-0.02707236880306263,0.006724590436312905,0.019817710488846396,0.08460784664068788,0.04991538166776355
2018-10-02,0.02655696972740018,0.03279797810886098,0.02694050999913422,0.012983408312805977,-0.04121713688910633,-0.027830627957715737,0.0045817534616288125,0.02030702816219443,0.08491764986308392,0.048628821693658786
2018-10-03,0.026550112010652605,0.03265012997356731,0.027184826882458157,0.013383812058197053,-0.04061415803176127,-0.02804808576321316,0.0057919335682752315,0.021279440585855625,0.08678416651788701,0.04821238013644491
2018-10-04,0.02587912111972579,0.03148694267342833,0.0266647794090753,0.01497256308630912,-0.041166635038885624,-0.024278298904099826,0.005290762768092927,0.021108606981671274,0.08484653407524134,0.04582889082011543
2018-10-05,0.02602556178956128,0.03158795627550237,0.02719186414524044,0.01748293535153178,-0.036998810852416186,-0.02111119980512033,0.012233544742115354,0.02066342968977053,0.084828717735151,0.04553988575908363
2018-10-08,0.026844113527097146,0.03224632998323251,0.028272375481965817,0.017048626573587855,-0.03358274473431133,-0.017032554234019837,0.014046645766494947,0.0201564590187977,0.08530266662357167,0.046795160813528636
2018-10-09,0.02704163959817185,0.03188886757176346,0.02853538885786011,0.017388023621648152,-0.03350266423682546,-0.018390249256813984,0.013835899811965202,0.020514933684055103,0.08536850957468145,0.046952175436655086
2018-10-10,0.026782640042189998,0.03214277482673111,0.028435673559681574,0.017614261979152612,-0.033752874674190525,-0.019271274756538337,0.013936431238311897,0.023443461159584178,0.08543906963595616,0.04775726189105867
2018-10-11,0.026165014898929417,0.03181182662222648,0.02836011417959683,0.017834681554728338,-0.033550343349720846,-0.01979944080121765,0.014634862654196557,0.023238541186940465,0.08425522035005062,0.04727283710190511
2018-10-12,0.02628664561010008,0.032426330236522194,0.028048290785140928,0.01803364966747334,-0.034317120550687696,-0.019967860074081245,0.01343092697228987,0.023164414568840108,0.08465015960195821,0.04755310163686044
2018-10-15,0.025531298996055662,0.033612082637836105,0.028484039854921983,0.018080070670809523,-0.035351103754627466,-0.02050867662600342,0.013160328373500896,0.02728828633905489,0.08559811005390383,0.04827884007166405
2018-10-16,0.025153289993541383,0.0330311678576507,0.027363656778236267,0.016941076325676097,-0.03797971512468401,-0.02104362444318386,0.007888240477971875,0.026585058480492085,0.08486501348267006,0.04884987971510202
2018-10-17,0.025441701554076435,0.03243573847903791,0.0272204861821006,0.016111621395994646,-0.036176860127314914,-0.021088256774580705,0.011337935819070832,0.026012304692390353,0.08375227025166132,0.04734691880035191
2018-10-18,0.024987230397208515,0.02684162934694112,0.026930301035667403,0.015901228676213686,-0.03696018302106352,-0.02341666241683238,0.011755548713476172,0.025441725552925787,0.08204692731385066,0.003814864847706323
2018-10-19,0.02455498823785951,0.02604430765733934,0.027228665845074218,0.01741374044442856,-0.037554681651919,-0.021698821026069792,0.010137844912319727,0.0253348902947792,0.07777420048729256,0.003282750785857713
2018-10-22,0.024495565549047527,0.02674988446747939,0.0273593875822018,0.009403821932735701,-0.03697726628477471,-0.021830820363195835,0.011071592574872557,0.025042602379509393,0.07980526041567781,0.026850877322335043
2018-10-23,0.024956891112018376,0.027516383639389463,0.028842912374031693,0.011425583106541515,-0.03687591315602046,-0.0216911269256308,0.0107501894050952,0.025172453499090253,0.08269627172159821,0.0259814128211997
2018-10-24,0.025219919863703977,0.028681622787002814,0.029043186108859365,0.011958227005788524,-0.031819500154212976,-0.01642159384822195,0.020197560884994914,0.024810836582325413,0.09135617241171534,0.025447458558758518
2018-10-25,0.02397447650194695,0.028920265706318338,0.028256860666121986,0.011119129599442612,-0.030479488947599442,-0.017446076502862673,0.023647175922459462,0.0240970128407052,0.09328400777573309,0.024627335941044937
2018-10-26,0.023401379794165678,0.026558893699204722,0.02811115174786094,0.011067607745097519,-0.031616096134474136,-0.01745213963114378,0.02093513281067061,0.02378302260147902,0.08826449306330297,0.021912627599353085
2018-10-29,0.023971941727574553,0.025007190628698828,0.027749801413021302,0.013486055884054382,-0.02420054250188064,0.00978359804723028,0.01757273767892764,0.02397588457062061,0.08792335139598983,0.023230270979469614
2018-10-30,0.023507974302370727,0.02530699674748127,0.027787005724465352,0.014934285038961992,-0.02452561157932176,0.00981367365602459,0.017026734467432414,0.02305025353656287,0.08364398504405335,0.024454586798247302
2018-10-31,0.024090634471330974,0.025028404008387017,0.027367625902725567,0.010368992341602823,-0.02467147517994972,0.010411941204552466,0.015722103030255008,0.02085539911156653,0.0835546549824091,0.022705909816778558
2018-11-01,0.024214650199269272,0.02565692275518927,0.027007027962212105,0.010548920275345486,-0.024489823210907535,0.00865071470060208,0.017588365581505006,0.019868842227314998,0.08297278447538203,0.024550060146201425
2018-11-02,0.02322237068637034,0.024751887800659844,0.02795564005081519,0.009005466877954227,-0.045778636321051724,-0.012996318284087649,0.018652838636510127,0.019033959509768605,0.08028172029913949,0.023298176973558515
2018-11-05,0.024082838025956343,0.025987625849851037,0.02876337893067693,0.00905195982721474,-0.04754005083932167,-0.0160131681841168,0.01881661641797283,0.018979512737714366,0.08166198016192339,0.024781222099923506
2018-11-06,0.024094140872232828,0.026800264250043115,0.02879912433449827,0.010152928912835257,-0.04828898438983731,-0.015070703176272793,0.017254914736712257,0.019452831531060033,0.08163198087249235,0.025180458830576846
2018-11-07,0.02421156088889398,0.026461636358009022,0.029065729526041917,0.00935588544388355,-0.04914240929252067,-0.014361370846674104,0.015567234814344966,0.017635227387932106,0.08158687053545077,0.026208576472937173
2018-11-08,0.024753086156454218,0.025934946054694263,0.02854358247247979,0.007704164597026608,-0.05030932963910839,-0.014016393229822066,0.012898739201818943,0.017563480291231004,0.0817664053056315,0.026125006508660675
2018-11-09,0.02430555504493981,0.026017662224989246,0.027312715704952417,0.007922944650510244,-0.04986949176771749,-0.014457770926563085,0.013565535293218023,0.017273347745367262,0.08235819828821422,0.02486820396931666
2018-11-12,0.023587633618713966,0.02627307822863756,0.027694652894484362,0.007772376865337494,-0.048795854389238946,-0.013983279477079447,0.015204313507932943,0.017239877927043512,0.08311154452528502,0.022479997899399473
2018-11-13,0.023071859606802914,0.02622891261163418,0.02725024220961214,0.00754159617975092,-0.048478104980362646,-0.012749357362904723,0.015061050310269053,0.01694762974859132,0.08291499293539384,0.01949718507436815
2018-11-14,0.023204947273007148,0.02695788239137098,0.02732849467487064,0.00809146139033401,-0.04829009494843717,-0.01251489723742194,0.015392810474174068,0.015047888386327646,0.08275332004856573,0.016221704512935142
2018-11-15,0.02261811448220441,0.026276387865932005,0.026219999155441265,0.006662105751710445,-0.04826855887687653,-0.011193117103425632,0.01596234040403255,0.014660199940198959,0.08058461054747856,0.016414143139263704
2018-11-16,0.022391282430372694,0.024999605378029477,0.026267029287788457,0.006304230930946453,-0.048525687008358576,-0.010943214103700916,0.015315882665574376,0.014394791383351313,0.07526808992335421,0.01608074935488757
2018-11-19,0.02326284624612618,0.025466681726911355,0.02517919336561225,0.004796295837941722,-0.0492516569711311,-0.012158216971252522,0.015325301528611002,0.014186201164166246,0.07615991683008727,0.014933885146178438
2018-11-20,0.022200558343899335,0.024866655516681435,0.025432711940781116,0.004824419519499523,-0.0484739533368701,-0.012108420571423473,0.016580232142622275,0.014009722597771113,0.0765130352788237,0.035683988870508276
2018-11-21,0.022124331804586506,0.024849728534908522,0.025423309887065093,0.003829833122035442,-0.048724019811920316,-0.014607036961876707,0.01717405422859075,0.012016058711217914,0.07654693547774505,0.035827943299654885
2018-11-23,0.021966808150464256,0.024267341669916398,0.025545084320679257,0.0030934477471313837,-0.048430701556795186,-0.015907238108968436,0.019827959993381494,0.0036709420133638204,0.07405130684120587,0.032514993740251574
2018-11-26,0.02265294765644188,0.02470869733772929,0.026142077967756805,0.003376526578584338,-0.04869362370538832,-0.015249726126506435,0.019278298163471597,0.0037703876635732936,0.07599866006719469,0.0331387747627625
2018-11-27,0.023030149818888512,0.024786208048686253,0.02716394967463498,0.003664637787542002,-0.049819780518829626,-0.014417114191752067,0.01696755289602314,0.0035913204007556043,0.07589500710833486,0.032805809449727
2018-11-28,0.023518657343527316,0.02449300005098176,0.02836396611905001,0.00316948171342335,-0.05108413586907179,-0.014288373209102367,0.01358494399088439,0.003353289235557222,0.07568837896174263,0.033066097639537606
2018-11-29,0.02370344593411522,0.024786459810641315,0.02790458274687091,0.00401108027158692,-0.052227311879504246,-0.014168230226241252,0.011167366787318667,0.00311304278677782,0.07599115566726655,0.034361303713883906
2018-11-30,0.022644296880753645,0.02385756534467043,0.025929684734324,0.004983224284858423,-0.052899468494202684,-0.016291616290926125,0.010846620619473724,0.002257130337929514,0.07420792011302701,0.033331844712223724
2018-12-03,0.017953968556815747,0.02454101308163703,0.026462804880655888,0.006463418892660222,-0.05283526542377037,-0.01613764785153382,0.01096578511080959,0.006339693315017714,0.07505152253336211,0.03606260845422371
2018-12-04,0.017709753693051278,0.024379682189691776,0.026320091672773938,0.006459695712697666,-0.052753522172516165,-0.016136028517328538,0.011264995061560645,0.010223445827249877,0.07443826918704821,0.03544173710012721
2018-12-06,0.017671154795243726,0.02481998684948361,0.02703886147610235,0.006593297801499309,-0.05442526529933711,-0.01843007719371681,0.010246954839246758,0.010505293324568843,0.07498928528945181,0.03430532945636999
2018-12-07,0.01759481219705905,0.025045682094700483,0.027069281870399697,0.008987191999476174,-0.06177576357687864,-0.019120249572997294,0.005001284082623458,0.011026043768731286,0.07243690659475943,0.03568262303741676
2018-12-10,0.01659076346046051,0.02504533873171666,0.024053579980320094,0.010283220847955077,-0.06308421711711132,-0.018587069587239102,0.0033547405192766444,0.011224966026234462,0.07306330531845906,0.03456418117121518
2018-12-11,0.016668161376588442,0.02496241582574643,0.02384161183956035,0.010599225372291299,-0.06583813333296329,-0.0192906785689253,-0.000881771186289515,0.011154994965691722,0.0727936230672841,0.032937524502347104
2018-12-12,0.016229951232411333,0.02432533956480687,0.023559179633892535,0.010630077954290273,-0.0675985212776049,-0.020036451167860347,-0.004326645842579024,0.010975396345242805,0.07142856170328638,0.03304461325982144
2018-12-13,0.01702020834480167,0.02419444013628591,0.023578878470086773,0.010957804552139017,-0.06770636113820494,-0.020133560760461355,-0.004540627184048351,0.010565090308418013,0.07011391106255838,0.03225289773696316
2018-12-14,0.015800507269798647,0.02370455686374795,0.02321779931283352,0.009942023863137583,-0.06693753244050094,-0.017846006950609783,-0.0029526862914658336,0.01026068054211815,0.06888527441818515,0.03053449059958746
2018-12-17,0.01619856644504858,0.0241549533148,0.023306175480495073,0.010666885461251274,-0.0671492238188447,-0.023909802855023643,-0.003843390482115794,0.009937535167097833,0.07040429386184899,0.03057621460935711
2018-12-18,0.01592094940594979,0.023493781735292707,0.02334145552337885,0.011487564628066771,-0.06727674198966294,-0.022370539243359966,-0.004261272363160207,0.010239796598294326,0.07154295599965499,0.027435865624754863
2018-12-19,0.015427058321611842,0.023346375749506043,0.02317321006376183,0.01050344788881441,-0.07017964096602991,-0.025163812288001575,-0.009531327787916877,0.009653690155344119,0.07135720951196234,0.004349130966454728
2018-12-20,0.018384526646888277,0.022483340343744773,0.023344605925976758,0.010259967716493179,-0.07039399526150714,-0.02528994335104129,-0.010238126571448958,0.009264785754889537,0.06939005804321097,0.004027509596276291
2018-12-21,0.01173022463437845,0.015939064410640746,0.020845029519123592,0.01596819844872499,-0.01552084079726379,-0.008605995948677947,0.005157488043114888,0.00884218774934653,0.06816312462672047,0.002588697123519612
2018-12-24,0.005680260980650775,0.004967348014200512,0.02162808573656294,0.011951230742633046,-0.016040447112870226,-0.008123288227058323,0.0008093498877321803,0.009139370291401994,0.06859764334142371,0.002556442192378272
2018-12-26,0.005771514911330433,0.0051952909329668895,0.02200993816454977,0.01163862712059105,-0.017487920530442902,-0.005453005643867637,-0.0026325588891354945,0.010365551092405667,0.06894179890608432,0.002254733018344446
2018-12-27,0.007752388295755308,0.005115866526654633,0.02196018441444103,0.011534593576390417,-0.01849864883433172,-0.036454623347870196,-0.005102679937942667,0.010270929653446892,0.06872408790714823,0.002338748435479987
2018-12-28,0.007695869549076306,0.004951125251106525,0.02156920405157714,0.012766637690138971,-0.018209530156632736,-0.0364998220443884,-0.004621770771949807,0.010194083184553726,0.06791884469335696,0.0017327991301943069
2018-12-31,0.006520691581265892,0.005021267568801058,0.02149264110271143,0.012555338841310215,-0.018597350700970794,-0.03649025417746665,-0.005179362234499885,0.010436313879524262,-0.006094220132256911,0.0020259310526733465
2019-01-02,0.0036534410133954864,0.0029922132854836025,0.01784649165570773,0.011575356483083166,-0.017844761687832444,-0.03633422061752978,-0.003789004695594733,0.010263118233177604,-0.013250483292632453,0.001801532884667001
2019-01-03,0.004008359231641778,-0.0006159395940917856,0.0169230046677582,0.01103271929754901,-0.018498937606699406,-0.03620779823699871,-0.005062229365077164,0.009530446139211612,-0.023246220282036156,-0.0015303757610118929
2019-01-04,0.0013398157292152657,0.00019406086958473345,0.011536888932127232,0.007978612541260865,-0.019085892082943756,-0.03860836373306353,-0.006192623717083734,0.009851185394605277,-0.022650186113315818,0.0004716862315561343
2019-01-07,-0.0009233267099026943,0.0005682305059488968,0.009954621766673943,0.00463527358032878,-0.02364795480917392,-0.042214971326475004,-0.012997013417533787,0.00952516783753743,-0.021291941133452785,0.000711891169501877
2019-01-08,-0.002065251575110172,0.00021538913341911936,0.009141331874537917,0.004960408946186989,-0.028881012782758342,-0.05206798516028088,-0.018168247997106035,0.008465554858506641,-0.02192608762153847,0.00015617950230795152
2019-01-09,-0.002761082867446474,0.0004380278801074944,0.007675937712146252,0.0032585931169957227,-0.030985879149251883,-0.050936377527042054,-0.022236508048908532,0.008248019052327749,-0.02201962010972469,5.2714234239026325e-05
2019-01-10,-0.0026869352388286805,0.0010128871382570903,0.007843829694646143,0.0022678032651566316,-0.03071127851522526,-0.05066574069904073,-0.02209207256323087,0.004367884650263498,-0.022119973569551088,4.578623086115563e-05
2019-01-11,-0.003319555721681411,0.0008879154207295237,0.00745958741919206,0.004554543698177982,-0.030121240471417177,-0.05037377611612737,-0.021196307058805375,0.00391617576249903,-0.022276989173384054,-0.00022503081987990114
2019-01-14,-0.0037889473643547555,0.0009307110802281304,0.005411736912922072,0.004421293475836974,-0.02920636410727795,-0.04793181900417165,-0.017430357779170347,0.004133475026421474,-0.021952360049714348,-0.0012647574774083958
2019-01-15,-0.0016788571117373197,0.0001933905534583502,0.007765669763801553,0.003618181960534317,-0.024173420647324084,-0.04694908452341273,-0.011055433724083907,4.734120177407597e-05,-0.020497933667626644,-0.0020424413442166056
2019-01-16,-0.002100245398081957,0.0003412416102244187,0.008023315630308225,0.004464177242070155,-0.025397613278495212,-0.04668193002789167,-0.013200467360406254,-0.00036368044035473,-0.020557711188471384,-0.002553291741645869
2019-01-17,-0.0021233206621363854,0.0008124757448524367,0.008338825871607947,0.003976669972832081,-0.026908279033824423,-0.04680593498036567,-0.0153648796909992,-0.0003623467895497168,-0.02068344058292637,-0.003627671917036057
2019-01-18,-0.00406364019998795,0.000415717041117869,0.00809293482021789,0.0029111133678996204,-0.026436431091250157,-0.04732487456163059,-0.016441126669132555,-0.0002688210114211165,-0.02222436637137304,0.014078997751347577
2019-01-22,-0.0039837616513196394,0.0003733831436205648,0.007543889692368078,0.0004423696963136159,-0.025417063224764558,-0.05200846249545599,-0.015133820503081097,-0.0013531695971309432,-0.01949749281238089,-0.008529448567077602
2019-01-23,-0.0038551968058714303,0.0003397048670201741,0.007708236524026635,0.008309635644099256,-0.025235555129567655,-0.04926386091708623,-0.015214596422044702,-0.0016331868790252502,-0.021064831003526407,-0.03072227338649347
2019-01-24,-0.004995592886773759,-0.00010648800531798397,0.006056060433766275,0.005403786693958024,-0.02463682313206106,-0.051209311068329266,-0.014979228398992794,-0.001999656022102725,-0.019883362433911755,-0.03174943527796781
2019-01-25,-0.004816082057381932,-0.0010938412795579167,0.0052981972393237875,0.004626573013935875,-0.025813027387584397,-0.05596722518737118,-0.017270089083391005,-0.004236628083796767,-0.02671590197040341,-0.03199740150436681
2019-01-28,-0.005752454903805382,-0.002377350667645106,0.0043280424001928,0.0047197787969159855,-0.026024682662500576,-0.06112629826263449,-0.017172511431410853,-0.004322231675482846,-0.037619238896222096,-0.032289822814215885
2019-01-29,-0.0060040899500996,-0.002060978003407654,0.004118798255374312,0.005385948184976286,-0.02441530699070149,-0.06061810435359405,-0.013915667276260923,-0.0045743130613842276,-0.039977580105974075,-0.031110011040633934
2019-01-30,-0.006853013849774547,-0.003112217070725176,0.00428737748625152,0.0011633019757770757,-0.03322526189271613,-0.0865368548764257,-0.013540715903955891,-0.005991935325681319,-0.045270686098327295,-0.03245999646902098
2019-01-31,-0.007071251928891353,-0.003548766579338225,0.004995741086382344,0.0006920553253966233,-0.03382166040866441,-0.08433684568504407,-0.014740708693299132,-0.0046357320895445975,-0.04669931229339952,-0.03375952078715838
2019-02-01,-0.007939538669699764,-0.004345151447182838,0.004607819006706038,-0.0006158782322394085,-0.03467613257794755,-0.08348020851289406,-0.017220026427344992,-0.005230238274803289,-0.04847782139027523,-0.033932060734606084
2019-02-04,-0.008119043965384876,-0.004651754207032011,0.00510972590490244,-0.0012474238803575899,-0.03471024744517126,-0.08560735489188254,-0.01491633533307124,-0.005316406618987246,-0.04789028512865512,-0.035541920443448394
2019-02-05,-0.007263426234763393,-0.003823578487722301,0.004236742053253417,-0.000646454500371374,-0.010643379509387096,-0.061750522457726276,-0.015374400057014403,-0.0049463574883706896,-0.04746655251076903,-0.03544654531994951
2019-02-06,-0.008220966408814534,-0.00584919654631999,0.003361330101302018,-0.000870059965144443,-0.010943176047977565,-0.059790124820845336,-0.014697790087101259,-0.0055065485108400924,-0.048387540469922885,-0.03596758416942669
2019-02-07,-0.008181709404631254,-0.006738816235386302,0.0028951845306206536,-0.002025997310623029,-0.01096817324185162,-0.058874032220044725,-0.015945939451471935,-0.005794883291730946,-0.048421639073639056,-0.036391929074006124
2019-02-08,-0.007534168590267454,-0.006728208628717369,0.00259280561164843,-0.0019721564908471434,-0.009645646885407144,-0.058639498603381246,-0.013814142744425495,-0.004173907851782954,-0.048450091023801156,-0.03670952073595479
2019-02-11,-0.007716530256902332,-0.006508527283554111,0.003009408271194447,-0.001109186911177673,-0.009977437344040663,-0.05795622851352189,-0.015141631230577324,-0.004427702860245186,-0.04820302024148693,-0.03768907699523727
2019-02-12,-0.007725598302626646,-0.006810837678956516,0.0033184153628447177,-0.0011308630075642645,-0.011123193641741858,-0.0553818364598877,-0.016939603358611444,-0.004647998476558057,-0.049732081680213036,-0.03712653256364096
2019-02-13,-0.007195781025818526,-0.007340945558046541,0.00303537225263395,-0.0020383171442183157,-0.011854428522667604,-0.055739270337015534,-0.01821796041021717,-0.005007440112494099,-0.05084525031226128,-0.03559465760141689
2019-02-14,-0.006962898494341063,-0.00740417801296922,0.002725485714264897,-0.0013814486196184195,-0.011231081379347252,-0.05631539503111305,-0.01684179985914469,-0.004984759476644562,-0.05033677802989811,-0.03548525131424851
2019-02-15,-0.0073218455647174885,-0.00795802165277315,0.00275489526115158,-0.001797867568605227,-0.009485116532762183,-0.05637014557968445,-0.015169103826321306,-0.00413376587210279,-0.04914991373896005,-0.03445307532365349
2019-02-19,-0.006937695682187051,-0.007324042445701728,0.003825424067446459,0.005537815425707526,-0.009832740567974452,-0.061353744415646005,-0.015966658441019077,-0.004341906635464077,-0.047068436029639615,-0.03369883011456898
2019-02-20,-0.006811929020452356,-0.006532097095282796,0.0036845232361908398,0.005692266051850137,-0.0089476601905486,-0.0615430307708934,-0.014081335714242638,-0.005080970606503921,-0.04284398348479479,-0.03328099951762187
2019-02-21,-0.00730582866010121,-0.007155680871857362,0.004566027812404672,0.006540999441723816,-0.007941235228380417,-0.06088384053172424,-0.012824039200678539,-0.0059232421190285045,-0.04371618745936523,-0.034242848102031154
2019-02-22,-0.0067173374000871755,-0.006219365072218874,0.004536442046697564,0.005845966034901284,-0.008889337110778661,-0.060758584202326604,-0.014792570550721695,-0.006083725995857492,-0.043983986546008214,-0.03196793412028853
2019-02-25,-0.005643871263796063,-0.006090760882319746,0.004844058075262003,0.006283483065987472,-0.009092019399985385,-0.06060013601531811,-0.014633148160612564,-0.0060318350451039615,-0.04323786541351793,-0.030961791919943638
2019-02-26,-0.005891527991360723,-0.006238580316525799,0.004702339738713146,0.003545842033922497,-0.012249025185371853,-0.06467527651292893,-0.016283245359923426,0.002072789469826253,-0.04368955803210661,-0.03024894084042884
2019-02-27,-0.0066810388119665776,-0.007042715722847537,0.0040391600919884585,0.003401463188063003,-0.010858092763628147,-0.06447386709100389,-0.013929075931504054,0.0018395189002482493,-0.04513954218625782,-0.031569605722937655
2019-02-28,-0.004309257762009744,-0.004287895900574434,0.005880814362134057,0.005298364134841416,-0.0072546979338299344,-0.06127102697012332,-0.009414610742298879,0.005861018032286669,-0.04216169967284478,-0.028883538342999948
2019-03-01,-0.004640558478232859,-0.003877439021505391,0.004705986467157919,0.004833486299808065,-0.005828606987817286,-0.060804771116807266,-0.007159242125614473,0.005901232396251732,-0.04372448326168432,-0.030422023598824066
2019-03-04,-0.0038768946750793454,-0.0035364678678100336,0.005155561627578464,0.004993567941486754,-0.004595246694823141,-0.060278280032390996,-0.005269254572175863,0.005496071381258627,-0.043128936347600844,-0.031026501963197894
2019-03-05,-0.003626991755195319,-0.0034234513313283754,0.005211511331826957,0.0022954075733341295,-0.004049913686657747,-0.05835404333259575,-0.005013548014983438,0.005353731111816584,-0.043176878213547876,-0.0315131044107555
2019-03-06,0.0007255308251272741,-0.00420063318609154,0.0038133291983204476,0.0008571886868908862,-0.003921830596417486,-0.05847103360488526,-0.00471444040325486,0.0011322751757851801,-0.0439986206393469,-0.033471489802669896
2019-03-07,0.0008159541787313707,-0.004083419119020437,0.0037027769585424863,0.0006777318096660156,-0.003606778759306817,-0.05823763207825061,-0.003859780282158831,-0.0031425692660146387,-0.044062029400944835,-0.034102641487587015
2019-03-08,0.0008566276508350512,-0.004589748745071787,0.003125077879158056,-0.0011762058101724149,-0.0037595161382761866,-0.05839062860663968,-0.004283958148439737,-0.005238855592888503,-0.04466203721743045,-0.03384867221762522
2019-03-11,0.0008333957444874862,-0.005182306118143298,0.003357168106137065,-0.003368314907937431,0.0017361648236398075,-0.05748346377073543,-0.003987176788731506,-0.005874681359463896,-0.043415494343341354,-0.034506147308235535
2019-03-12,0.0011608101733866505,-0.005056525369361742,0.0051824847264698715,-0.004231881187636954,0.002038162032348634,-0.05603185170746017,-0.0038877252755473712,-0.006495079944658588,-0.045158090325337685,-0.03324331226585642
2019-03-13,0.0009138531021251062,-0.005479380169811976,0.005340925027304877,-0.004452284039160315,0.0049354307572408995,-0.05494318437773993,0.0008153208292520642,-0.006409950336863535,-0.0452643989167808,-0.03341879050507057
2019-03-14,0.001169351197181756,-0.004758742217325418,0.005282376972877145,-0.004716374848002469,0.007254123668805068,-0.051760857872724,0.0051323998637693435,-0.006532176823397906,-0.045159755559653014,-0.03404633983888672
2019-03-15,0.00026344214440321423,-0.004684814927728653,0.005225390256920592,-0.005407045624859719,0.000604152606642705,-0.06184054096293434,0.00310477595820835,-0.005795418262531604,-0.04432242790180341,-0.03318532473936664
2019-03-18,0.007568244366547017,0.0018196748277516939,0.005635211429725562,-0.00800230413314229,0.002298042098580977,-0.05800721241874074,-0.0011361538090056689,-0.007413392424715837,-0.043586451065144804,-0.03132445950007534
2019-03-19,0.007687614609427795,0.005029069456892632,0.005343325989198622,-0.008634995543914337,0.0026683884695772875,-0.04896523602733294,-0.0010552383777933105,-0.007086212920836887,-0.04505881656199917,-0.031368185470187826
2019-03-20,0.007851816470795248,0.002644897996214368,0.005400301605010371,-0.008643811732716,0.0030152092002082576,-0.048175020829655746,-0.0010817674152353574,-0.007619549935183989,-0.04622841165814773,-0.02996511964603521
2019-03-21,0.008139061465193498,0.0023079985887786147,0.005181246458705546,-0.008882810266947594,0.006474735008626498,-0.04696634412375611,0.005563431362650917,-0.007089534692071298,-0.046148824478717154,-0.029176964131701677
2019-03-22,0.0054493713705590086,0.0030601351604067073,0.004927755545070189,-0.00809243762592149,0.007384272521312463,-0.04652860726206687,0.007068288043191373,-0.006265853961736179,-0.04643168150711463,-0.029407553792042962
2019-03-25,0.006221408651315263,0.0039349860705577555,0.007044075388778159,-0.008948042744401863,0.006894916123475259,-0.045690839278492046,0.006069995488611868,-0.00590253775504368,0.022654519713650068,-0.027966452732041014
2019-03-26,0.01262440100547968,0.014919587799170353,0.006480736249341756,-0.005664302474639338,0.00788967343087954,-0.04717736204824463,0.011310619518446918,-0.006292048329311184,0.021924813680040067,-0.028187903701890282
2019-03-27,0.012622970515056675,0.014835511703948256,0.006431440534676369,-0.0032997906962916046,0.006970160745804588,-0.047973831215092244,0.011019255014439233,0.0057320631408859235,0.02102283275722061,-0.028344887134308716
2019-03-28,0.01058218344826134,0.01490137516281953,0.006474777868006543,-0.003784064901327766,0.0076158663825085515,-0.010389343727895906,0.012333345215405966,0.0056521498309694,0.020957680182323912,-0.028347939234019015
2019-03-29,0.010549908721393608,0.014769615297332006,0.0063493244243615354,-0.005023495449816284,0.007808679180628664,-0.006939716444029687,0.013193740614022342,0.005676114929665355,0.01766611655708661,-0.02892722338216991
2019-04-01,0.00983588550896708,0.014888292419480198,0.005970825930581514,-0.003466409376786772,0.005572645608623805,-0.010066357843809826,0.013410658280582854,0.005572008094409497,0.0660310165053768,-0.027749020604160735
2019-04-02,0.014902493519596938,0.01669798287039126,0.02264080261373258,-0.008171286807710731,0.00470142890897951,-0.009954776525736286,0.011766997618444686,0.0034006282426013446,0.07276533045422151,-0.02738665867785095
2019-04-03,0.01328198419703952,0.020479579005207693,0.023394967790721033,-0.00878128620162566,0.00498396563417991,-0.009918783623049765,0.012239854576163722,0.003236527720056781,0.08072777388403085,-0.02316055144918372
2019-04-04,0.016205258613283702,0.019862523727228965,0.03012756559338703,-0.006454455421600946,0.006244750368487706,-0.00881137281883948,0.013599242593041572,0.0021554055035433173,0.0756679852563178,-0.024054266937335367
2019-04-05,0.018016117664976905,0.01932492315461598,0.0317189484642868,-0.005920071446373076,0.006233384183456092,-0.0087806208378568,0.013828333426447736,0.003833430862947962,0.07268585750223422,-0.024088819145994478
2019-04-08,0.018540158361499914,0.01958575483382563,0.029571462336052567,-0.005933073301191638,0.008188437880904287,-0.0012664492788810877,0.016574535646725064,0.005813080385198122,0.0707871580262871,-0.023193507634249988
2019-04-09,0.019441139314910094,0.01978079984810588,0.03132545119880792,-0.004965406656724292,0.010192868306888148,-0.0013656374521204828,0.02084122102560193,0.005768135152148357,0.0691018882351464,-0.02299411908181792
2019-04-10,0.020155060433672656,0.01931598448572136,0.03206971930626734,-0.004375368978195238,0.009174445858348479,-0.0013008005244128373,0.01993744227632166,0.007019840146324174,0.07012217049000702,-0.022458608026852733
2019-04-11,0.020455590658024603,0.019352952373969945,0.03185370271255672,-0.006704320970877253,0.009084643160551797,-0.00126684297145907,0.019747975408105356,0.006498828904645038,0.07018876048287725,-0.023307308119062453
2019-04-12,0.02147362567766442,0.018450169845011022,0.035864673780328316,-0.006448752800050306,0.007484101441196822,-0.0036927321360753496,0.014720971106723102,0.0060526988508344814,0.06833983788012166,-0.022174698751919575
2019-04-15,0.0193156666212555,0.018890189039117322,0.032619541478737135,-0.005498601123181013,0.00349419100316406,-0.0031984021903024296,0.008110133381748152,0.006531831316149539,0.06929689201994482,-0.021478887601685592
2019-04-16,0.020395293948074933,0.019013462204227283,0.03245102951973844,-0.0057142292782610404,0.003991657146880545,-0.003072746732642906,0.00890932257865562,0.0073198405127179456,0.06922949040658133,-0.0213827755732221
2019-04-17,0.020106310909854486,0.018806053172878645,0.03126236163146845,-0.0033735352729659107,0.006399877772746532,-0.003055973494810238,0.013923555894625572,0.007794811014359304,0.06828621104208676,-0.019777749374583653
2019-04-18,0.021143719424423946,0.01882115457661393,0.031294027598556706,-0.0021257580488460714,0.009405985442471732,0.004183455546501014,0.015581314396194035,0.00788798684713532,0.06973532903590085,-0.019789726864565704
2019-04-22,0.021733141980352588,0.019612664812054703,0.031711788249085826,-0.0014381049436066329,0.008960356101947564,0.008702134683525431,0.01529319426584519,0.009509055983232484,0.06887454029425699,0.0367665210858521
2019-04-23,0.0217026718677531,0.01897265297903794,0.03125669648182661,-0.0019672572379630937,0.007989185647435226,0.005896868860244542,0.014144005426540485,0.009583978802016668,0.06723684830192056,0.0353938972334118
2019-04-24,0.02221491538030196,0.01949396287063543,0.030619652437011924,-0.002173782607545416,0.007764853105451941,0.005443134746761835,0.014815413772164332,0.00985309265366996,0.06490709631699998,0.03721431696421451
2019-04-25,0.021205100070548655,0.02000507918307126,0.028129228232907755,-0.0029888954078758356,0.0096142057657298,0.007412275662979528,0.016423896031978025,0.012720465408768256,0.06495608154606547,0.03676359107232541
2019-04-26,0.021321515312372252,0.019772345033764127,0.02772712995953963,-0.006464119570658622,0.010595507592201514,0.013887153978493494,0.017438596624271385,0.012980576235070762,0.0734812212128384,0.03692077935416527
2019-04-29,0.02190937805905202,0.021397434397372406,0.028514501981836693,-0.006918647090478736,0.00849590266624034,0.017059763360783853,0.013351804484442065,0.013829681582834485,0.08049453037254883,0.03890460549391994
2019-04-30,0.022424658503776396,0.0228851104737382,0.028406867369337396,-0.007464695855323833,0.007881459662251622,0.016359121715555203,0.012633271252836087,0.015216771163863108,0.08439430861780783,0.03917783375314876
2019-05-01,0.022973136209353928,0.024118641741113445,0.027669207344802604,-0.005744689607091846,0.007754579455375499,0.014175299737393177,0.012820629316005139,0.013863038399843264,0.08773602381123191,0.04218634862965365
2019-05-02,0.022803954802014248,0.02521517654733163,0.027950512397828753,-0.004731273979544315,0.009154964936651577,0.01824139309887629,0.0158694894409388,0.015072102765696371,0.08994116105052896,0.043570898964130356
2019-05-03,0.022689268512480654,0.02482463688638159,0.02711754423523738,-0.004580246512002284,0.011679509981345149,0.022098439073657605,0.01690058714013687,0.015098251387126282,0.0892671127811322,0.043671243360463574
2019-05-06,0.022974428287993565,0.025120434391147528,0.027352654907304208,-0.004263756532210783,0.008899398299972994,0.0218160770219622,0.015459833326520123,0.015431439702981331,0.0883586568353456,0.04429428268265179
2019-05-07,0.022861818583373772,0.02564552488751559,0.027475591402478017,-0.004512242248688292,0.009688987082030476,0.019603933624983583,0.015372857280146368,0.016083916883061766,0.08851172310645028,0.043590526479055036
2019-05-08,0.02318621217329553,0.02633054731138018,0.02951139200314623,-0.0009209873881642627,0.01032535165778281,0.020379025430051545,0.017455803256220204,0.01566833962299996,0.08904089427741524,0.0443903817076674
2019-05-09,0.022282721207280476,0.02674162612973552,0.029289452449904108,0.0018334999454372447,0.009547752311282576,0.02499245097206515,0.016209350229786423,0.01527445038411468,0.08906838712881826,0.044168991687909775
2019-05-10,0.022148640046032675,0.02656835389064538,0.02894600891167043,0.0003460213585297911,0.008567472602835302,0.02648089785914376,0.01457706941193293,0.0154051807877158,0.08874246853389711,0.04535479028968559
2019-05-13,0.022374756186718914,0.027183341566946462,0.03010417183262515,-0.00022067626597621626,0.010301698471228082,0.021854933696380474,0.015470915452227452,0.01649698494218943,0.09066476583995264,0.04412877828997175
2019-05-14,0.022142274676838936,0.02747237958227111,0.02968231129002219,0.00031627638611708697,0.011973643708414583,0.023162443705164293,0.01562607450230269,0.017206488309375212,0.0910676275990081,0.04375026924282843
2019-05-15,0.02243747631884241,0.027840194872746027,0.029875342047151365,0.000284889767664831,0.01143887947794342,0.028117563299855153,0.014370510016537663,0.017525734779828994,0.09067621528222425,0.0449101984255289
2019-05-16,0.022394224915325944,0.027897413980027874,0.029668410331917805,-9.167067575954757e-05,0.010000403343458864,0.03145979959260581,0.013296984771617115,0.01765423314634451,0.08927798146403454,0.044245496427603115
2019-05-17,0.022122164246257903,0.027074847319085382,0.02900429322373088,-0.006477467818216565,0.01094083118958089,0.03988843584310131,0.014863734128430561,0.017536511980134062,0.07883210266246365,0.04228922370152999
2019-05-20,0.02238230687648257,0.027703412530187377,0.02956020457236863,-0.005803874942980403,0.011246579424885716,0.04158649486164623,0.015062481343107281,0.018487069349792495,0.0802849293919079,0.041360114783205226
2019-05-21,0.02214876625713824,0.02800384971008829,0.029566052866911496,-0.005434278200667331,0.011287509059493717,0.041548831625807026,0.015336497148406458,0.01951061472930271,0.08031402556159462,0.04157741548615812
2019-05-22,0.0220651973496524,0.027881246812825333,0.02941154270447721,-0.004505992723231822,0.009192416158497307,0.04154164062197907,0.011754680535845052,0.01987031915884252,0.08006462914436607,0.04004619817125277
2019-05-23,0.020326868498133255,0.027307778252525505,0.029052061881916336,-0.0047391583429484685,0.009082571130203165,0.05137669719666671,0.011441290807711724,0.019723896503461624,0.0789479541780509,0.03792431318063705
2019-05-24,0.020392987693659048,0.02723404739713864,0.028405430888813088,-0.0027521208926011287,0.011939204598028663,0.05779004191185533,0.011503144625714334,0.019534495740430202,0.07876479283002547,0.03797567394946211
2019-05-28,0.021066421741698704,0.02808412644868241,0.029074546099226106,-0.0029177048460428123,0.011892611389036967,0.0580343098148024,0.011073749809735522,0.019882367121720756,0.07890324517338998,0.03872578458983522
2019-05-29,0.018322057443624695,0.025132301838877824,0.026174186557661905,-0.0055974659738113886,0.009626085856734967,0.05532912452333627,0.009058214085539085,0.01573341205803147,0.07522970387375083,0.035125580494016706
2019-05-30,0.018088124720341048,0.024635464579848998,0.026152783986427508,-0.005944302054490924,0.009398771709908216,0.05528780878486672,0.008977912981355196,0.015904102850075708,0.0764126310949591,0.03575477727700793
2019-05-31,0.017062648381645618,0.0240782235383048,0.02569719210208654,-0.006601815764186614,0.010037667363425262,0.0550754643336977,0.008249989935878999,0.016111317185833807,0.07569877766645794,0.035833068332741025
2019-06-03,0.018006503804961715,0.02450668020063662,0.026106092341805276,-0.002597432613681727,0.014392668535835096,0.06606704348687131,0.00634925076087578,0.017161653426854384,0.0763765174324822,0.03777437043639842
2019-06-04,0.016584197369325704,0.02466358383768319,0.026902485949141575,-0.0029595158896613682,0.014410193015434114,0.06620908178150176,0.006450216972724521,0.01744162778426106,0.0764483098144193,0.03889085280731752
2019-06-05,0.016570589487131082,0.024640236628071133,0.026897208314310195,-0.003103527071965262,0.013536739035064693,0.06591002151701453,0.004805921891382514,0.0166848810972704,0.07677922923013014,0.04043823371771205
2019-06-06,0.016246318114874647,0.024700126702789538,0.02696419544129003,-0.001266643336222062,0.013200641991468531,0.06789466937312505,0.00398891708560245,0.018493691832575543,0.07680598715461673,0.04163128798033244
2019-06-07,0.015656072889583816,0.024383564794958623,0.026589384413486794,-0.0018657616003066035,0.012304584959537568,0.06693282987494387,0.0029442895432845173,0.01821879916936786,0.07598858285484567,0.04127332970053876
2019-06-10,0.0157941330921767,0.02436004946446202,0.025878568245594646,-0.0018928772186411758,0.013363274802464131,0.06613782159502168,0.004620775591239079,0.01840242879852827,0.07726460727165585,0.04088448400592881
2019-06-11,0.015611031733457459,0.024896067564686986,0.025884157365545946,-0.0024067626388438734,0.013626671855618833,0.0657487959539369,0.004698142936659266,0.01814871989330835,0.07741749670178555,0.04158729000698069
2019-06-12,0.015855563689525898,0.023984568995319977,0.027148525722405115,-0.0025885002184198314,0.01376937446865889,0.0653881934222511,0.0048793241451208225,0.018125296969069282,0.0773480449749715,0.042124886684974605
2019-06-13,0.015745307545367515,0.023838701720229727,0.027188227299708156,-0.002287889354707473,0.02055241724973822,0.07684638746731332,0.0068957696858356066,0.01804632752418933,0.07719272016850853,0.04125521337542626
2019-06-14,0.008354088544821003,0.01704582647648878,0.026857441078632638,0.0007716231117005368,0.018837126417608152,0.07252004052461669,0.011549467002290426,0.018654235892271886,0.07797305864466342,0.03902111698252364
2019-06-17,0.007734484261247232,0.013888854542073004,0.026747530756613846,-0.0003040772860460894,0.01873548480617937,0.07092894225203028,0.011824282311448275,0.018538482002024237,0.07948577317287597,0.03945306938308457
2019-06-18,0.007894655048421795,0.016878161183156992,0.026668111591436672,-0.0007678079486341804,0.01866313898176908,0.07002094104022105,0.012321922736675317,0.018776175241304927,0.0794774749374183,0.04124347413383944
2019-06-19,0.008170661626619724,0.017369801119850203,0.026773039195086668,-0.0011595479326028668,0.01858705958362994,0.07168783855899452,0.011902743616300615,0.0187132544116011,0.07926499086778294,0.04334525498422703
2019-06-20,0.008090618231932023,0.017476722959986146,0.026857821351305544,-0.002231292372166571,0.017239185904156518,0.07123423178780941,0.00934021013418107,0.01910694143410563,0.08072248864578713,0.04738360000800812
2019-06-21,0.007463888724427381,0.016938473424844336,0.026339314573696537,-0.002218530545199049,0.015762127014004923,0.06852443612844272,0.008880558472466493,0.018869006257856036,0.006892225302487898,0.04699598735298771
2019-06-24,0.009972114039594748,0.02031545888341202,0.02675467311177826,-0.0015831878744098082,0.013628281597991343,0.07511080475065146,-0.005239160834679457,0.0191013656818102,0.006135350280259466,0.046799264095519266
2019-06-25,0.00986933185509975,0.020365711479307214,0.026455975986496627,-0.0012988307006163158,0.014203343708355964,0.07578389624108284,-0.005737586453690047,0.00795805816658457,0.006589795817140143,0.04727883950865963
2019-06-26,0.009752645063607845,0.02030089618972375,0.02634530054057116,-0.0012319609185281744,0.013567342366601398,0.07594081903538918,-0.006831439891461399,0.008075768590307009,0.005650522945388703,0.04791869413509953
2019-06-27,0.009416071954081673,0.020615088371327417,0.02600936268084242,-0.0007151687184598909,0.013442762543498521,0.07206324883137927,-0.007141630102389218,0.008035745821012297,0.009290487111774937,0.04821181216771131
2019-06-28,0.009285072813046025,0.020166681979092438,0.026015825136424642,-0.002576254538136702,0.015486534587018763,0.07486025705398536,-0.007124180690876947,0.0065889699226426846,0.006166570879885036,0.046507050782639725
2019-07-01,0.006768215951009626,0.021627683184390678,0.01297390886103611,0.03192100142014165,0.016115094062149282,0.07484158486076087,-0.006210671262069867,0.008653527117978399,0.06507217479423355,0.04773930736609455
2019-07-02,0.008046609228680834,0.021714090943936615,0.013293745313222471,0.03306633126625558,0.016066418078053646,0.07468268782049559,-0.006120160467031788,0.008680635422172678,0.06674027472798416,0.047192911806943405
2019-07-03,0.007764670801179152,0.021758708014696815,0.012099251418565604,0.03266203338640672,0.015570957001188823,0.07358080391693944,-0.006139393315073405,0.011367168043069142,0.0729673827046382,0.04704986528986099
2019-07-05,0.008353806257284102,0.021962330092688553,0.012095549375604975,0.03340494447453768,0.016198528799099998,0.074630963830155,-0.005242656086294595,0.009558911882398213,0.07481147645927955,0.046281712225444416
2019-07-08,0.008075673760009616,0.021879869775597527,0.014250599818353527,0.03353260204694064,0.01709734030676091,0.07534755985763542,-0.003444605065602735,0.008504667574529723,0.07761418670966269,0.04673811002369521
2019-07-09,0.00666835531357135,0.021796003638188344,0.012073702556396837,0.034583940998261786,0.016888746152846412,0.07512950392175566,-0.0035545514429219383,0.00841945789642784,0.07930653526595344,0.04588461088238893
2019-07-10,0.00604446090445121,0.021535936232244257,0.011000991948991734,0.033835775628146436,0.018133712110580236,0.07444516284577563,-0.001744629729738545,0.008251494662834036,0.07817295112996647,0.045502981291925426
2019-07-11,0.006197824167658128,0.021726538956676755,0.011390227540672315,0.03272747250958985,0.01713386577677678,0.07415307774191726,-0.003411799046250774,0.009177516447741674,0.07858380568850265,0.04733362618297665
2019-07-12,0.004816192670412667,0.021959249378181278,0.009351620765098323,0.032327135339135005,0.017571880075403,0.07395596202850263,-0.0025929069175810726,0.009527909345053986,0.07956341635555164,0.046242260334877106
2019-07-15,0.006318037758604955,0.02149034019515139,0.009760555768427048,0.031911230242007926,0.01640615211802343,0.07289339971556719,-0.004473916333194272,0.009279512932591105,0.0792838123019759,0.045552706448546365
2019-07-16,0.00537791671674781,0.020810546649250306,0.009623075547525506,0.0321122286528015,0.016462021561939544,0.07278695402804769,-0.0043717378029829446,0.009179723237197734,0.07844490980111352,0.04473404803000802
2019-07-17,0.005989193919744729,0.02061660996322945,0.010676216099274827,0.03024234633865852,0.014384749595499624,0.0726648107130543,-0.009307410585782883,0.008680675219536083,0.07939084170253463,0.04412007297044562
2019-07-18,0.006445406056395875,0.021001489904937998,0.010772514014587786,0.029939204640366368,0.011091458594237436,0.06734963125903604,-0.010607314265190682,0.008665592144557976,0.07988236212412958,0.04484263002956013
2019-07-19,0.005841443416506831,0.020740645572608463,0.010015808947257732,0.029443408228660983,0.010646460352992326,0.06621986081585374,-0.01052985508966664,0.007933947750710546,0.08060378970469695,0.009952512340257291
2019-07-22,0.005602568017288867,0.021026876008845896,0.01035548230540595,0.03001513048744031,0.01160112573691019,0.06847589944971255,-0.010916570928334979,0.008047818354575131,0.08298942271506626,0.03521814066768547
2019-07-23,0.005425968643426371,0.021152472253784804,0.011499898800685582,0.029979698342324612,0.01172561340051681,0.07117738271961183,-0.010735293701380266,0.007944009438805244,0.08443007735969021,0.03499525522960867
2019-07-24,0.006244553869351632,0.021357474580294245,0.012818112328474296,0.03041384891819887,0.010402716096767683,0.0698099037268185,-0.011484095520866822,0.007577817292103051,0.08472536088467364,0.03622874181458924
2019-07-25,0.006448791799159581,0.02301594598726875,0.010567118845119072,0.03339131606615631,0.01153595174929678,0.06980404041705834,-0.009626885432784227,0.007074946358800682,0.08057911476774593,0.03760136593033936
2019-07-26,0.006604067368831235,0.024067138197486626,0.009185018943526746,0.03261901837344672,0.018659558981365842,0.06630986676900408,0.0026694837672098792,0.006315439530700129,0.08001137721739626,0.03799526845874057
2019-07-29,0.006940190805650115,0.024905374761872157,0.00873460039854046,0.03389497970134214,0.019100530537152327,0.06703003392008866,0.00195507905465675,0.006402264260027879,0.08036425470702024,0.03868039917972954
2019-07-30,0.0065353930685250194,0.024964512869614097,0.008686989579971716,0.03277548596336599,0.01912225339825202,0.06675950293620558,0.0019131892947414908,0.006230858105395365,0.0795744050790963,0.037286832209989296
2019-07-31,0.007700826963200846,0.026007469965702024,0.009069997084575343,0.039982500255439035,0.018506017695621768,0.06252535320071151,0.000744240706160415,0.006132016460334899,0.08073576233259039,0.04080748594741879
2019-08-01,0.005766819252079669,0.024903880914453058,0.009380838872444786,0.03955642009424398,0.01862089121785515,0.0625313247373267,0.0008859304347359487,-0.0008680704497805447,0.07902541277198005,0.03866489922200733
2019-08-02,0.005095886613408096,0.02433922799830124,0.009151207847396092,0.0413242666649738,0.016531117521586536,0.05855571440581464,-0.0022988913779796727,-0.0016326871693382872,0.0806867663602131,0.0360374520721074
2019-08-05,0.005452565174900004,0.02452096302037976,0.009741319713489016,0.04244056413991326,0.015449334677520854,0.05919579005836373,-0.004930358834460247,-0.0016206767862383398,0.08005954789073089,0.035449320504615134
2019-08-06,0.005236861560438344,0.0240574751743301,0.008171901802983994,0.03814464890376579,0.014962444955439747,0.05548611537895076,-0.0036421601209583043,-0.001350876282451119,0.07942767823744279,0.03475233172127079
2019-08-07,0.005116287330334313,0.02386552733969416,0.008109329489784267,0.03702553211062032,0.013972412832057968,0.04974175517294621,-0.0038387061853877302,-0.0018032318412470882,0.07939440544447685,0.035305824240869255
2019-08-08,0.005226081073881117,0.02374293686764095,0.008281555734583224,0.037956075592779914,0.01443071396405271,0.047707131903858446,-0.002956073958212735,-0.002305008618155857,0.07936129629569977,0.036530050240312306
2019-08-09,0.004929889305159474,0.023542893540281273,0.007974965245983956,0.037985265007697944,0.012884534038492657,0.04975969517981338,-0.003496181096038997,-0.0035045220038475433,0.07837780162615715,0.03770935504580031
2019-08-12,0.005435414480516876,0.024034140770240686,0.00881660693914088,0.038449466392982856,0.010890342892519778,0.048909559671445724,-0.004227609521043507,-0.0039533896528669565,0.0800499807718702,0.036548101442169134
2019-08-13,0.00504122406056573,0.02380318555985239,0.0077474950234956985,0.03718928774246688,0.010959203306460275,0.045867088630010766,-0.0038312705720917606,-0.004623283671115086,0.07995171909272347,0.03741995881470794
2019-08-14,0.005755158041819808,0.020215209152641744,0.00794085286458035,0.038792412368759965,0.010956712527893098,0.04257840666197721,-0.003692196753352195,-0.005100343337159585,0.08017353120253512,0.035919832803527285
2019-08-15,0.005669231772291727,0.020439645861852984,0.008018368110125795,0.039197641719452614,0.011063184533541826,0.04014647107400804,-0.0033404052261698514,-0.00551333590491021,0.08881805470985271,0.036158454047477306
2019-08-16,0.005632311867775908,0.020026347188669247,0.0074587326455659575,0.039562724338186195,0.01090807316890241,0.038691334835364355,-0.00344299709746243,-0.006257322672536869,0.08729288091313392,0.037239434866679355
2019-08-19,0.005694000263090526,0.020428728519195083,0.008051052121460955,0.03977542332608053,0.010785305538524304,0.0369576426879461,-0.004315171789827099,-0.006505933806130182,0.08829302164331643,0.038458563845127136
2019-08-20,0.005643467927377355,0.020549084754927893,0.007299041237001314,0.03932997505971758,0.013436933868695933,0.03841116810495304,0.0007123474576788968,-0.007533914610340919,0.08844398626266847,0.03913993777549951
2019-08-21,0.00634486463491557,0.02089152448424425,0.0073465664562224475,0.03983547265641163,0.013573551848366838,0.02930771775763641,0.001032730802910331,-0.007719105701399331,0.08953659282553472,0.04000091985951282
2019-08-22,0.006412715482932985,0.021219536069861267,0.0076549349748915585,0.040467411819491206,0.013879343618006246,0.028924409952146846,0.0015402983354642075,-0.007885476950631132,0.08941662170802434,0.03979138076391964
2019-08-23,0.00659753354823156,0.02076211741906331,0.007119606431330139,0.0409246377128758,0.012797420252903757,0.028099845954334235,-2.951064662748415e-06,-0.008735910994858709,0.0892840559139807,0.03909080416284616
2019-08-26,0.008087194883432902,0.02135972954320331,0.009453505142115404,0.041249960943400055,0.012874148754196568,0.028421182827546243,0.00014338447392936438,-0.00848769093069257,0.0905528892976244,0.04064941718028092
2019-08-27,0.008307227591428212,0.022167605869553242,0.009451799147098372,0.042421974655503014,0.012478482771941302,0.02810389900721133,0.0002771435447062043,-0.008419216635520366,0.09121176408794751,0.04134990900414226
2019-08-28,0.008392336831331004,0.022469215998590863,0.009573766251216309,0.041208274930990774,0.01143955648358741,0.027726598277247883,0.0008997237848180628,-0.008245267341858042,0.09132217480263849,0.04145944169348392
2019-08-29,0.00743095280365802,0.02204427297450051,0.009292315193885736,0.03974258989164037,0.004460187999723031,0.017065433210305514,-0.0017590308706774138,-0.009450082155207373,0.09058878039206397,0.0406717675583077
2019-08-30,0.009091808280951241,0.02152919428999489,0.009419569506434966,0.04064408704222133,0.004998233951008624,0.016029786806162516,-0.0006688926125030248,-0.009501423445549606,0.09051753249658256,0.04012338924644854
2019-09-03,0.009749569763719323,0.022345685743786703,0.010243149761017145,0.041559891667590554,0.005442360069317198,0.01799649639699452,0.0008665119668329613,-0.009138475930561274,0.09218429999472466,0.04004458822370016
2019-09-04,0.010468771228658191,0.023273668897548783,0.010234028125504668,0.04141987263816094,0.0053985234066205035,0.016197783521369802,0.0008984265889540044,-0.009416088436066783,0.09279306957459466,0.040626257853904946
2019-09-05,0.010850554244631994,0.02374110591326639,0.01022906005832347,0.04166393989835471,0.005669180880230051,0.016392123752144716,0.0017097832147052738,-0.009183094773149825,0.09276791170433074,0.04138878056702677
2019-09-06,0.010834550622369044,0.02306723979332337,0.011046063761326774,0.041600752625919,0.005133818454050587,0.015512931745521596,0.0014815778397607726,-0.009592665959752611,0.09245930291647086,0.042393746523718745
2019-09-09,0.01176027085195308,0.023692054433140264,0.011622298938296804,0.042010901958265734,0.00468260456884706,0.015086170393834752,0.0015140910546336261,-0.009750777043630254,0.09331611699579012,0.04230990484256281
2019-09-10,0.011153122583523523,0.02417753812912693,0.009914433112573562,0.04198976070260052,0.004451432935747679,0.01373132308284264,0.0013655641468401924,-0.009708794976201918,0.09353035576922242,0.04240922042721951
2019-09-11,0.010872287464138042,0.0242371324584274,0.00917606640652413,0.04229240697013603,0.004380376094102356,0.013908421793818793,0.00173591238055959,-0.010056537619431039,0.09317265099191863,0.043842854352899474
2019-09-12,0.01076420515341936,0.02437583766850482,0.009203905489351571,0.04179112297773324,0.0033437061344412378,0.013896222168239714,-0.0002896848574164279,-0.009061638043817655,0.09153644036045994,0.047593186939904664
2019-09-13,0.010840496657115617,0.023761188169381553,0.009171413547184093,0.04333317051388841,0.0020655361892152335,0.013768514132389553,-0.0022546212173897295,-0.009299930511747934,0.0900068756559338,0.04729726034906401
2019-09-16,0.010887066970757253,0.024235272344781844,0.009656674656194575,0.0435400269955446,0.002672780498100602,0.014325405525720925,-0.0012610615640775702,-0.009430297130218146,0.09091937566226949,0.046864925048692996
2019-09-17,0.010622545784908954,0.024077553978140598,0.009726959241687094,0.04413265011797152,0.00217310758449063,0.014374582398733349,-0.0020687675171257025,-0.009598270937861142,0.09091976455042516,0.046129964158565295
2019-09-18,0.010709329080612617,0.024143943246745403,0.009636633389004334,0.04462709418056954,0.0028864827052348385,0.01231953928100804,-0.00039543498974781155,-0.010209596974707802,0.09097665977277325,0.042807532755902766
2019-09-19,0.010879904025848042,0.024227758038770197,0.009857225641533462,0.044493487908670026,0.004238340000637164,0.014087368037228432,7.829620379307123e-05,-0.010352368419897062,0.09181055445378039,0.04183363549794272
2019-09-20,0.008807229784124182,0.020778508720538102,0.00968299963209529,0.0450860358810008,0.006487430628655089,0.009355679044655174,0.014261177646167189,-0.010528833915312119,0.09239924080680617,0.04247851105505851
2019-09-23,0.013448684604968841,0.025530983069034674,0.010187208642367773,0.0377131350636557,0.002782280689756389,-0.04036208745838943,0.011683063602024202,-0.012899300073642705,0.09322141369893178,0.0428882003231188
2019-09-24,0.01374517518285856,0.02537168059807904,0.010297719272835515,0.03847626542309035,0.0029160645941359586,-0.04072240857457343,0.011788685005147181,-0.01564054871681564,0.09415270057086511,0.041595003054304636
2019-09-25,0.014175087927699614,0.025214997664943173,0.010767906541401695,0.03821111497766827,0.0035993319587650507,-0.04030896491267677,0.012781529326532537,-0.01627581907180098,0.0941277462820651,0.04221112295447371
2019-09-26,0.0144459884914232,0.025114157291721506,0.010754096882449549,0.038542661927571054,0.0038349829351711495,-0.03999848196077527,0.013301453085180936,-0.015135029762447516,0.09324766958705522,0.04247209304298205
2019-09-27,0.015056754041361975,0.024007704115718065,0.010519196871552783,0.006049776798220607,0.0029403444158790926,-0.04012560515169972,0.011698755076259282,-0.015251377480255957,0.03278852068075033,0.04209870049521358
2019-09-30,0.015480849672031338,0.024309260439598024,0.01083484054580719,0.004783229326894123,0.0037313469610948946,-0.038740914834126894,0.012604480597304235,-0.015140264846835838,0.033490244808151326,0.0430150328955079
2019-10-01,0.015455760477514291,0.024079707494497615,0.010747281164960043,0.005239730318950642,0.0032888757391544843,-0.03866727321762731,0.011649797490072222,-0.026200688834835284,0.032473014924597754,0.04318644573409647
2019-10-02,0.014734599780604318,0.024079411239011916,0.009920966322745306,0.004922664894777551,0.0023888324907566094,-0.0398085602893784,0.009641391537592803,-0.02544999502826084,0.03258224443693836,0.043920844523033686
2019-10-03,0.014279041088211653,0.02348379001917089,0.009638897998875962,0.004017167484832607,0.0012151331145298094,-0.04145433365648321,0.007240005692413787,-0.025942966775386544,0.03069795035284195,0.044304649967161325
2019-10-04,0.015353779347862417,0.02310622791636585,0.011118672598217527,0.0036625429882839455,0.0015033112137867732,-0.0409888651218524,0.007412046851788423,-0.0259236544579855,0.030359289050274185,0.046651604885915354
2019-10-07,0.015319322703581939,0.023699636046152106,0.011789135891834945,0.005466965754607367,0.0011853840723063946,-0.03977258661980032,0.006059044032494576,-0.025808059973037367,0.03487281223089833,0.046885441448366816
2019-10-08,0.015217554710253323,0.023553557582817186,0.011389082632663028,0.007305981855004751,0.0018672008239359883,-0.039175334074278534,0.0070600578505115585,-0.025742391623708283,0.03480337325340077,0.04672130181721612
2019-10-09,0.015677663830788946,0.02360571418879376,0.011365519510726285,0.00773855362478737,0.0016823997137425106,-0.03894255458845386,0.006928404452237524,-0.025885652431705375,0.03479785742056518,0.047582410639938955
2019-10-10,0.014381414656998937,0.024056551879392263,0.011059480715475134,0.007168205815881956,0.0017889111962146043,-0.03866422843113293,0.007094459777349904,-0.026549526298745074,0.0341278848656823,0.0488246815094906
2019-10-11,0.014492146434376574,0.024664430953265537,0.011174391438880216,0.006831935189368865,0.001001821138001624,-0.03880697339116734,0.005736667697175513,-0.026629726877770765,0.03497712617174131,0.05051956165115201
2019-10-14,0.01421693363586285,0.02517544381053871,0.010458163650524988,0.0067896208972038075,0.0010696524177964406,-0.03809332674470867,0.006433581905590735,-0.026000932303861024,0.03573732903929705,0.051319393715623995
2019-10-15,0.014040967730952758,0.02469102738762108,0.010676390574887895,0.007465639107852473,0.0013508319382717904,-0.03791971883181211,0.006509145791002702,-0.025905839487428306,0.03515248490829115,0.052807292039681375
2019-10-16,0.014083887593348221,0.024198540652463407,0.011024631748626668,0.007339182063207161,0.0012644796369254419,-0.03772623966039268,0.005759040029142071,-0.025800421941680307,0.03468772626424044,0.05252991338553725
2019-10-17,0.011947031898472238,0.02413555412350399,0.007683371268145445,0.007098998330143713,0.001661578781466,-0.039700874459137836,0.008238793953482926,-0.027069634330436187,0.03623594432195021,0.02897403061955428
2019-10-18,0.0115496838605611,0.0240353720306552,0.007052251602416737,0.007681390698114576,0.0009207424605139902,-0.040320029380402356,0.005754400590205266,-0.02712980095123585,0.03615120376121528,0.029544645454437468
2019-10-21,0.01163847527837536,0.024421322914345067,0.008711193856947297,0.008807742930205809,-8.144357741135533e-05,-0.03976113199352993,0.006087668463207185,-0.027349891481844746,0.04184087618623944,-0.03173598519490051
2019-10-22,0.012070933353701463,0.023181005742391125,0.011827166138617118,0.0098322065307197,-0.0020464354625902015,-0.04016571403468716,0.0033830124459470756,-0.026947008395931782,0.04497522347342198,-0.03275532226417632
2019-10-23,0.01172816218792172,0.02150248269909727,0.012133555786737027,0.010512988757377162,-0.007223621059849528,-0.040390755050595084,-0.006037176686820134,-0.026750576555518935,0.042528400714850756,-0.033987152230659956
2019-10-24,0.010674385197814384,0.020082310281077653,0.01147705015033229,0.010056874500408153,-0.007292891391293854,-0.04024381168834534,-0.004605316651448033,-0.026874898205644815,0.03818507195328058,-0.03370050450843898
2019-10-25,0.01071336128543443,0.018888412024569146,0.011236064007162483,0.009327176844560414,-0.006735974148632584,-0.04002618986433071,-0.003833788674081906,-0.026899711622794586,0.03603133519767443,-0.03346077918815116
2019-10-28,0.0099197738230552,0.01850312585699765,0.011520623189626766,0.0035684091368759496,-0.007036963893345738,-0.039917428432426405,-0.003913485169056763,-0.026844727017891423,0.03511571218043463,-0.03527225769092457
2019-10-29,0.011936060470518983,0.020137841477928076,0.011568212385719479,0.006339827787117391,-0.00812114125622776,-0.040223048466138,-0.005917673523122002,-0.020129109899512776,0.03708219445271044,-0.03237425238915381
2019-10-30,0.01227577033117666,0.021349688237305875,0.012176668596143303,0.003066657346263879,-0.007170091672231149,-0.040472824417259634,-0.004096784488355043,-0.019759606037098254,0.03822107094269889,-0.029450673936511018
2019-10-31,0.011862843215492136,0.022347602711938253,0.011688622144191196,0.0020227140568378488,-0.005627926073487277,-0.041063935269672336,-0.0007283860777719253,-0.020810242237466747,0.04051199240369274,-0.026930604864029095
2019-11-01,0.012137380830731903,0.02260928285253505,0.010861300908283633,0.003944087288315634,-0.00525492555241025,-0.03911922819083535,-0.0022700468812454355,-0.020528098630185343,0.04073312410034191,-0.025494390929641786
2019-11-04,0.012415473520057896,0.023255519710713823,0.011573733295813016,0.0008932297420247703,-0.0026231493913024817,-0.03844638478379547,0.00021415712791084118,-0.020003586162675502,0.0416151534328939,-0.02234149848661815
2019-11-05,0.012294516838073699,0.02366451901730038,0.011486501742590471,0.0009224540144516791,-0.0020887204370254597,-0.03832901878189787,0.0011280591528095574,-0.02022087058691413,0.041889331681316255,-0.02373494092238959
2019-11-06,0.012829286390396044,0.023673197370567722,0.011533070499595954,7.088250099518412e-05,-0.003508843715588461,-0.0378842182318041,-0.0012533247568156103,-0.01995729903083454,0.04190344428842829,-0.023221067216785296
2019-11-07,0.01249465808657324,0.023077514065950933,0.010936369967535775,0.000519275342736325,-0.003255960515440748,-0.03834351556935123,-0.0009034855039490308,-0.02037080317361528,0.04021245447498156,-0.021521367508151146
2019-11-08,0.012653706581131186,0.022602054879640843,0.012541688055190958,0.0004814283516560991,-0.002960053252206385,-0.0397394892102636,-0.00084899134168126,-0.020473244366889798,0.04023714701212677,-0.023172238125322875
2019-11-11,0.012496797826159423,0.026456110875517025,0.012998401197775733,-0.0009302843688604456,-0.0023598411871240677,-0.0397729224758655,-0.001919091430370834,-0.020190320937363948,0.04090449029238674,-0.02149986365016432
2019-11-12,0.012438063660440202,0.026636715412241996,0.013056741678879602,-0.001555062946601904,-0.0026243674239812,-0.039921827956124534,-0.0022078645762131366,-0.01993184984219032,0.041510096676391495,-0.021555602299040966
2019-11-13,0.012113225388566295,0.026476078959682292,0.012861498678599759,-0.0029407968876559165,-0.002377754204142657,-0.039514113446393107,-0.0020719868796604812,-0.019551790746023645,0.04206760418730937,-0.021379961920221957
2019-11-14,0.011603057665221295,0.025476727686328804,0.011963979479202136,-0.006540493452967477,-0.0029696405701368223,-0.037919509546502916,-0.002396234404403841,-0.020743079748608673,0.04083296903040412,-0.0224457696591015
2019-11-15,0.0117652825188157,0.025669685231504147,0.012736632149240368,-0.006416533870016283,-0.0038927357637031923,-0.03949063093768368,-0.004353156869508545,-0.019649710674535026,0.040493239248994284,-0.02138277462060434
2019-11-18,0.012368758297859106,0.026488958136666074,0.01326714806084417,-0.0068994002070685845,-0.003744046180802041,-0.03852194923643282,-0.00474330082229224,-0.019247387413525163,0.04045732582971118,-0.020734616805676565
2019-11-19,0.012296947531763136,0.026136352452490463,0.013037695196734811,-0.007015868346371801,-0.0036997254479677055,-0.0384624401664273,-0.005122740584369567,-0.019212754647733088,0.04054610632815314,-0.020890186767830277
2019-11-20,0.012078073596415217,0.026102093069164223,0.012936590738081843,-0.0074565944871270995,-0.002927195685683115,-0.03815980845043787,-0.003753845630034558,-0.018770157843352675,0.03998176782148155,-0.020884469396014627
2019-11-21,0.008630076623473926,0.03467653345239974,0.010582620420749977,-0.00749571460100007,-0.0031904520522799684,-0.03993777257482123,-0.004256560183213631,-0.018913907993216683,0.039083333655866914,-0.021192084806888722
2019-11-22,0.008186948679179906,0.03406064299466216,0.009981455524551208,-0.007951670499175889,-0.005341828543092175,-0.039264221907008845,-0.008890788018737106,-0.018564566240132363,0.03910978151344646,-0.0221283176001843
2019-11-25,0.008282442606208473,0.03430395364762795,0.01042585867615653,-0.007313067194030021,-0.005122702630032783,-0.03923950395389342,-0.009008333952248204,-0.018473615570825053,0.03955478926244416,-0.021324887894219824
2019-11-26,0.008218565583763437,0.03433564575943082,0.010312208339379625,-0.007526632251505738,-0.00566049849842587,-0.039502492135121914,-0.009599659918048009,-0.019029007145692667,0.03965252821986076,-0.022378107127628222
2019-11-27,0.008187381747927214,0.03480775255909596,0.010308821119493272,-0.00997474752715155,-0.005970824058125546,-0.03873124218616175,-0.010282609646541374,-0.019556545332188868,0.039630864673410926,-0.022495690337002272
2019-11-29,0.0076173156147612,0.03411444807059816,0.009753066864409687,-0.010408234908923397,-0.006495137339621926,-0.041100634400643155,-0.012293540139122205,-0.01955209747009712,0.03813920084920075,-0.02305411283747205
2019-12-02,0.0072592839821166155,0.03373641575410424,0.010437736990887903,-0.010129997908241761,-0.006682425662792535,-0.04060252770809403,-0.012362703000904696,-0.019621732603033792,0.038818496290866866,-0.024321478793847717
2019-12-03,0.0071368712746673335,0.033206158412938835,0.010446174019069998,-0.010048252845574313,-0.006905521569116613,-0.04036224359118501,-0.013535220210180055,-0.020580098011500403,0.03875237953654609,-0.025068751260141187
2019-12-04,0.007420849453286804,0.03370953215493677,0.010855515388936032,-0.008203726957407342,-0.006733717180503307,-0.037864040876349536,-0.013856738889151843,-0.02062999621162076,0.038746996569610115,-0.026051442390396695
2019-12-05,0.006069687019564229,0.03308709407226229,0.010422718974227863,-0.008173724361063672,-0.00673337054458345,-0.03804052995413876,-0.014034554315926484,-0.02063206573091758,0.03790457587708751,-0.02604903062871633
2019-12-06,0.006625464721928376,0.032646881405212325,0.01085925356404216,-0.008015317978956715,-0.005953257941289758,-0.03761991189883518,-0.01318101917331349,-0.02061643769103516,0.037809426464700646,-0.025925540890236798
2019-12-09,0.006543900127242708,0.033206474854103885,0.011846117687334123,-0.007547850081927265,-0.0060459546016709,-0.03760595058548588,-0.01366887559398089,-0.0200668274725877,0.0389847227680129,-0.02639752484200031
2019-12-10,0.0068597361456887995,0.03336477958106099,0.011888919649037932,-0.007950550662938594,-0.006013350987319255,-0.03762886088658923,-0.013409736677600814,-0.01965659736965486,0.039034239626122735,-0.02786887668047544
2019-12-11,0.006973608464608594,0.03334327985520846,0.012129889806379968,-0.005708855088507714,-0.004856081219675956,-0.03818914349388591,-0.011643813379274892,-0.017355123210572088,0.03908133750534404,-0.027549664252435657
2019-12-12,0.006850910912619801,0.03290910381174195,0.011627349195723502,-0.0055002262467187535,-0.005932307698127803,-0.03876528348490349,-0.013293310402789804,-0.017375315183603357,0.03818829330448881,-0.0255397610522623
2019-12-13,0.006918729210717567,0.03326049405770104,0.011551642005552809,-0.0041258911305358525,-0.005339081022668557,-0.03883117637026723,-0.012461050979654775,-0.017346426874578103,0.03839332694496389,-0.02443975154362177
2019-12-16,0.007119246130795176,0.033704414125713456,0.011109877041621141,-0.004746978489703846,-0.005509481093455726,-0.036500338103368724,-0.01320800264467803,-0.01778249236675722,0.03917005840870402,-0.022920917875398628
2019-12-17,0.007239448449492647,0.03394689868823608,0.009273676140812759,-0.005218037758860761,-0.005425562019018004,-0.036478172064997816,-0.012834523106434292,-0.01762840541775612,0.03929235876321191,-0.021304902517697122
2019-12-18,0.006890320139488537,0.033973252299934975,0.009279364648662192,-0.0038597661288577445,-0.005708466738740925,-0.03667003287086579,-0.013179980804268632,-0.01767345152942157,0.0392095449376646,-0.022364887738401618
2019-12-19,0.0020090069923492937,0.029119073342549484,0.008413447729743284,-0.0007011942190232601,-0.0021411533545627748,0.013401378152773535,-0.010653594752805029,-0.017972195930080814,0.038453721950875375,-0.022793425125169353
2019-12-20,0.0017782612192129843,0.029331893463475422,0.008013870895574593,-0.001244557743006136,-0.001359396087982745,0.013753002503342104,-0.009357936640939868,-0.015009268932272946,0.03659427728209841,-0.021652701443848565
2019-12-23,0.006014520595279738,0.041900649383140864,0.007119215879947349,-0.0048251729219398465,-0.0029390007160376985,0.016230997411093684,-0.01055113934361207,-0.014347200998908627,0.037419046708688564,-0.021754390427706882
2019-12-24,0.005726297270909786,0.04197314201847968,0.007103089239791194,-0.004846641189658274,-0.003073088592420059,0.016200351835929272,-0.011185996237628504,-0.014237050678339913,0.04063652494950065,-0.021839604644418587
2019-12-26,0.005622983661603076,0.04194040735436477,0.007387775079254144,-0.002669569357516055,-0.0029127839937288513,0.016249785414785167,-0.010942189903029309,-0.014330716239430275,0.041036270386697105,-0.02094822985233946
2019-12-27,0.0053472187146959005,0.041546867195613624,0.0070989576383684305,-0.0019287228907803877,-0.004139290576431032,0.014913358916374575,-0.012681744359643865,-0.014185618774764763,0.03968006800903745,-0.020874952532688118
2019-12-30,0.005710290159776754,0.0422629065494422,0.007723048993298676,-0.001889118484676211,-0.004095230612616629,0.015107193704171573,-0.01237209598862965,-0.005678884695048736,0.04017289889272102,-0.019977087484565392
2019-12-31,0.006104149351064514,0.042245095797575516,0.008204514549249087,-0.005170827541850165,-0.003995371982856155,0.015224706329121762,-0.012031917562800198,-0.005826077001008789,0.03958749410987217,-0.01854463566370823
2020-01-02,0.006658024359738057,0.0427561264691505,0.008369496032914148,-0.004934181195362708,-0.003185154312202676,0.01561460490449229,-0.010287481511318641,-0.005315998375087894,0.04134315974666447,-0.018636903343549727
2020-01-03,0.006677986182738627,0.043397128400741725,0.008462980559059918,-0.004649678176282035,-0.0033507608266268862,0.015468859488974473,-0.010535440395893825,-0.005214877952592123,0.04555789218399653,-0.02083649552284661
2020-01-06,0.006973855427716558,0.043228785705612616,0.00786329387309248,-0.005393739297428479,-0.0029015433271971647,0.015344061048012447,-0.01022457329068327,-0.004921224211435149,0.01789847325113514,-0.020598310908627626
2020-01-07,0.007295061253334012,0.04323316011686451,0.0076453186728127065,-0.001743805106920071,-0.0027313016603146556,0.01527838139562987,-0.010065641760271471,-0.004668232839339037,0.018114387178680635,-0.021648449846986217
2020-01-08,0.007447309982910655,0.04346659167112921,0.005445413757658724,-0.002269761264711012,-0.0021943023741963774,0.014856314939058368,-0.009346705942890665,-0.004150852467036836,0.018210448016423353,-0.02163175582262855
2020-01-09,0.007786032048884062,0.04320616286993406,0.005784267588076597,-0.00013024820280338467,-0.0008948927403593654,0.014138765060841774,-0.00721374137683628,-0.003570936810444847,0.018878353866009556,-0.022293775879951516
2020-01-10,0.00783624260815774,0.043324749214152414,0.005616250486676799,-0.0004004268726397475,-0.000255657312691282,0.014335145131704419,-0.006212263060957235,-0.0034654423051747596,0.019116371515255803,-0.0232682183351699
2020-01-13,0.007931805559513672,0.04361834284986199,0.006704605338399006,-0.0007418970959018889,0.0023480076206889855,0.01455241427127052,-0.0025625346319839704,-0.003438482617684424,0.019828808921293017,-0.02206634730560042
2020-01-14,0.008071001568697111,0.04429738196857813,0.006810858462620972,-0.0019352354670294503,0.0024703696879904147,0.014581721917753532,-0.0020818372515072348,-0.0038364708743687803,0.022548292234420453,-0.023251866233962692
2020-01-15,0.008159130285864347,0.04457391723530346,0.006838212551020906,-0.001874631209028088,-0.0004218429356116493,0.014189728770896748,-0.007219994744128599,-0.003895431149112949,0.02266088161706792,-0.023296494438969417
2020-01-16,0.009549423715018435,0.04474229303440436,0.008266389647593408,-0.0021260596382016717,-0.0016936791308136412,0.014102191544807408,-0.009806929667474873,-0.0032884089604542366,0.021018767125296378,-0.023889152044577422
2020-01-17,0.009873079706334442,0.045263045821391845,0.006925689828326087,-0.0019274611226813843,-0.0012857599116857799,0.01438258128299763,-0.007697473165015345,-0.003453593073561523,0.02208707589401193,-0.023961851344505014
2020-01-21,0.010053894618566872,0.04479231449032128,0.007626682055997591,-0.0020633382938775036,-3.860665432287025e-05,0.013333793983503206,-0.008175755545548391,-0.002874804281068677,0.017304583430151732,0.06561114543371627
2020-01-22,0.00959742154626042,0.04485989174181104,0.0028524130713436513,-0.0032593180257078913,0.0007510339937455424,0.013669574247947791,-0.0072761762877116,-0.0030013590068871387,0.018071954528623424,0.06617324323765605
2020-01-23,0.009340713113639376,0.04507407718628276,0.0023709004239196307,-0.0037358789953436666,0.0004232639476213773,0.013516393456988851,-0.006456967723652451,-0.0030121051976226276,0.021029569275241577,0.06630533273148043
2020-01-24,0.010124423307986019,0.046003449807660246,0.0037965574112395206,-0.010280305161069148,0.0012429987704547507,0.013789042647128325,-0.005833973203354437,-0.003947561895347063,0.025449122058819995,0.06647187270820187
2020-01-27,0.010443971491552295,0.04685340841535113,0.0036431053126182444,-0.01045862569253253,0.0012933118978359914,0.013960778824868791,-0.006255547934649219,-0.0037209518238128236,0.028219391982088782,0.06679638510610042
2020-01-28,0.0072512646733182695,0.046186800204137235,0.0029519159044586463,-0.011246047518617797,0.0015052770588011022,0.01395076814110685,-0.006353985104733062,-0.0037015015915510263,0.02867836831615289,0.06613547141749176
2020-01-29,0.00797666135909858,0.047857698562622675,0.002208236801415353,-0.01405228526070823,0.001764710427400562,0.013627937822747294,-0.006020670224632929,-0.0035156102148312662,0.032732576310032124,0.06557130731708738
2020-01-30,0.007802575768445008,0.04892824161414855,-0.0036277510522558787,-0.012598639034798187,0.0027532339461566746,0.013817824352307273,-0.004188304187231262,-0.0030608917308236894,0.04750390994392739,0.06248232650650487
2020-01-31,0.008091906354049438,0.04921754768388786,-0.004757490466925418,-0.012321927271516153,0.002660208306526579,0.01397227301163717,-0.0048864197486021554,-0.002811825029245263,0.04846440811863473,0.0621897101319433
2020-02-03,0.007816827948956329,0.04925061085697546,-0.0059102654336256055,-0.013578748042950006,0.003255195373948583,0.014403780974609592,-0.003915874494838545,-0.0021579233956084964,0.049376483741340405,0.06173322128777414
2020-02-04,0.007903067425110377,0.0480505276130323,-0.006532626586897128,-0.012277533056093137,0.0018858994920252226,0.014319357446154202,-0.005796916725135937,-0.0005256316028637853,0.04650231757635681,0.057644546595853496
2020-02-05,0.00919835341088171,0.04840432241033521,-0.006371034804010689,-0.010979799110147459,0.0015794350913882482,0.014114821713202774,-0.006296981689356884,6.415018144867446e-05,0.04719957930848051,0.05888459505565646
2020-02-06,0.009979116726300141,0.04855254202140058,-0.006194012430292828,-0.011848178365699846,0.004235548508918718,0.01630316558861189,-0.0013899745894639937,-0.00032786062245226955,0.047049793697949704,0.05864778239333024
2020-02-07,0.010109884518342493,0.04832093072831278,-0.0061653938713938095,-0.011991915864264513,0.004598945932795084,0.01634780182547213,-0.00025387078354099923,-0.0006037548000337178,0.047217292018088,0.05705606282152442
2020-02-10,0.010597495779423038,0.0494439959269124,-0.006321834535158555,-0.013055605913707025,0.005481088572391712,0.01612640867755477,0.0015245711354177072,0.000891318212560277,0.04822542774277627,0.05799028612442125
2020-02-11,0.010403583779376335,0.04924552049602959,-0.006846594199884537,-0.01308360552275134,0.005130961535151579,0.015492145988674544,0.003148410726960149,0.0008502286576224094,0.04715498194970458,0.05870464664432129
2020-02-12,0.010915473872491699,0.049739355378217054,-0.006823830070609382,-0.012814086610616338,0.0071134722853354315,0.014966586565181128,0.006190241473258196,0.00040739279000945317,0.04770391985604361,0.0595795244538424
2020-02-13,0.011093391693441479,0.050354600876550526,-0.006743036456736795,-0.011967228998078006,0.007024328327177587,0.014617560485409964,0.005909295197282338,-0.00022139217301408998,0.050483442399754,0.059325883851390815
2020-02-14,0.011805734366771015,0.05073247326611341,-0.006301170196782446,-0.008444458653552034,0.006727220836305614,0.014583940593519973,0.004741966271594622,0.001118146116575014,0.05291067673161276,0.06001536611903635
2020-02-18,0.011682891746807478,0.0508032036382251,-0.0057701521469841754,-0.008293193515930386,0.00825132293925468,0.015383526386874902,0.006411416218008226,0.0008186613482223937,0.05299809536019562,0.05858372392390687
2020-02-19,0.010837722673177508,0.04987778012097688,-0.006113735129852471,-0.008495844140101738,0.008569633985332281,0.014654480440668305,0.007215891171350686,0.0007534345780875196,0.05216225039888589,0.05660837829677168
2020-02-20,0.010825718604513312,0.049783996656384,-0.005908003001720341,-0.008637719127114751,0.008606148344004971,0.01433652914044381,0.007285900605219275,0.0011682465752498317,0.05222744270783397,0.05460809861697302
2020-02-21,0.010582869473869883,0.0490300190613997,-0.006209729180008394,-0.00784699464822125,0.007703684449720916,0.014771914084322546,0.005161570902124213,0.001113154272148309,0.052880233057318815,0.05368467728307236
2020-02-24,0.01214022396883907,0.04053002311156728,-0.005855409462146244,-0.008059337972154412,0.00847391108591955,0.018749007778667393,0.00436882639938263,0.0015365164950265076,0.05474616085590345,0.051592846104979495
2020-02-25,0.01261652289644788,0.041451574361372145,-0.005278122473522551,-0.008054564713204093,0.01137009966921454,0.018928529651845327,0.008317411493588223,0.0011609616202810091,0.05713085805960594,0.0535723762648328
2020-02-26,0.012161095790393484,0.040870388635082966,-0.006320512601574957,-0.0073773994133745635,0.011064863799128632,0.018668460032321477,0.008056710060144523,0.001050710841743907,0.05661845221964734,0.052931965558275174
2020-02-27,0.011740580312143534,0.03988413068109109,-0.0066539977850405,-0.007872989978765732,0.012615153474482721,0.01856138887141423,0.00987767230531289,0.0015061668396092465,0.055263929679696844,0.053441224549907185
2020-02-28,0.00832090392745588,0.036631390987279744,-0.01023999356673544,-0.01064636641993788,0.008005355116708746,0.014406396192243154,0.005989180183245679,-0.0009186602214800166,0.05253038950863487,0.050959229309182064
2020-03-02,0.007493741829610823,0.03721251822101879,-0.010984579868429156,-0.011931800482298027,0.0059371717469067775,0.0145824258043592,0.004247702788330088,-0.0006348736066837946,0.05239407472226554,0.05266475634921575
2020-03-03,0.00732946851950067,0.036994147094006946,-0.012134273857879907,-0.013838052280685353,0.0064800249835235135,0.01363594866475415,0.004982940179671935,-0.0003567438608063078,0.05120844448931994,0.053337926328359764
2020-03-04,0.006348830721321974,0.036941691441665814,-0.013763151604959334,-0.01455918490849717,0.007565423938777904,0.014453090634610533,0.006752133024697793,0.0002600661677669702,0.05125490757319784,0.05152341695544416
2020-03-05,0.0056267971392545135,0.03666254108684153,-0.014349970224428854,-0.01286714195090366,0.006508616890367858,0.011984824655419724,0.005373971785598952,0.00012450498063443227,0.051126443764758056,0.05194037113068739
2020-03-06,0.006070617535241185,0.03687956193737185,-0.014608900160192007,-0.013039710407628302,0.005615957169519348,0.009388031704181898,0.003987039427159056,-0.0003278277920966133,0.05113855605848738,0.05132001757198834
2020-03-09,0.004531773716755172,0.035954291143206474,-0.015974940648495695,-0.012671126991056103,0.002028195507491004,0.00836017036129899,-0.002606621730228076,-0.0008731321914960954,0.0519391784806158,0.05131345806445187
2020-03-10,0.00447137701961009,0.03487704808738368,-0.017206189786425297,-0.013415453388660237,0.00018052991030148569,0.007458775987413846,-0.0029880286341178453,-0.0016629161014479754,0.05084719965602136,0.051487918120590725
2020-03-11,0.003025003479212973,0.034342339630824004,-0.018989061726213285,-0.013117119044390835,-0.00544657139093685,0.006847395005664891,-0.012628336362642045,-0.0022856063143942285,0.05043535296205959,0.05076286789272677
2020-03-12,0.001949071692225468,0.033436565217785263,-0.019972855867493755,-0.0158080861780433,-0.004834422301704389,0.006969179336726139,-0.011640775998512543,-0.004844727600441301,0.049393537606599036,0.04743675320020335
2020-03-13,0.00047476837495041835,0.031220512090561092,-0.02209832792203914,-0.02049211236068349,-0.007435894883139893,0.007002266444352978,-0.015513865962151874,-0.005467088040667756,0.04817734558160969,0.04175466344262602
2020-03-16,-0.004577202694108773,0.02751374812270213,-0.02470816953056698,-0.021864226580801893,-0.011926464540039539,0.004690912968430272,-0.023168694391068168,-0.005079489417352923,0.04402949089856545,0.03824921953885019
2020-03-17,-0.008325449490212189,0.025130726747652155,-0.027171142164709283,-0.02329136007838306,-0.012101837193779774,0.003511014936656176,-0.022070007170011396,-0.005981836867501311,0.04315864394536084,0.035429772942523696
2020-03-18,-0.01068093439805129,0.021159474960007474,-0.02979688548783288,-0.02621080842201373,-0.015504911342236194,-0.0025157758625309334,-0.021854578189175577,-0.00693984871694675,0.03513526192320837,0.029617252881851464
2020-03-19,-0.012182205081607944,0.01896831081892847,-0.030957239820269766,-0.031466616235869216,-0.022102877041000557,-0.00379154601191678,-0.02988283110157386,-0.007326258642312178,0.028171536948961462,0.028038845547668778
2020-03-20,-0.014688665417466829,0.014262010313087492,-0.03258918618267603,-0.03331779267795287,-0.02509820679295993,-0.008586415976034156,-0.03196361594961972,-0.0069768919382759975,0.027122503397213338,0.027651567164227897
2020-03-23,-0.01957496931656455,0.009994007049827003,-0.039011434799289035,-0.045387013293858636,-0.022218007514222204,0.01337682660996764,-0.04593770397956454,-0.008516914449251956,0.029996117028553204,0.026059728746897992
2020-03-24,-0.02645313192999499,-0.004695880697329957,-0.04364022462177641,-0.04359542949301687,-0.03845376529170541,-0.0074744745834091075,-0.05594982156109163,-0.010232279208565065,0.02549785328077636,0.026548268704795985
2020-03-25,-0.029118489907196676,-0.007422386968468975,-0.046190329018975684,-0.04731254671756724,-0.044382770181518594,-0.016048301035868295,-0.061185744100392236,-0.01113261681180766,0.022318834932962606,0.026509449816844777
2020-03-26,-0.031345594126188314,-0.010860261095565704,-0.0500572599232777,-0.052317289616714335,-0.04894018852208548,-0.021653594596625192,-0.06612034790118249,-0.012699167776921705,0.01496829300445457,0.023239644106404667
2020-03-27,-0.032932735349156195,-0.012636887400917285,-0.05328354515135092,-0.055486807127619886,-0.052492216027064,-0.024985755956266842,-0.06911989073987834,-0.013369194866194922,0.007888051715005284,0.021070916015607732
2020-03-30,-0.03733172747450009,-0.017601195841586592,-0.05680616773696756,-0.058854081924209156,-0.05753022164551991,-0.031175638167724506,-0.07657604319589384,-0.017404328094129284,0.0010141266076217903,0.015796240636477776
2020-03-31,-0.04154658137419187,-0.019004780596946325,-0.0609312312882524,-0.05910515613433143,-0.06327334281199415,-0.0342557561472836,-0.08551138709106976,-0.01929198279169131,-0.007723989932927555,0.0124947004548972
2020-04-01,-0.04353039578410722,-0.019843964631792166,-0.0642684605189523,-0.06373007794382768,-0.07062146230074984,-0.041808885807474216,-0.09019653621075407,-0.028337124718870732,-0.00933399253491951,0.009961242430980732
2020-04-02,-0.04590500296854494,-0.020622303123305707,-0.06625978809067623,-0.06586210930105918,-0.07367672165276673,-0.04372130025572141,-0.09396277050669444,-0.028748642042738637,-0.017360718109410977,0.010023315663599819
2020-04-03,-0.04628761962786421,-0.02154465695860175,-0.05722074875061478,-0.06890029815786491,-0.07517921021855511,-0.04697535475307035,-0.09501887911789864,-0.02966084417051673,0.006736328162096017,0.00805509131796489
2020-04-06,-0.05270546415471877,-0.022557519685536653,-0.0607464254967548,-0.07797143090715408,-0.08103622648660891,-0.05166436375581385,-0.10471530497031212,-0.030771867891333127,-0.038046742457578664,0.009348158933181416
2020-04-07,-0.056086293889372585,-0.024372522543319897,-0.060027314910339635,-0.08165384813586907,-0.08251748802498626,-0.0525227060282939,-0.10809389095371591,-0.03182296037154109,-0.03823596831094178,0.00785611348655646
2020-04-08,-0.06098646472408775,-0.025974791321938806,-0.06836817655704164,-0.08571254251364124,-0.08903095366481428,-0.053378889763094906,-0.12081493550318201,-0.03289228935499833,-0.038615021109171144,0.0062917858811399885
2020-04-09,-0.06316027940135216,-0.02765489534012866,-0.07131236254464857,-0.08850435774654453,-0.09204676647870114,-0.05353835180921129,-0.12694795967686856,-0.03340472098644598,-0.04012184832105625,0.005966120933076358
2020-04-13,-0.06562912029767554,-0.02808112627414394,-0.07328802823616254,-0.08936971626125867,-0.09442026046424701,-0.05393670941909101,-0.13069537318465985,-0.03606769077698224,-0.040244326587895674,0.0038711211502613363
2020-04-14,-0.06658940798987378,-0.028231108468251387,-0.0739290845829037,-0.0920043188785894,-0.09334695617010236,-0.052301598410937844,-0.13112851765127265,-0.041285793043519425,-0.041709395826381224,0.004155325067483062
2020-04-15,-0.06863097371976945,-0.029411068464171852,-0.07377217112400813,-0.0972851144645166,-0.08736309051160096,-0.050075832430234835,-0.1222816636660149,-0.04180573912665786,-0.0454570986120264,0.0028098997841450313
2020-04-16,-0.06867795470052851,-0.02998031323986372,-0.07328879664724886,-0.09772278864991546,-0.0874428135837263,-0.051078747483154,-0.12259688604490193,-0.04318164063219765,-0.04621827849918492,0.00018006419288485453
2020-04-17,-0.06933335889728154,-0.02754603860757021,-0.07316624360585022,-0.10037944015793454,-0.08630421020158252,-0.053177263772321015,-0.11965774913586524,-0.043787975719661865,-0.04778652065480249,-3.329343691227393e-05
2020-04-20,-0.07023647061378391,-0.03970284313513128,-0.07346100222803076,-0.10316192008460934,-0.0862056488088574,-0.05109145933013193,-0.1191693708900694,-0.04520826023908098,-0.047929926491524055,-0.06327526563195307
2020-04-21,-0.07071786118489043,-0.04091257676137594,-0.07055118320567577,-0.10791288118884057,-0.08722693748272947,-0.051030504391101905,-0.12034169499809377,-0.047751217910864674,-0.049135270439782275,-0.06431440412633327
2020-04-22,-0.07256899774527414,-0.04174093304210358,-0.07028830373090844,-0.10934856378480051,-0.08813566901205672,-0.05244975289703924,-0.12252857159705854,-0.051537071047688676,-0.05249541544977987,-0.06590016148732913
2020-04-23,-0.07373411197764224,-0.04216688179173522,-0.07125438358628045,-0.10573059935084284,-0.08906059951815415,-0.052024063110615804,-0.12381629402510008,-0.05155164685228941,-0.052961859528529054,-0.06621249623777004
2020-04-24,-0.07462431190346708,-0.0430309581042968,-0.07187922949610637,-0.1066844716232106,-0.08885295808245386,-0.05225501825625134,-0.12326750754912286,-0.05257715967779919,-0.05414412821516201,-0.06676405517666995
2020-04-27,-0.07181054345457838,-0.0421393397070271,-0.0733278461811685,-0.10758101751498739,-0.08981857899538193,-0.0522176317701869,-0.12440527905760601,-0.05548927490053002,-0.052399580750699615,-0.06491429971808627
2020-04-28,-0.07401784594924621,-0.04487403486787633,-0.07405058533718578,-0.10820244486766906,-0.09052638245004385,-0.05158151008950507,-0.1247542498090426,-0.0553748542877589,-0.05673286681587664,-0.06491947730188985
2020-04-29,-0.0741472311052016,-0.04658522715900837,-0.07013560637816019,-0.10909652662838043,-0.08952270009788355,-0.04673653702235503,-0.12437464123999142,-0.05552891330868315,-0.06693116380607567,-0.06293970053216802
2020-04-30,-0.07497949948369065,-0.05442057797480904,-0.06941547936037396,-0.11191046787558079,-0.09271194718087172,-0.04895982947371813,-0.12723613951213408,-0.05516170567324552,-0.06588916842669457,-0.06147075440246108
2020-05-01,-0.07511562172000785,-0.05439381671952681,-0.06782662527504846,-0.11183924458449279,-0.09266612044687261,-0.04936585545346428,-0.1278218763482205,-0.05609176316695352,-0.06385968336878389,-0.06179958603672919
2020-05-04,-0.07804196402423313,-0.053422268996083266,-0.068290182408558,-0.11336982805225648,-0.09307141334330504,-0.05034332968826849,-0.12802907060114865,-0.05737180289825383,-0.06088052217009965,-0.0622528301162123
2020-05-05,-0.07946431296672485,-0.053591084185867555,-0.06829694821000865,-0.11516397592272642,-0.09025753077167775,-0.05083460753967184,-0.12234930092027918,-0.05738511727873863,-0.06126519714876022,-0.06358649517877102
2020-05-06,-0.0805907660639984,-0.052802958816363876,-0.06889540198476585,-0.11554842754163419,-0.09276172799488713,-0.05234463900869413,-0.127769798346826,-0.056796979878104725,-0.060795288147231674,-0.06384602581879883
2020-05-07,-0.08105159592415323,-0.0536338692419861,-0.06877077179604629,-0.11691020974287725,-0.07840271638901286,-0.02035545618358825,-0.1300928455674012,-0.05689468291916577,-0.060108646380697794,-0.062159209804043325
2020-05-08,-0.08242084633266766,-0.0548158281739487,-0.06964930838129546,-0.1162333737352167,-0.08170823116957171,-0.02440424850721412,-0.13253414904640026,-0.059178487022899184,-0.060848038282915407,-0.06327595274844611
2020-05-11,-0.08232363607653537,-0.05499018308412151,-0.06835584709032139,-0.11747252964203336,-0.08356211379420364,-0.02674525496581681,-0.13286919751196824,-0.05973519470857269,-0.05856570619125423,-0.063222179751524
2020-05-12,-0.08489832729112445,-0.055364894689573285,-0.06845907610113355,-0.118515709781006,-0.09333531900408076,-0.04087173691475732,-0.13753674653464043,-0.059012793511976414,-0.05901096745370393,-0.06351436442149949
2020-05-13,-0.085152558849803,-0.0556869216129845,-0.06932487432632539,-0.11958271752018845,-0.09265925408740106,-0.04104117297052601,-0.13581051683585188,-0.058780385673452784,-0.061202420766472976,-0.06343227739758983
2020-05-14,-0.0853950424443084,-0.05564987968870316,-0.06949074804094058,-0.12179483036793559,-0.09262421804776666,-0.043050015621125204,-0.13353923677809665,-0.05936439571322227,-0.06299910908054918,-0.06429699610622908
2020-05-15,-0.08538805334919874,-0.055562338092956076,-0.07017638485192945,-0.1222049941757869,-0.09521299354898738,-0.043809048353667834,-0.13499092471681462,-0.05884959545923807,-0.062238350284372745,-0.06416062650135179
2020-05-18,-0.08458861321347444,-0.05358348919165368,-0.06941032488727905,-0.1273875236193952,-0.09560828223096307,-0.04369158857334521,-0.13576762708006662,-0.06590409759004734,-0.06055883535852191,-0.06402184356519458
2020-05-19,-0.08431309059303183,-0.05349586871791201,-0.06841816699099768,-0.12784413007536732,-0.09575696824613245,-0.04347540535487493,-0.13587153635265004,-0.06665361341360099,-0.06067713188022883,-0.06188077431009531
2020-05-20,-0.08378075856680667,-0.0481725656079135,-0.06746220114796198,-0.12874713511847014,-0.09482635817755547,-0.04321624767562937,-0.1348864302327788,-0.0697128860748848,-0.06056685215732682,-0.06011694428535186
2020-05-21,-0.0833906239477058,-0.049086361534140144,-0.06873806175356934,-0.12897265559488746,-0.09541531800314773,-0.045089145951523135,-0.13425543713303678,-0.07118582733546397,-0.06008590243990597,-0.05864992882890141
2020-05-22,-0.08372496264640328,-0.04959218211090899,-0.0686973014324116,-0.12853429736069977,-0.09540976626889786,-0.04537554070817784,-0.13266485808648232,-0.07179967245757213,-0.05942145052457959,-0.05912407612396853
2020-05-26,-0.08254147182978033,-0.04831991460044305,-0.0674794982832978,-0.12903981154434851,-0.0949772916185897,-0.04658205226429857,-0.13220671452337485,-0.07305411405134765,-0.057571114856767025,-0.059560180600446766
2020-05-27,-0.08135583432587257,-0.04710000751839716,-0.06673456267463684,-0.12794255131004217,-0.09504781002728391,-0.04720887698529408,-0.13088829513413858,-0.07297480459392147,-0.055979302571603884,-0.05857807473558019
2020-05-28,-0.0783936386700882,-0.043947565978342595,-0.06348707194764658,-0.12449446794362151,-0.09202029767216746,-0.0432566307893929,-0.12919501037303283,-0.07108573972656818,-0.053152574859055335,-0.05587364138816742
2020-05-29,-0.07767702450050107,-0.044744495727343625,-0.06281748412423793,-0.12375729467205754,-0.08992579068032236,-0.04063073256120242,-0.12755407365431137,-0.07171787826523213,-0.0532114142057688,-0.057138639430456384
2020-06-01,-0.07685059156109308,-0.04421611191359098,-0.06188265330517406,-0.12204614043741502,-0.0899056863322002,-0.039782413791852544,-0.1270759376625873,-0.07206978316632051,-0.05183617215422842,-0.055905683382977744
2020-06-02,-0.07575644847694818,-0.04350897126429132,-0.06022142363274752,-0.1215637192601472,-0.09057327656928127,-0.04037373677877443,-0.12776813277576426,-0.07348346598854183,-0.05166658008946168,-0.05315393597597384
2020-06-03,-0.07522198779130218,-0.04283453769524348,-0.06001764668804932,-0.12493666647629253,-0.08946931211061604,-0.0398458265881686,-0.12711691752813958,-0.07475351341425529,-0.05142157970945538,-0.05210953865821166
2020-06-04,-0.07472780635504639,-0.042465496754592325,-0.05982369966770196,-0.12465039944517087,-0.0892228465894177,-0.03782948889986337,-0.12706379931550948,-0.07431296519572905,-0.051270747059935284,-0.051532708193096854
2020-06-05,-0.07212182782987775,-0.041327660604313254,-0.05785491545865207,-0.12484865334197481,-0.08603991894961915,-0.0369513743902139,-0.12129746856108281,-0.0740730967377281,-0.051952915339021244,-0.050534575021338624
2020-06-08,-0.07126309078562365,-0.03958414391276521,-0.058438826622396856,-0.1242183326547015,-0.08367188465555431,-0.03527416739070399,-0.12089703275956498,-0.07370268302012573,-0.05027172704183236,-0.049406662286809344
2020-06-09,-0.06976139781165014,-0.038554982028325635,-0.05599711510179639,-0.124260186762996,-0.07779919071004104,-0.0346338251697319,-0.11243756714072672,-0.0747812986319567,-0.04951552065624276,-0.047699118431928866
2020-06-10,-0.06863747974042211,-0.037817460009927695,-0.05480008660324187,-0.12514905703234835,-0.07874161498274435,-0.034259034056717375,-0.1140017411102926,-0.07473241142472109,-0.04831206039331015,-0.043529402645036464
2020-06-11,-0.06696996118707177,-0.03581670554022742,-0.052545828044312626,-0.12082889254384799,-0.0738389361104067,-0.0345251484062985,-0.11024155973171046,-0.07509991471596922,-0.046879177372566305,-0.04111573460951912
2020-06-12,-0.06210984491491345,-0.032438492432457,-0.04962616179540935,-0.12001001647954768,-0.0683372155382882,-0.03132658977698566,-0.10104931061870503,-0.07744489592260106,-0.04320884792795343,-0.038895788343720095
2020-06-15,-0.05802420218657256,-0.030034502738370383,-0.04599301379107834,-0.11873660377283468,-0.06712512301579521,-0.03087086608012446,-0.10053230919695577,-0.07694129737615774,-0.04189967703453701,-0.03780012304997871
2020-06-16,-0.055755811104475916,-0.02624921211239295,-0.0414005561775328,-0.11559557901342254,-0.06366199726292288,-0.02488308918873161,-0.1007175531363056,-0.07672116923120886,-0.034417535233910335,-0.033661877714667554
2020-06-17,-0.054432527323846625,-0.02418167764551049,-0.04029463368989339,-0.11283270436188042,-0.057096378591178665,-0.024854032083651223,-0.0931643868314378,-0.07179813058921525,-0.027479065442551964,-0.03157525785101445
2020-06-18,-0.05246594597703291,-0.01947019902334246,-0.03832873323898345,-0.10879175414389097,-0.053975317666706046,-0.02045320833118014,-0.09091607372558252,-0.07496719641691518,-0.02538417017387662,-0.030690780024712594
2020-06-19,-0.047371255354628716,-0.015126091244918927,-0.031443403898301914,-0.09701849102472382,-0.05706637972123252,-0.038440472278049476,-0.07811109179606845,-0.07469225151001324,-0.026041495094775935,-0.029120459082481398
2020-06-22,-0.03929343961476095,-0.028421417020527695,-0.024905167743263457,-0.09558281999681895,-0.03927405904832537,-0.05829545519251855,-0.08139515755611992,-0.07333623187701988,-0.021250809406077154,-0.02882365420480859
2020-06-23,-0.036467680154617876,-0.025598585728488388,-0.022073451652088516,-0.09530146880766399,-0.03379460258824196,-0.050557223562304965,-0.07685685854718916,-0.07266667342083377,-0.01784507029430249,-0.028298477633499575
2020-06-24,-0.03402916589929261,-0.02232399948536412,-0.018201542276504723,-0.0907851012923857,-0.02919016749018477,-0.04560128527733698,-0.0716320544154565,-0.07123151917458281,-0.01102528654802526,-0.02567506904522432
2020-06-25,-0.03241482457556988,-0.020551702285594775,-0.015515835627677,-0.08735940733874159,-0.02460738849612243,-0.04187496772941457,-0.06685392331338469,-0.07070172365414484,-0.003969037943213349,-0.024153374058613064
2020-06-26,-0.028022512333925498,-0.015942638264365483,-0.013123994500261804,-0.08479601499634426,-0.01909750604119098,-0.03494194962413666,-0.05941936263610026,-0.06651842401429531,0.002042811882657869,-0.019427503028790816
2020-06-29,-0.02324376710859788,-0.013538108408205796,-0.007923017096481133,0.0013978907386904549,-0.012882579786229864,-0.03144392509149119,-0.05004590804426723,-0.06448776382882526,0.013673710560924146,-0.016044055121802736
2020-06-30,-0.02089395102028324,-0.0125345794127103,-0.004299532380662607,0.006835987614455474,-0.004930342760064987,-0.02372584807281386,-0.045749352653961406,-0.05672539870526794,0.015038178316701512,-0.013211115401931317
2020-07-01,-0.019907067013494206,-0.011932083871410981,-0.003493831599464148,0.00999107721120951,-0.0020407130510481375,-0.022187638627617634,-0.04198246636649772,-0.05665544644436493,0.02053032146765177,-0.012406120415939803
2020-07-02,-0.018148020598233616,-0.011380336900357668,-0.010823965259965984,0.012096389341587965,-0.00017104919785559947,-0.019114711407066887,-0.040478983727802564,-0.0561660751208638,0.018969166557341266,-0.010909266702366138
2020-07-06,-0.010555396725894228,-0.009590137558020073,-0.005055052421452433,0.0189695783003192,0.0058064543539633195,-0.013128576079353471,-0.0312943774666361,-0.054901376686222636,0.08744358061213986,-0.01004687019480588
2020-07-07,-0.006921907070025268,-0.00710122967372917,-0.0034536729295207014,0.024248969225276973,0.00766786473584391,-0.009927600625024957,-0.02773800394252257,-0.054717576830230596,0.08911114089871641,-0.008136961283081057
2020-07-08,-0.0013840727227092398,-0.005275566281828792,0.0057923447439622855,0.02813020679199152,0.013320483845863595,-0.0092633809603756,-0.015714913541054254,-0.053444674327964514,0.08923391836846295,-0.006283637819916255
2020-07-09,0.0009790468078036962,-0.0035595452372132463,0.009112727983694446,0.03287832108035249,0.017094582414438397,-0.0058414665649076936,-0.008386787251385086,-0.05394792456668329,0.09100632278767695,-0.006324597025429646
2020-07-10,0.0035835228066984914,-0.0035517295845065577,0.01097238688210389,0.03380223357318801,0.018093342885073138,-0.006208031967824712,-0.006553129937402757,-0.05134170968897078,0.0898571739123013,-0.006234091582443035
2020-07-13,0.004621735877335498,-0.0023085907441287024,0.011821932242160438,0.03818639082854536,0.01607162798572892,-0.007339739516130539,-0.008165829686898052,-0.04532632087718913,0.09163469863371465,-0.005496181992584281
2020-07-14,0.006663659443359782,-0.0009779471649952187,0.011415191024284344,0.046604625483155804,0.012536528711128092,-0.00933254185735255,-0.012672110612996668,-0.04459116798299023,0.09596226206380609,-0.0037349228894099085
2020-07-15,0.007813095405885706,0.0003528787069806416,0.01314280950333968,0.04764660610981175,0.013056036942775018,-0.007066094500097875,-0.011870007664353532,-0.04304117159190857,0.09808714413903807,-0.0012130283852243018
2020-07-16,0.009070286886718737,-0.00227302918578276,0.014964584505734901,0.05115183738080731,0.011587998544014377,-0.0037464290701589853,-0.016651336211750967,-0.04083194834021886,0.09982243015709757,-0.0003972206381961385
2020-07-17,0.01011389851340505,0.010281522443447821,0.014426071826710185,0.054082132334838606,0.010265280731047932,-0.006292966605925154,-0.01802081078634521,-0.03968816463718783,0.0994050098614161,0.039602478982340594
2020-07-20,0.011915674850165425,0.011698706556478866,0.01743873081654712,0.06104851835740943,0.012064992869689206,-0.006508787066643595,-0.014662284860948671,-0.0390932533283459,0.1025238122508374,0.05268234602703581
2020-07-21,0.014677480676635657,0.013027525644253357,0.018706560221738666,0.06126267452842393,0.012665120990152268,-0.004827025155630049,-0.013324333801238986,-0.03597038960600185,0.10574298311351349,0.05556317188033866
2020-07-22,0.016521674620003868,0.01328851587251867,0.01897470026351855,0.06321251009420203,0.012330417193952004,-0.005870079032260889,-0.01366269169506118,-0.03471288666608496,0.1078931013761606,0.05539890009806081
2020-07-23,0.018379992733550177,0.014480375195854212,0.020968138187293928,0.06717570203001921,0.011595342835783784,-0.005732030622920492,-0.014806576370104851,-0.03368283483037804,0.11834973193895237,0.055585940253473964
2020-07-24,0.01845179489336579,0.013749997273148962,0.022278399469894294,0.06969114452802594,0.01469077617771597,-0.004511737470392463,-0.010316376713910058,-0.03055046231758196,0.11641171417006024,0.05358558767256327
2020-07-27,0.02062739555329829,0.01517970386717904,0.023631298858074024,0.07097655301891104,0.014583041344437442,-0.0046282700923904185,-0.010859305887853776,-0.030307581224338853,0.11644486281062894,0.05465301624570751
2020-07-28,0.021187448943334353,0.015853264137222656,0.024983557385193977,0.07380972402184316,0.013552050366251622,-0.009393663478514669,-0.011074265259678473,-0.02993756720070706,0.11187646837192533,0.05547293587030122
2020-07-29,0.02245623314187517,0.02433840121538644,0.024790493271271696,0.07791374039871868,0.016272253030012562,-0.00743720744016918,-0.009436188629718623,-0.033062691929224064,0.1081081202974794,0.05618162007055627
2020-07-30,0.02419742233363098,0.028807606169903854,0.02473885082226257,0.07875006991145073,0.01409072353808627,-0.006872245361400076,-0.012185790664841822,-0.03324981381790404,0.1125604881836828,0.05927366642221732
2020-07-31,0.029960683379759656,0.03603828624847383,0.0264359577310338,0.08359991878498296,0.012295071430623361,-0.0049575758821125415,-0.016773521493181343,-0.033988884123233976,0.12931598652185983,0.0669766021782543
2020-08-03,0.030183573213049986,0.036993108957940724,0.026588772202800204,0.08706283356689792,0.011381073978892875,-0.0029874904136333313,-0.0185136754815185,-0.033629444547517706,0.13061277451439257,0.06820446710372408
2020-08-04,0.03016341423388047,0.03636741988294512,0.02655868476902845,0.09050925068951199,0.012671893489606179,-0.0028978186662695915,-0.015233056547930057,-0.035177072491047845,0.13029712610230715,0.06838292052596628
2020-08-05,0.030168484519983663,0.03814719252877796,0.02577629681697924,0.09289466366929555,-0.004319793789981707,-0.03561242788251562,-0.015343615323337167,-0.0344413701403371,0.12958452404860932,0.06865709988029445
2020-08-06,0.03165297020261937,0.039724192392236235,0.026623801497234645,0.09449377776961754,-0.0023343528653686496,-0.030913547903772542,-0.015510067405130945,-0.033367647868352224,0.1308803155278584,0.06916026323383506
2020-08-07,0.03169473801832967,0.04025182812870165,0.024843771159262173,0.09801297404275933,-0.0014774361168010675,-0.028569520753520483,-0.014702933281135921,-0.03371175337783028,0.12875450734872174,0.06824597833947288
2020-08-10,0.034792633859021205,0.041051404997362484,0.024606413392024074,0.09989993213238613,0.007867565291659329,-0.013218112212495692,-0.011895442731743588,-0.033576423087981366,0.13016090344912823,0.0687308356480032
2020-08-11,0.03481121190991776,0.04193530567568571,0.02578841777456531,0.10006311061111983,0.006810584222716187,-0.013132102583499505,-0.013931724923016753,-0.0335959150845927,0.1298492869386616,0.06879634509139532
2020-08-12,0.03496054772696633,0.04195522408870933,0.026301775855854803,0.1030561647735293,0.007195888330214784,-0.009842059775160394,-0.01529174499149133,-0.03331714951786313,0.13000278069032545,0.06897784562981202
2020-08-13,0.03509797712054419,0.04163686180693005,0.026702893612061462,0.10380816852552877,0.009407778375741804,-0.010377034345426028,-0.014782092009775982,-0.03424450546341662,0.1294244616392055,0.06982171302837159
2020-08-14,0.034407699830892646,0.0397233134472299,0.0257705409954867,0.11216909429952415,0.00897854473722326,-0.011194082213212941,-0.01440853702518019,-0.026745057875275258,0.12756402357565766,0.07135007154308326
2020-08-17,0.03449578003179865,0.040114384942299575,0.025065696124248582,0.11288887535077219,0.009544196115838677,-0.010544729101555017,-0.01342256242850004,-0.02569792291139228,0.12925765160460578,0.07232878697265788
2020-08-18,0.034411037687433144,0.03555765634329111,0.026115566337212126,0.11395348518533344,0.008734924003001021,-0.010447506120450867,-0.013533458169195267,-0.022663355627794757,0.12913176746921096,0.07194636830858459
2020-08-19,0.03492767098827887,0.03588022209205488,0.0280529266367755,0.11512807027148586,0.009146495492256213,-0.010143154105599073,-0.012954166617814344,-0.021196175032892506,0.129161109532699,0.07333174899396222
2020-08-20,0.035628371799770964,0.03596546591296246,0.02828501039153508,0.11525872317328556,0.009143994645250286,-0.010632552058937872,-0.013925163121812134,-0.020446177417610012,0.1284579623651929,0.07268502088630213
2020-08-21,0.03487091485568716,0.034894208175957564,0.027490340064656005,0.11596639129808972,0.007222417679942472,-0.009189144506097424,-0.016731160679730683,-0.018801161261460586,0.12680832886818827,0.0726595549820448
2020-08-24,0.03466542978357312,0.032792908795006515,0.027677737343601017,0.11919620935351571,0.00886761395226987,-0.024019911660978388,-0.015164431433600245,-0.0179909341025416,0.12753070367774533,0.0722751862107247
2020-08-25,0.03467772649145484,0.03279868761373472,0.027872484912304207,0.12080200286956244,0.009946793264262288,-0.023902272425385118,-0.013592415786996548,-0.017112294241053316,0.12775810337165017,0.07292472282835627
2020-08-26,0.03476250137594872,0.032962365659600534,0.02770355060422358,0.1207864515904189,0.010127394649618093,-0.025735968844091683,-0.012894274226596059,-0.016541983152841833,0.12853091692171037,0.07401599854859175
2020-08-27,0.03412992324933506,0.032145959715092376,0.027130839501514625,0.12087452492330408,0.010398326787521395,-0.0262415994037678,-0.01274846472128488,-0.016339498790804874,0.12688469299399552,0.0722478592664828
2020-08-28,0.03427538386990392,0.031719041547322746,0.02707806171714844,0.12203873439532176,0.010751889868084952,-0.02465834198644601,-0.012449733445005107,-0.014700647794894994,0.1268040552929286,0.07235530362699105
2020-08-31,0.035005671423030016,0.03378151881458402,-0.023348192853523853,0.12316239557576014,0.00906591831826864,-0.02375380258788029,-0.014944828953018074,-0.01243119033676987,0.1299537221691025,0.07290691854871278
2020-09-01,0.034612128344224224,0.0333882106759662,-0.023818067489119965,0.12272401263738986,0.010712396343858233,-0.0214597994457838,-0.01331299106426398,-0.012287749441798224,0.1300675607419266,0.07369416949914198
2020-09-02,0.033381331942000214,0.03310341605365186,-0.024283506419097267,0.1231639719065083,0.010920246645575338,-0.020797690500921173,-0.013363423811849073,-0.012351078163321705,0.13013650784919029,0.07213407260010962
2020-09-03,0.03293838662978432,0.03227388294943023,-0.02270788495254583,0.12335721623446383,0.010463486292012103,-0.02213858061437668,-0.01323007147535138,-0.01198355852542754,0.12851804559159197,0.07120211518283148
2020-09-04,0.0328383139490267,0.032536959413332456,-0.023469140392390342,0.12384278088249645,0.011120570660892115,-0.02201673950536498,-0.011148624331698387,-0.010601183833857886,0.12806279396988418,0.0702503746486749
2020-09-08,0.033777306319909606,0.033991004023997684,-0.022879643272776917,0.1264058284107763,0.012640824589821742,-0.021249936982637885,-0.009332645790279037,-0.010127711113809168,0.1297583488352263,0.07014735032420627
2020-09-09,0.03369190729585103,0.03357359724526909,-0.022770682493218564,0.12644018611468466,0.010233883976160651,-0.020923780563585126,-0.009178584167132464,-0.009313210246225001,0.13006424256545968,0.0714121387465434
2020-09-10,0.03384683630934315,0.033648611566994724,-0.023095024406279085,0.12543663235483193,0.008966240267585412,-0.020920445834756274,-0.011975676982773575,-0.007063338008790221,0.13030358440217427,0.07217624455229021
2020-09-11,0.03339742280166602,0.03249365933437187,-0.023671522382829324,0.12614763708767995,0.007523070390298869,-0.020382447761211675,-0.01421078325916214,-0.005659716245168478,0.12909385206634272,0.07270532869655733
2020-09-14,0.03387848252413517,0.03319493919266825,-0.023465603767106824,0.12740834042021176,0.0074575758916066714,-0.01927921629169027,-0.014116286063636907,-0.0047221524442915275,0.13014471049662713,0.0750031155564801
2020-09-15,0.03427335528372355,0.033146125829410344,-0.023301983970160256,0.1278794913007124,0.007232210844112297,-0.01856094572026179,-0.014269005999593354,-0.009624053686890233,0.12980140483618463,0.07567783844850307
2020-09-16,0.03544529050865908,0.033862049217676216,-0.023004184669145,0.12706222644181264,0.007367820283893378,-0.017769942294995844,-0.013897862014603302,-0.002880548200448585,0.1285246902813999,0.07658408675816397
2020-09-17,0.035150670425790675,0.033045954164286684,-0.02282128957035301,0.12774552587447485,0.007660863288125874,-0.020586458117495043,-0.013730279996194028,-0.0017476682803211352,0.1288143754452722,0.07617393129898553
2020-09-18,0.02950953845048443,0.04994576635938275,-0.023685705887816266,0.12898919395530828,0.006554336084779067,0.018384634748354056,-4.3466853320683896e-05,-0.0011759746144806016,0.12743891026868415,0.07609708066798393
2020-09-21,0.027476842758361153,0.0491324563381379,-0.02334506007148618,0.11371969578336105,-0.09152623139128646,0.02220974619476701,0.0004687198699373507,-0.0004489834455588815,0.12840347014906062,0.07587125243233461
2020-09-22,0.02737559418940938,0.04923521300813172,-0.023084206552071107,0.11374535066743685,-0.09104188348120801,0.022637064045421207,0.0008806210250364988,-0.00015204685238989768,0.12869044299752597,0.07615136146239854
2020-09-23,0.027245854918357626,0.04963147075753227,-0.022147042073960344,0.1130937467683919,-0.09097837377841789,0.0224004631932726,0.000495962046636933,-0.00027284581782505146,0.12895761061237931,0.07577877388538146
2020-09-24,0.027204875917045568,0.049894497618420575,-0.021227145836290817,0.11394795258264212,-0.09081583330418308,0.02149611062521073,0.0014021796741918724,-0.0039129238439296055,0.12947014548724267,0.07453884282899881
2020-09-25,0.026781358541817735,0.04874013460902393,-0.021877535683555105,0.0216331758120043,-0.09014315130290085,0.02110337223882519,0.002132357081190639,-0.004007417912108124,0.12646367183358165,0.0729867450655175
2020-09-28,0.02701621707479429,0.049477705000730676,-0.021516246372988768,0.021606694264769466,-0.08744490180237374,0.02991938178721898,0.0016735588952152547,-0.00292804441688832,0.12752756088906447,0.07374593745428637
2020-09-29,0.028636842013540775,0.04955044549598875,-0.02010378117973899,0.023375153814026772,-0.08769836470522951,0.02717608941463534,0.0003994768190733744,-0.003025576498462912,0.12675807178232468,0.07339939978505372
2020-09-30,0.027177832116126455,0.049616211330639315,-0.0221043459872744,0.024437150037525335,-0.08841894701482977,0.027098718218137474,-6.705819024266368e-05,-0.002780214829705585,0.1274857858012337,0.07326086063095105
2020-10-01,0.02485862285528273,0.049240761226784,-0.02355528642358884,0.02360739311051696,-0.08841331954141074,0.028473037968480996,0.0005769303113967172,-0.0033867076658737894,0.1051499360412691,0.07142132586557315
2020-10-02,0.025157782785048877,0.048993100513398335,-0.023587704527635145,0.0252628624838922,-0.08897932140704112,0.026407559580380102,0.0009412003384279277,-0.002798428047386836,0.10405079384482452,0.07090598937609771
2020-10-05,0.026735345464354188,0.04944866825852756,-0.023112919874948457,0.024826417091852182,-0.08837668884247918,0.028983605985891003,0.0016662662457318511,-0.0026148189821415535,0.15331705907580595,0.07225117918983748
2020-10-06,0.026370891782550032,0.04961955167986987,-0.023074453120194627,0.022934425942339187,-0.08928991714486356,0.025645631868102203,0.00048419357593965096,-0.0017376860538395045,0.1530392289334508,0.0727972377042776
2020-10-07,0.026408950873435533,0.04967697823976147,-0.02371972544411549,0.023832320394443274,-0.09069230734224609,0.025320776271239298,-0.0010258983548685485,-0.0017953377472088583,0.15309427578977397,0.07392833329804116
2020-10-08,0.026728060242299012,0.0482574495267285,-0.02384478915998367,0.02402956670273726,-0.0897666937789291,0.02495268526150296,0.0011903345762085404,-0.0025435968293610056,0.15016910670473793,0.07376769485041845
2020-10-09,0.027657779374542946,0.04810153237457726,-0.02309520312490765,0.020893751609074807,-0.08983907110168987,0.024572261744437496,0.0015340538996315711,-0.0031355477924916997,0.15008702051053557,0.0736059176898316
2020-10-12,0.027498234404889743,0.0480870484878424,-0.02329263037199092,0.02182055400763594,-0.0902697286593045,0.023522186384511423,0.001402882587742127,-0.0023815731339741353,0.15025649474015945,0.07531223236030726
2020-10-13,0.026975448784204215,0.04795459739778729,-0.02399655520405386,0.02330857550287546,-0.08933608848155494,0.022838887841029498,0.004011259129157896,-0.004181266211079948,0.14892996416703785,0.07431466357474492
2020-10-14,0.026984629876166455,0.04834733021176141,-0.02261478527529137,0.022715727804623498,-0.08966086461571887,0.02321183656478598,0.0032362360661537526,-0.0042357461648313555,0.1491374295013499,0.07411447152925343
2020-10-15,0.026340860002227906,0.04875794122980781,-0.02340807314929383,0.023149498961931858,-0.08971011217201519,0.024735566578609314,0.0018658110580422882,-0.0014311154103493484,0.14778040961134775,0.06234965637102663
2020-10-16,0.026130123346141954,0.04839577551260632,-0.023338262943698562,0.026229771962673842,-0.08872376554498829,0.025570838227735315,0.0024658385649480863,-0.000818072872546316,0.1474571287307449,0.06148212992919144
2020-10-19,0.025390731369950403,0.04419826228713619,-0.022639085889101462,0.030375111917875675,-0.08920307703961994,0.02630770550848549,0.0023326086118244937,0.0031061020045626275,0.1472869264206753,0.05515133328693356
2020-10-20,0.024949283994494476,0.04399075520799478,-0.023023006050663875,0.029173663889972,-0.08853346041022436,0.027014641559183872,0.0028767618569685016,0.0030241963703245833,0.13703075890843697,0.05606270505912936
2020-10-21,0.025372255606769034,0.04440746527992778,-0.022050602884389647,0.027018033361821736,-0.0912065385736871,0.02600328922586015,-0.002212305405323578,0.0034754898896631747,0.13750575742876592,0.056251396367847706
2020-10-22,0.02508142734768226,0.04366174388844035,-0.02212676338345576,0.027335730465756658,-0.09047880268843933,0.02541964360165938,-0.0009762863699642743,0.0040534642975833535,0.13998546254056632,0.053911611066442156
2020-10-23,0.02566326743717684,0.04273274560035967,-0.022523974466769126,0.026546378090096523,-0.08995706865157838,0.025368203403549394,-0.00011977356866599287,0.0037717857643499997,0.13998096141300587,0.05283081005499479
2020-10-26,0.025815350165912188,0.04253358441126376,-0.021268373964705267,0.0324550360336624,-0.09015791109558569,0.024696484988901535,0.0026448780202212863,0.007085294455820179,0.14199679014654554,0.05023387763594589
2020-10-27,0.024581195193682293,0.03834979609166611,-0.02065009938006468,0.030839399041924898,-0.08915105886944419,0.024101575177873258,0.005168076813608868,0.006222367276993879,0.13500147382513816,0.04746315192743755
2020-10-28,0.022413139358668177,0.0313374493688936,-0.022143722979152902,0.02889946898067186,-0.08709882507124689,0.023758451669044556,0.010051342540888353,0.006827018490431769,0.11752758972364541,0.04187467993365179
2020-10-29,0.023316747691320527,0.033038144351830834,-0.02423996322381905,0.02353650246085026,-0.08870306068356149,0.022914688910057768,0.006208205976178327,0.005206973342785748,0.12188457839858069,0.043465025346297814
2020-10-30,0.024708957963841094,0.037948358935055326,-0.02388602818131169,0.024337905156508022,-0.08778999468577486,0.02103651626527392,0.00824995966643538,0.007043416639300082,0.136817720664844,0.04850363033871896
2020-11-02,0.025686973391639167,0.03880582199548965,-0.023967036846690326,0.02388220549412523,-0.08688415233278945,0.021209346403880724,0.011469214069898204,0.007709584122492563,0.138830743839647,0.049033329367874856
2020-11-03,0.02527783697890773,0.03858551248231823,-0.024946978291645494,0.023559784919515492,-0.08625649433643923,0.02081806038060563,0.012516773452070362,0.008235476934173258,0.13837340724448244,0.0502689120742017
2020-11-04,0.025269950411993536,0.03898193970956343,-0.02451080941961481,0.0277635529540583,-0.08598204682462995,0.020600791961769227,0.011070774437097919,0.009759062826013132,0.13852801923277314,0.05255441547176143
2020-11-05,0.025341745011965955,0.039463330634627924,-0.024098968044189983,0.027783868813912482,-0.08847666542480259,0.019096306758062953,0.00698686665635595,0.008938273121892326,0.13726298254822766,0.052976319492082924
2020-11-06,0.025713081772750446,0.03880079841188144,-0.024095387573980664,0.029869820164297067,-0.08825232646327918,0.020064803788353514,0.007219619643210162,0.008606795136627987,0.13751797007544542,0.05318337710213705
2020-11-09,0.026932381438337982,0.03961470592042704,-0.023905073492902384,0.03199732275779166,-0.08925268260928587,0.01751369191547636,0.007595633340190755,0.009654410882366404,0.1383483259839755,0.054675372962067925
2020-11-10,0.027072036899426388,0.0398307637968105,-0.023803470923537517,0.03262920283382664,-0.08951197730094862,0.017839711229480137,0.008077103866193092,0.010462564881931646,0.13794229855243945,0.053825875774766496
2020-11-11,0.027270649358188237,0.03989586527042577,-0.02380393868166686,0.03494396458168292,-0.08887319132054261,0.016300135624588874,0.009251386219105706,0.010524272583542604,0.13808528841778567,0.053547149888380385
2020-11-12,0.026915247063250325,0.04004008811612225,-0.024198698133283902,0.03034505210643279,-0.08890593481350939,0.01665174696236771,0.008316259952793281,0.010268189816732498,0.13653174173823301,0.05311487167404838
2020-11-13,0.02637005370294898,0.03999491480414563,-0.02542145292331588,0.029572664737438137,-0.08894005142884398,0.01562417589490539,0.00795681176520513,0.010643983539003976,0.136715561083675,0.054199343343358075
2020-11-16,0.02674829356765085,0.041082699170375436,-0.02575599726058786,0.029610772091578585,-0.08824024369058836,0.015146781958519151,0.007522318800188721,0.01065570281460948,0.13529199163709538,0.053657362492135485
2020-11-17,0.02693658425395773,0.04170998954707006,-0.02489830867671472,0.029549705658583836,-0.08890520933894042,0.015414001787172893,0.008020675345524975,0.010891987633079303,0.1326729582981696,0.05384379329284705
2020-11-18,0.02767697687831805,0.04195442465325838,-0.024315464536213915,0.03081252187198702,-0.08819951925911718,0.015278901952147983,0.00993432312130671,0.01125378120701348,0.13348224506025064,0.054914843595838425
2020-11-19,0.02733395911800529,0.04419418543589382,-0.02549524444597473,0.028050228457174642,-0.0888282054991808,0.031050282704103704,0.009719164049917906,0.011112026017916943,0.13522756014041448,0.054927698518026924
2020-11-20,0.02766539976647686,0.04422985478243402,-0.025501454500168497,0.028336698070480226,-0.08882542372427082,0.031051727932061013,0.009799547006640319,0.011225561359704761,0.134640235429887,0.053315446044539305
2020-11-23,0.02812390575740986,0.04486712503928403,-0.02494125015240667,0.028616931563343773,-0.08868564179302252,0.03056090970342029,0.010433188710222252,0.011770981823678195,0.13479840280199262,0.052852219570864056
2020-11-24,0.028423664444989116,0.04496256891892414,-0.024926959012476324,0.02840277242756617,-0.08877226493684964,0.030581101504858266,0.010367703895146185,0.011781682223959367,0.1347615925806087,0.053595191929609154
2020-11-25,0.02850910378568594,0.044978815267197936,-0.02494636287231944,0.02802331628470478,-0.0894559905699005,0.028300160652605655,0.009945840288254182,0.011789399101583609,0.13472645638441794,0.05394773066939362
2020-11-27,0.027939022049032536,0.042801635863413345,0.025334170239851517,0.02819912755294851,-0.08754193796730325,0.027953587891029752,0.013492187879426742,0.007779003295987907,0.1320480104954418,0.05288833643292534
2020-11-30,0.0287226964715106,0.04359335656821828,0.026253222267482945,0.029028866252024388,-0.08278846560894348,0.02664000320469717,0.013163635666180173,0.008042608903961135,0.13320835143731435,0.05259488090786535
2020-12-01,0.02892188641965121,0.0445318059720099,0.02676126754144681,0.02727259022522399,-0.08410560932853905,0.025747298419769526,0.011180970995190442,0.008002749207079995,0.133023284113704,0.05407474245907551
2020-12-02,0.029053431017529663,0.04443296768449745,0.02689183969974973,0.027751949294353206,-0.08425079915529277,0.02629277781647854,0.011465204947232577,0.014551417302924863,0.13308110899556702,0.05538635572039552
2020-12-03,0.0289332040119632,0.043979583289897706,0.026805814084685187,0.02733979884212756,-0.08549532833814244,0.026012252691933524,0.009535823658195719,0.015504271878895803,0.13378500923185221,0.05632465130709985
2020-12-04,0.027968451222165625,0.043012016273904496,0.026018884105327933,0.027368938428499412,-0.08547462476022782,0.026668009890318256,0.008654217467925163,0.01590057941060463,0.1318177963079039,0.055295051730245515
2020-12-07,0.028529713689569913,0.044333524884223374,0.026440604088827202,0.02782307550176677,-0.086936916895903,0.027891693208739188,0.009369836512459262,0.01701116592967633,0.1322998349898148,0.058033131166744134
2020-12-08,0.028484740800809538,0.044361981807434114,0.02637817925238961,0.02818124945369993,-0.08709297532762328,0.02769164317656503,0.01020380704688284,0.017159148120407197,0.13191543967103248,0.057451661813839205
2020-12-09,0.028371014565345742,0.04489225782581174,0.026078994655476917,0.02838593807754064,-0.08656931416147018,0.027676797083808324,0.011836650819682326,0.01663731972080651,0.13167011915528426,0.05711304086646152
2020-12-10,0.028315353031301616,0.04476228911679225,0.026094242800029033,0.027401632549878707,-0.08697763483362508,0.026379892570292718,0.011662175659478136,0.0166960302143635,0.13036484628132028,0.05598597485897128
2020-12-11,0.028611742679755414,0.04550353852967404,0.026018619604237347,0.027320687386743092,-0.08583862643448892,0.027132593767019708,0.013028431857355471,0.017512722463961516,0.1302092924606304,0.05569230686946214
2020-12-14,0.028703993306105957,0.04526043687553094,0.026209787955234987,0.02752392538251791,-0.08620035016350092,0.026887502394418616,0.01234345298027928,0.014614906554730522,0.1312609295079734,0.05481532438129855
2020-12-15,0.028826744682237226,0.04630687642534781,0.026025289471053314,0.02657304724609988,-0.08662773040788785,0.02641457739442865,0.012333935704792465,0.01467470627642986,0.1308868196486792,0.05519446093687641
2020-12-16,0.02872464643479411,0.046365083428133946,0.02634542109573257,0.0248833036209406,-0.08689548774140454,0.0263982039569024,0.01217345427251404,0.016478213432332023,0.13082922772456063,0.054135134961535325
2020-12-17,0.031093652142117456,0.04735994871816418,0.025829518007262076,0.0429974978548433,0.011522381079815291,0.02283842807449865,0.01071861313967104,0.01596583649043426,0.12968722551669853,0.053890025305024736
2020-12-18,0.03125969095501757,0.04739517868529064,0.02550399010154214,0.048417306828883344,0.011072514279053092,0.02280502910284543,0.010330951457294235,0.01627545125568508,0.1293707808926805,0.052600602797781004
2020-12-21,0.01852751591984858,0.06266023536050813,0.026213695536365877,0.03942435417936374,0.01016849320767621,-0.002878776459846355,0.005267799149752728,0.016781759967432475,0.13013939957555398,0.05290778652482153
2020-12-22,0.018514371028601984,0.06251500622953365,0.02616931601488015,0.038880038281562834,0.010390494030408703,-0.0031356190537454864,0.00551542366377511,0.020982576350584203,0.12990052422544562,0.05413336700373783
2020-12-23,0.01856930550280045,0.0625900115110456,0.025986762899418148,0.039490684251814345,0.009656360865130997,-0.00306195331475001,0.004505543093156206,0.02125531942168224,0.129866135919263,0.05395689722364372
2020-12-24,0.01801328111413958,0.06148999293825508,0.02555962822435598,0.0394479861203636,0.006285343780414898,-0.0114773178701707,0.004938627442050869,0.021151763035706983,0.12843436052442425,0.0534081139445306
2020-12-28,0.018667753641187668,0.06252829731420517,0.026322069304085094,0.03713452499270864,0.007422165350295273,-0.007755875188665273,0.006967231056221879,0.022035831258864436,0.12977255214429606,0.0549809818660032
2020-12-29,0.0185602247413732,0.06254787948369112,0.026283515487953046,0.03746660191210616,0.007019997712631287,-0.007779941097446397,0.0061888241965364355,0.021925002489632694,0.12892634108053413,0.05528960997058974
2020-12-30,0.01986325444140702,0.062110165904734504,0.026297520248729,0.03697404007291083,0.006763624427830628,-0.01050154851455476,0.005847359817258813,0.022036821984109167,0.12893556580261767,0.055444992883601385
2020-12-31,0.019938770365891312,0.061565982810723785,0.026258587266811073,0.03436725855130596,0.007460383163937934,-0.010347418364688776,0.005964169908012407,0.02215752503820645,0.12835163310131947,0.05551975815388088
2021-01-04,0.018540732475168742,0.06222166124337236,0.0261594748525249,0.03616068649317716,0.007908212821251315,-0.011927948361965202,0.011175752407462936,0.022238552662630973,0.08200836911137954,0.054279748472101375
2021-01-05,0.018841507091214904,0.06203476336124236,0.02623368183743824,0.037519997248556924,0.00820067787967238,-0.011855225295691385,0.011071802341744208,0.02243089588982472,0.11535686112154386,0.05475548522769902
2021-01-06,0.018854869238633665,0.06194305113837384,0.026670791200319455,0.03823459073795532,0.008692777462249168,-0.011974507605495677,0.011208881566598272,0.022803809135752307,0.11510445718463136,0.05471675337628912
2021-01-07,0.018085862294622723,0.06209469534556322,0.02648243424316643,0.037500071837429205,0.009033203843991089,-0.011782595855202471,0.011727655559252703,0.023698156237218937,0.11536509492260705,0.053439657353070213
2021-01-08,0.01731242794716814,0.061463610569609806,0.025811938227805475,0.03969436410767391,0.0105701555229325,-0.011226584198912648,0.013663488748003605,0.02426893208803471,0.11501676819324302,0.05365338059913527
2021-01-11,0.017508295076196,0.060955281769056624,0.024681385666030398,0.03987024174985776,0.011796828841727836,-0.010207843875222333,0.01508965525969752,0.024267125661522337,0.11541642344625513,0.052009837258977454
2021-01-12,0.018119072419510607,0.060995264554290385,0.025718092573234097,0.0379443967330273,0.010966794124669166,-0.010364084381533578,0.01332988216452935,0.024635417880489507,0.11557136142698488,0.05180557899789662
2021-01-13,0.017950168394065713,0.06053737477547716,0.02458282993501193,0.03818038970711557,0.012499172654910629,-0.009916707432929384,0.01511736495240501,0.02500755651230846,0.11518888838570218,0.05151968209368718
2021-01-14,0.017876013775326216,0.060560262476949456,0.023625767028121247,0.03856038480031865,0.013575624441263923,-0.011231705394658231,0.01205057226307571,0.02496879986109435,0.11560865861682856,0.051643104372283144
2021-01-15,0.017420339929625772,0.060736872509975726,0.023269035589283726,0.035810378224021555,0.013906248534352184,-0.011765312625747204,0.013224017254337639,0.024846061782856088,0.11541922646389957,0.050658714559971285
2021-01-19,0.019417526323694867,0.06557617379388869,0.02574919412972143,0.033002651900790214,0.017713907824155717,-0.01211167796960022,0.0675274464222062,0.02080030995588844,0.11436494612362136,0.019946365622093953
2021-01-20,0.01970120128893349,0.06493742529322422,0.02560324356515764,0.033813599156439444,0.022134159179755253,-0.013375368444386804,0.06828250303120931,0.021222792254060874,0.11396990778470184,0.0192758328339957
2021-01-21,0.01860894153691639,0.06498265496952982,0.02530886657496123,0.034795179183044755,0.02302201452049002,-0.013642917181623804,0.06922960739955153,0.0206585267752315,0.11311771884159594,0.019983653923633993
2021-01-22,0.01877351882906586,0.06644590177874621,0.02614438599160085,0.034454823224785214,0.022432668236950226,-0.014096152981906362,0.06897472640702818,0.01961639845142593,0.11200740074357851,0.02185585935939649
2021-01-25,0.01880040475807876,0.06746939607722813,0.027186885457624044,0.034029273446043895,0.022684037536966573,-0.012879234197938128,0.06305949025097202,0.01984493418961142,0.11250965199236318,0.02279195581698734
2021-01-26,0.01866696869999407,0.06752579546354731,0.0268320321960005,0.02728839876186484,0.02321824258011218,-0.011844084236517283,0.05908485308952627,0.02029474112107188,0.11097682803089404,0.023406256082488808
2021-01-27,0.019808324931085863,0.07109414196147479,0.027883522118426818,0.027962709020789456,0.02478543461534155,-0.010681298892076585,0.06363029126053643,0.02178964793637128,0.11804758776393953,0.026429415651895383
2021-01-28,0.020794798326575936,0.07478206796931719,0.031155601495263197,0.02818772453569829,0.01974010927178882,-0.011024262635749182,0.06353726097909984,0.023333683370751812,0.12843044211975552,0.028645224635567734
2021-01-29,0.02054224045674724,0.07252848660918398,0.03403056505080748,0.031485015711661735,0.018818437226612694,-0.011696505486803122,0.0617442839390443,0.025076170689433575,0.12287912460104611,0.026485634801741265
2021-02-01,0.021330211789336806,0.0680207436404936,0.03676136990877077,0.03132802261209333,0.019411378900121568,-0.010437809148838517,0.062420814916471334,0.026335136183603725,0.10933624944996057,0.022056773242373318
2021-02-02,0.021770913796088642,0.06824337680545578,0.0376176488326716,0.033181523830885684,0.019418683498424016,-0.010668266838825824,0.06132300434549709,0.025989152354804146,0.11190427946693315,0.02230808371788129
2021-02-03,0.024488850274302143,0.07256774731850113,0.038602938219260974,0.03397025778178375,0.01903850474300861,-0.010703552603253952,0.06098917959988204,0.026996422597356018,0.12256217814084436,0.028967318782843643
2021-02-04,0.024829348005371177,0.07273366702621864,0.038406355399507985,0.030492281482082495,0.02041435974660022,-0.008560728331151624,0.062154269355177094,0.02739885697872535,0.12250713461802731,0.0281325291746386
2021-02-05,0.02474486490849115,0.07203755028790071,0.03864001871163536,0.031111606529711233,0.02174094024735096,-0.007328917420907688,0.06393847424862908,0.028117943099672082,0.12262140521181641,0.0280001641076717
2021-02-08,0.025424100116839154,0.07369095911652135,0.03914577677315778,0.031153068988470922,0.02163284733976578,-0.008222190762897541,0.06417534902391586,0.028983134954767786,0.12547292152322465,0.02883210302977468
2021-02-09,0.024398577120143372,0.07309518692131944,0.03858076213959172,0.029792159863256007,0.023117746762885805,-0.006897373894181658,0.06443660342887236,0.028803323588510565,0.1239916441463047,0.027964837064072823
2021-02-10,0.024588190797894205,0.07331811344150463,0.038542562822454496,0.029558033432948605,0.022371770372342725,-0.006489497870914351,0.06350805062834608,0.028328960605052522,0.1243834128810577,0.02819294980944287
2021-02-11,0.024797831480614763,0.0733575466162939,0.03858615435040491,0.026058227466632333,0.02254458783541713,-0.004611662446590947,0.06264802880947928,0.028452937898263864,0.12417551322238429,0.028107054983586233
2021-02-12,0.023572056690514653,0.07301863892540772,0.0389684465662683,0.02946709146894455,0.022320380188853406,-0.004851673320316996,0.06241309396318995,0.028682075091733372,0.12422699520005986,0.027862297226272315
2021-02-16,0.025016613869793147,0.07447232368105405,0.039582406533232195,0.03033228043712377,0.024005956713452514,-0.004366348348231908,0.06684913344980448,0.03027267776226017,0.1282825460109167,0.028704961615451552
2021-02-17,0.02458933345788772,0.07350636810390987,0.03941123030430482,0.02938194591478127,0.0239659620732966,-0.0038608526310670577,0.06756251746765773,0.030226913182655357,0.12735819617130195,0.029709886604828872
2021-02-18,0.023950295105010788,0.07294777666888486,0.03811483205514765,0.031048524125105725,0.024391766306498308,-0.004006396021900005,0.06697074197140207,0.030074272017706516,0.12734849244025037,0.0296988719788287
2021-02-19,0.02342795976155143,0.07314665750999594,0.03706556637852332,0.030055031504405916,0.02410767729206542,-0.0045244997206885795,0.06655479025641342,0.029803157864441987,0.12591861805127436,0.029333998000843797
2021-02-22,0.02408081185843991,0.07346483951138527,0.03820516665621021,0.030200460238055005,0.024623456676435396,-0.003460862741575088,0.06572792414108508,0.03051113178927256,0.12399966074715052,0.02910536964485222
2021-02-23,0.024868138596997547,0.07316177530979262,0.0410445588977455,0.028878824416355586,0.025014734661456206,-0.0037102600098037897,0.06767260608250525,0.030382095582547564,0.12360777832968983,0.029973070000092417
2021-02-24,0.024700996141438836,0.07270841468389322,0.040996723544994396,0.02991014054194463,0.02480040515315962,-0.0037581072683262606,0.06645148505087084,0.03125212547048739,0.12494608781333372,0.030419429254765706
2021-02-25,0.024564354568207714,0.0740140602221191,0.041149259467760047,0.030967627309580692,0.02360522505442919,-0.003959421470997593,0.06478090167707329,0.03265125142650538,0.12965587475752738,0.03132779106348993
2021-02-26,0.024339121238823536,0.07455613428039642,0.041427359521477136,0.032242206176326116,0.02589134820008998,-0.003336298500468682,0.06757079976792468,0.03285122522679007,0.12956581231720654,0.029129159525966175
2021-03-01,0.024997371363078003,0.07548642461580601,0.04298657433738784,0.03195364669823686,0.026197205502013876,-0.0034841358948511925,0.06744060486335468,0.0377455208171098,0.1301766711401826,0.02971224627405733
2021-03-02,0.02439064959711179,0.07401901766163466,0.042479456234527424,0.0319113798622932,0.020606915539518766,-0.0035705567603346866,0.06819543542929773,0.038390129616679314,0.12663713861042214,0.029239717752753913
2021-03-03,0.024180697946857732,0.07359134646245136,0.04197190095544401,0.03570993562496727,0.022240083491084528,-0.0028696949213710132,0.0729448063935576,0.03956420624148471,0.1264254947032506,0.02965653374159327
2021-03-04,0.02413676438673429,0.07406317703913778,0.041870375023988826,0.034686359637264186,0.023093503455257736,-0.0029000399656567977,0.07387349399776522,0.033209307424028056,0.1262380391671114,0.028107237659227957
2021-03-05,0.024482967655556687,0.07395584024258439,0.04239930762652788,0.03475083847570981,0.023996536200795893,-0.0027099838594145664,0.07462690874547584,0.032603584362301374,0.1254873611801932,0.026418897186915924
2021-03-08,0.025472385180261403,0.07399726090300573,0.043507496270555945,0.034017813929524854,0.024426965793972855,-0.003247660444326339,0.07439557347986736,0.03271418867805642,0.1261219982162003,0.024886728035239614
2021-03-09,0.02455494198289876,0.0732611143202786,0.04273782548122651,0.03345709112652795,0.025854679174835304,-0.004516321139014345,0.07309371760097227,0.032006161436628044,0.1254705886000116,0.02234887411078401
2021-03-10,0.023893552693620146,0.07309423595260545,0.041205019953505895,0.0336911786084888,0.025983740356070095,-0.005343280567436937,0.07272239275942605,0.032382257519184554,0.1257544580482901,0.021675156538439433
2021-03-11,0.024755757769371556,0.07364501697335313,0.041383155616034006,0.03461774595455713,0.021376842427817788,-0.010381153902321527,0.07158618408503159,0.032438940114578596,0.12530944693699642,0.02189007419652711
2021-03-12,0.02444088963087121,0.0733106229143492,0.04084393768940209,0.03462711761619652,0.024121165779810605,-0.01042988314293014,0.07546126022632338,0.03235055537086318,0.12536495147287696,0.02159440003280766
2021-03-15,0.024850742029134176,0.07355716921583633,0.04153758907747762,0.03503011624953678,0.02404391346888124,-0.010498501694473528,0.08098421235453612,0.032738482085163056,0.1263937502920942,0.022480846069516502
2021-03-16,0.02457772088584309,0.07312308640486176,0.04109804715880383,0.03396811371619868,0.024033612208083754,-0.013434701182908126,0.08163456253105417,0.03254405314690567,0.12525395518768168,0.022532291309737662
2021-03-17,0.024789919633111168,0.07288125523753419,0.04119318029948871,0.03402699965354783,0.024393669347171798,-0.013097859327127037,0.0815655698376252,0.03244870152526369,0.12507785575062602,0.022561690046341676
2021-03-18,0.0243079136405433,0.07297357259194048,0.040679328214778376,0.03658289335798526,0.025507602367831783,-0.013410643043804904,0.0821523179875252,0.03043845800990508,0.12525386192060628,0.021885047882632014
2021-03-19,0.02450221014017373,0.072711364757577,0.04119866386514204,0.03601493556945745,0.027282999469110836,-0.012735439565405793,0.08588668690809209,0.030876210906472412,0.12503551446250372,0.022353059345365356
2021-03-22,0.02337899953432765,0.07146357703808937,0.04192456275911538,0.017185001652576748,0.015180381160267098,-0.009139255241142341,0.07447136453990799,0.031148416029636472,0.1259123723608393,0.024266040679582934
2021-03-23,0.036224563551311206,0.05551402357043633,0.04126573135220313,0.025548675529771137,0.016528755434410014,0.016452104074732965,0.08095550823624098,0.030823192470681438,0.12477904681911811,0.023543213338822033
2021-03-24,0.03659811562194193,0.055313629115209206,0.04114992354299818,0.024721128509413104,0.016061010666952757,0.01586722288716169,0.08064865094080687,0.030839786120828938,0.12470136400724297,0.023117870338172253
2021-03-25,0.03660778949658594,0.055194510646566775,0.04130564525550784,0.025017863482860836,0.016559447529454596,0.015138390107557909,0.08168581783652895,0.030533525389450755,0.12470682832920965,0.022809613171431042
2021-03-26,0.03640980158093421,0.0552510358425895,0.04151432677146594,0.025013822764743843,0.016484385447993466,0.015610327318492434,0.08141209166042263,0.03035396884188568,0.12465143695709657,0.021528225005014834
2021-03-29,0.03608618677286857,0.05498271052751602,0.041290336414008255,0.02459828051921864,0.016291426186159308,0.015062140134868507,0.08152606899357573,0.030900999955420838,0.12417382634761465,0.021189419506105978
2021-03-30,0.03613042354274598,0.05482121907355442,0.04128326072231103,0.024728184946190446,0.016913420510745514,0.015060815347079703,0.08391183424754312,0.030009761986070194,0.12430033983913935,0.02121108892739554
2021-03-31,0.03615882438433671,0.053740291590853584,0.039845701803794986,0.023592821857128854,0.017039744862893835,0.01559211589671694,0.08429829534272781,0.030019182004418665,0.12444291755352066,0.023276411563514676
2021-04-01,0.03633538863857666,0.05342151286238517,0.03989780937093679,0.022951941040359802,0.016653419154382343,0.01776696192544991,0.08340748876560333,0.029946210275519247,0.12454313882623302,0.023218659829690846
2021-04-05,0.03632090747952543,0.05239608574581012,0.039161938167808774,0.021417800755653804,0.016673768030706082,0.01755127977348847,0.07868480968557723,0.029966946757224333,0.12362537881825708,0.023860080037122033
2021-04-06,0.037142873021213774,0.05152782367245856,0.03855085119696677,0.02118800487197281,0.01639787506312329,0.01987661840773125,0.07933644583130728,0.030435656687999302,0.09581093824338516,0.023826437985700277
2021-04-07,0.037134671148037146,0.05095967998737283,0.039095072885770854,0.021265710924869063,0.016861851248922033,0.020338471373881672,0.07853197724029459,0.030007558431894177,0.09637584110650432,0.02355161881685519
2021-04-08,0.037771529363711975,0.049993381669160675,0.03820981108296295,0.021467514978362523,0.01578203277437451,0.019659543648079536,0.07714049396113443,0.02886713933437801,0.09639010738767895,0.024148816252486105
2021-04-09,0.038023290784827024,0.05056648371012562,0.038812997155792006,0.02096419142499517,0.014796428569717301,0.01957534596749877,0.07530567991127324,0.028553529844814296,0.096599933869008,0.02304761516490883
2021-04-12,0.038104060801844364,0.05088454714222945,0.03979372002426995,0.01893680209699289,0.014296414599612062,0.018025043523802742,0.07529443643670475,0.02939804036641669,0.09608903576192818,0.023183018293703173
2021-04-13,0.03765287847033005,0.050722378432142445,0.039001132933016436,0.01937822660012123,0.015459885376082116,0.01817860355374501,0.07686305469705879,0.027327633508749116,0.09675277857111109,0.023815569267083392
2021-04-14,0.03792837397784843,0.05092858121034882,0.042193550028158056,0.019755241652058553,0.014787602544789946,0.017816882801880096,0.07775353858337009,0.027647444923753373,0.09663183992187507,0.024704283354605394
2021-04-15,0.03892587213169274,0.05080369674795393,0.04532595363018821,0.019453335275156913,0.012854951670586034,0.018659936548587552,0.07930544218504587,0.027252274002169896,0.09613222729651372,0.024881712287041946
2021-04-16,0.039498646484492195,0.050730198530302806,0.045418381848914446,0.020396696223693223,0.012233015013148218,0.01857441167242757,0.07801049280137384,0.027585959364679002,0.09617500641208165,0.025776091197261985
2021-04-19,0.03808371074581629,0.050193267384607054,0.04367168239853836,0.020603530584562657,0.009758837743865545,0.019025490753915575,0.025297969533995213,0.027989250543023703,0.09604206360465972,0.004231341280998446
2021-04-20,0.036954077552594056,0.05006817284249854,0.043399885561071105,0.020706696723577833,0.005155940424849348,0.020606916843296297,0.024725431635211237,0.02771149199969991,0.09620932919651115,0.0037949265840975244
2021-04-21,0.037842812303354734,0.049762726703308946,0.04329995143895049,0.021709733340243842,0.006257979880800901,0.02090634804752156,0.025714294488122347,0.02921753292189977,0.09613973117293906,0.0029314839685352645
2021-04-22,0.03890366277406909,0.049669190090607884,0.044163895861046853,0.022524227078241088,0.00737494386996973,0.021761333330287957,0.026134195738154675,0.02938445052908989,0.09441094455799837,0.0022545735937617994
2021-04-23,0.03886054427710994,0.049092239842111196,0.04390406959151161,0.02292900590299518,0.006780052913161416,0.020271919750939338,0.030201594046815217,0.029104670115614573,0.09406464716564611,0.0020225080389622008
2021-04-26,0.03916679889908137,0.04908734789934566,0.04415972318849537,0.023917003798195058,0.006445007935517388,0.021317911287407787,0.030893024798552604,0.0290440962748737,0.09485846573449308,0.0030197037867916166
2021-04-27,0.03929261220147229,0.04676157970167494,0.04352691132593134,0.024949560338707544,0.005686206070226962,0.02018678174102262,0.027669288780903356,0.029623201152092937,0.09058724714051603,0.0018074183710417024
2021-04-28,0.0402485398710688,0.049268519454328086,0.04267626041389594,0.025587657952065967,0.010284483214336282,0.02176852316277822,0.02759526195343387,0.029948636687473273,0.09499987635464513,0.00751187554540067
2021-04-29,0.04135629363835336,0.05405430527323474,0.043895956718640106,0.024636059002292487,0.011960205109129651,0.024114794956258123,0.02533687011194985,0.029785621698244613,0.10876079998778998,0.014622884573739059
2021-04-30,0.04064007553011795,0.056162523898096284,0.04146520135819243,0.026214628290926356,0.012925586305657877,0.028009546372214533,0.025789134563450222,0.030470864448352897,0.11420472566619977,0.016544084768152834
2021-05-03,0.04105876046648338,0.05554651470566685,0.041751842925735305,0.025968960473989666,0.011378530512440976,0.027080155820811358,0.023944231654100978,0.030974185046575675,0.1111135519818427,0.016535318070699967
2021-05-04,0.04000451874469668,0.05126409570655399,0.042070044077001434,0.026833337987896222,0.011340775231631683,0.027458291563392967,0.024347303360434447,0.02960671258231229,0.10049187065901255,0.009175664349398538
2021-05-05,0.040482149874299544,0.051464948365256946,0.04230692309077355,0.02930269751360992,0.011358145412120768,0.026236745489880864,0.02469136721615639,0.028490927727947923,0.10032998627485235,0.008698713438259675
2021-05-06,0.04023078557794646,0.05195296037590258,0.04200422654878455,0.03194667708567178,0.02154958731954615,0.04560347634844786,0.029627932274639335,0.029409538820450498,0.10095198851612075,0.008288205840999874
2021-05-07,0.040160655322187155,0.0504700324535281,0.041265386417558725,0.032021205457682944,0.021606570490860566,0.04747644487217473,0.028456613465153824,0.033446492358804925,0.09850218071183003,0.008473909612775943
2021-05-10,0.04049472004786625,0.05127500539790475,0.017211071598313366,0.034251934011083396,0.022383326074566057,0.04864246639365688,0.028700028019956525,0.03245297765955901,0.0997641387640138,0.00963719385409112
2021-05-11,0.04036460658928043,0.050935550491838955,0.041975531559852675,0.035424736960232295,0.023366099942984997,0.04746702426684446,0.02967666602766128,0.03397676783969095,0.09962133534233475,0.008936814531060433
2021-05-12,0.040052753647922046,0.05070382365200721,0.04195189980305147,0.03723157403503019,0.02441455461818176,0.04866049921997995,0.030873681278980714,0.034613262893162355,0.09960684916014628,0.008915365286664922
2021-05-13,0.04143578495572742,0.050655093406676066,0.04153917430469822,0.03890887516492114,0.023800141168672795,0.04882263293310429,0.03163346243821952,0.03502239228787141,0.09948168835032845,0.007641704246257541
2021-05-14,0.03998478557689222,0.048946822295167,0.040416741220715924,0.03829664653745102,0.022543898562986886,0.04915860943592665,0.02720532611480242,0.034375661471835794,0.09524806759451909,0.006475438499244923
2021-05-17,0.04059046307774028,0.04938163078367319,0.04057843691609242,0.04033719525523094,0.021883016876289574,0.04943371160406285,0.026653065694676625,0.03494926080353067,0.09596883940009171,0.0049250335124804145
2021-05-18,0.04062949799926718,0.049219358934751156,0.0432214665412467,0.03930317210847445,0.02216619506361739,0.050650390256625766,0.02584422379851392,0.035030129530341014,0.09585798572345428,0.005296587376102613
2021-05-19,0.04146262735824391,0.04912657076854221,0.04411141089596882,0.0397391109180798,0.02313439656219418,0.05153026148305195,0.02664025424946259,0.0343357755657383,0.09583669142351736,0.005349199435050744
2021-05-20,0.040655460908118224,0.04946967746891606,0.04364682397409658,0.0397677213962393,0.022875304259824203,0.05309267119775751,0.027160473276699237,0.03421107854584737,0.09475779455795297,0.00541567860159442
2021-05-21,0.0402073862393586,0.04996013817821865,0.040536335951571356,0.041169709122278686,0.022527912033792452,0.05350986375422395,0.025442918933675118,0.034142235231915175,0.09506211462761027,0.0050906280194993325
2021-05-24,0.041396733829256016,0.05079593395294357,0.0404175216653484,0.040194130032878084,0.023020599196615477,0.05389077135290976,0.02649787138950077,0.03226370780106591,0.09400888980867572,0.005103253873346647
2021-05-25,0.0413306910878144,0.04954697105002159,0.040184127440203055,0.0380133542096468,0.023948684032964795,0.05414861798787296,0.02735174681501973,0.029397112624132804,0.08937109384525654,0.004093807019670104
2021-05-26,0.04150516508949753,0.049470773653799816,0.03995169573920121,0.03684407923805466,0.022595257665560142,0.05447860990652997,0.025554892859194656,0.030075386449988972,0.09230898505764484,0.006490731039815678
2021-05-27,0.041372299576895255,0.04968783195155568,0.038474192681134056,0.03667524100692776,0.02247164247700839,0.053934888756434374,0.026174872053126963,0.030249207787093724,0.09489424947631364,0.007154159436328911
2021-05-28,0.04157784889822125,0.0503520939508868,0.03858956247876755,0.03648492342324672,0.021959332387786468,0.053576720573216274,0.02563678236795619,0.030117585148399018,0.09688809446510871,0.007641821022471795
2021-06-01,0.04210824404081137,0.05123048893546023,0.039860158477110996,0.03490977906981296,0.02100705848794493,0.05303998733182902,0.022251410080550427,0.03104520594088167,0.09848506289082115,0.008672257175444509
2021-06-02,0.04210683934455828,0.05061579781049441,0.03966070450433956,0.0346472430088729,0.021165026382014673,0.05303548956321302,0.022688048223986845,0.032127618202367536,0.09839505248340252,0.008585685123997822
2021-06-03,0.04205413442416228,0.05038990095747198,0.039944378318709894,0.03567443060670317,0.021318411128870673,0.053209794524667675,0.025515819569900344,0.03176340047817705,0.09815775581520358,0.00841285787454038
2021-06-04,0.04128362927188278,0.05021330926318823,0.038768228332134225,0.03488330552165042,0.01958151164066968,0.05241030383615475,0.02562143024730812,0.03170895574461041,0.09738784007200141,0.01035316944476139
2021-06-07,0.0420716625360642,0.050892835013149895,0.03915652929044788,0.034309764990530844,0.020669621019123063,0.0527434271836289,0.027978896997892466,0.03329221197027343,0.09795717136262105,0.010914530045710302
2021-06-08,0.0426830889890748,0.0512769196896401,0.04062225030001976,0.033144790909334754,0.02036734088711878,0.05299061653521808,0.026613768486562828,0.03283898926048834,0.09793447102714326,0.011415673594405762
2021-06-09,0.04167057344440539,0.05073120229588257,0.040489917422136035,0.03138650149017064,0.024866801314489262,0.057850303456044694,0.027479782548375242,0.03294082563250389,0.09837756805981757,0.011037428950352535
2021-06-10,0.041425940286932805,0.05031232006002884,0.04042036595199949,0.03184897777775397,0.022458653492617664,0.05782933115472644,0.023746533289748184,0.03303188097026233,0.09756580659696068,0.010707382768439855
2021-06-11,0.04042109557914553,0.04944257429725574,0.03957982844998198,0.0315401162535669,0.02210031535986201,0.05759384921817312,0.018138725025619307,0.03239708675865871,0.0966561215081776,0.009781293088342746
2021-06-14,0.04065964354025753,0.04971727549354088,0.03986236021064382,0.03281979988590633,0.022805380729862268,0.06003432569447975,0.019251335156271532,0.03235019809870043,0.09754330006459644,0.009757994577841655
2021-06-15,0.04044372116243,0.04953279704507185,0.039649773468394045,0.032510671324286866,0.02099191007187806,0.05870235088707054,0.017986073601583774,0.03265691679342386,0.09755172681796731,0.00968997869807997
2021-06-16,0.04089108000095387,0.04934893417346253,0.03960766243680092,0.03044453933258917,0.02045927367925504,0.059246838873518115,0.018263080693314837,0.033880167993151966,0.09731729307975878,0.011016048339880458
2021-06-17,0.04031272435872335,0.04938397301561981,0.038993375029110044,0.030617436978876533,0.02118349877213732,0.058785236277327346,0.020059143264175905,0.03358106728840804,0.09733714577508867,0.009048430924468942
2021-06-18,0.04126565035785812,0.050570184771060456,0.03827239786705494,0.04441497125219951,0.032945104116554935,0.054987967588329356,0.030312083052298266,0.03289125223554312,0.0963656586491628,0.007005337260894251
2021-06-21,0.04327570859060614,0.05013042375408028,0.03827642228146777,0.04511475141470722,0.034841501397400165,0.05652466520471866,0.032103390680530586,0.03327983316090788,0.0972808171962618,0.008134733601842026
2021-06-22,0.04303605558533952,0.05057019162965437,0.03948541534883043,0.04608050411370379,0.03498962823943619,0.05740188676429736,0.03164618709886957,0.03317630312599662,0.0974155370803369,0.008360480227834088
2021-06-23,0.042938448998413925,0.05060470063871847,0.03922245173439354,0.04561419750002593,0.034459890755076605,0.058051295935093616,0.03183775966595581,0.033025914553248104,0.09721608500877399,0.0086190142849365
2021-06-24,0.043453306343744336,0.05057656075570294,0.039142782089792494,0.045907320333709034,0.034549283481716264,0.057894783749152134,0.03181841489641779,0.03331602223231367,0.09719293452133959,0.009754331404619787
2021-06-25,0.04343781354384957,0.05005001677700616,0.03877153605375594,0.045932906360516945,0.034408906176350174,0.05813324878094317,0.031315898354945304,0.03249815528069799,0.09618006659349865,0.00847121102937809
2021-06-28,0.04370926633154881,0.0506372572616971,0.03911935622274143,-0.008393765914531337,0.03453531313390634,0.05884864079489027,0.029968705864875655,0.033925091794586804,0.09689183323596273,0.00829170982580063
2021-06-29,0.04375349728681943,0.05163593082719964,0.04020272234021194,-0.006835757599799597,0.03507557726285726,0.058365036911026236,0.030672427008391123,0.03395831719832554,0.09606891632924275,0.006129518575787918
2021-06-30,0.04346951400347132,0.05242570555953319,0.04008828046054713,-0.005400608941495966,0.036481282284009486,0.057093947419092794,0.032072912807685316,0.034154013299872554,0.09644412294046045,0.006909947485516765
2021-07-01,0.043365226877859264,0.05229536834457349,0.04014803279039825,-0.006157442819451409,0.03717216690274561,0.05730580811413444,0.032516821089519254,0.03369795996882208,0.09501154307932103,0.00567947900257848
2021-07-02,0.042587330534711976,0.05268934837262984,0.04018171804727366,-0.0056705048181531215,0.03774028364699378,0.05479885084311498,0.032777956304141265,0.033153217161643544,0.08913408635674291,0.004653921837167729
2021-07-06,0.04332841983311009,0.05391923209821203,0.04030742254757791,-0.006381599813216177,0.03874528603204053,0.05557578538235042,0.03552483492424807,0.033819046246557294,0.09028221628215749,0.004863391477454737
2021-07-07,0.04316140176719707,0.054623690733953456,0.04106660451060118,-0.006184970635912501,0.039579031126402375,0.0560547931315285,0.03669709550782474,0.0342735999550805,0.08990407045664828,0.004619246806053079
2021-07-08,0.04299918283935522,0.054621974809439866,0.04070803912982246,-0.006511282611269098,0.03912578443446413,0.0560348114006457,0.035838359248170804,0.0356802621371608,0.08998377671431301,0.004745045102305889
2021-07-09,0.04251000686738493,0.05399299489518805,0.04018165908027904,-0.005613522554535066,0.03797985749803767,0.05663145438939421,0.034171839595100284,0.03479705022767687,0.08848915044604033,0.004576532022542823
2021-07-12,0.04292572438568665,0.05440308924066439,0.040878890741746776,-0.0031399042578131864,0.03816444163930255,0.05918306136903162,0.033417998695052686,0.03702996833744843,0.08894388052031754,0.005115573680924301
2021-07-13,0.042821366926614424,0.05475465815248337,0.03983556138528943,-0.0029206786800345386,0.03836345608189995,0.05832284842440871,0.03328533697106062,0.03659679014769002,0.08905133729665549,0.004191324893465298
2021-07-14,0.04200730194562041,0.0547583957990867,0.03750586983272197,-0.0033705491654761888,0.03799249135281402,0.057660755677832354,0.0340089935958614,0.03578941338527386,0.08893279306621982,0.0035356555281926827
2021-07-15,0.042115567742786686,0.054590331036447504,0.037436415394542566,-0.0026047258483749003,0.038630554782147275,0.05863785198656779,0.034501552087295995,0.03540332708588889,0.08880798536543999,0.003594234944269914
2021-07-16,0.041426514207646425,0.053634084672211424,0.03623326122420556,-0.002309858450170177,0.04023773162564215,0.058081807589371426,0.03639647347973174,0.034473587497898306,0.08766982060938955,0.062485850363532824
2021-07-19,0.04237681239603153,0.05442439821739509,0.03694091040866243,-0.004799387973035474,0.04048621877477254,0.0574156577098075,0.03694079584997789,0.03439828200319961,0.08866883098259493,0.06395369018714558
2021-07-20,0.04283635802075758,0.054386845825964425,0.03834996459370488,-0.005607340331822086,0.03972690620141761,0.057381900401799024,0.03705846450547323,0.03311005488407237,0.08871313184920715,0.06371547851136672
2021-07-21,0.041125944215015364,0.05541339138991819,0.03731678771696445,-0.005632401219201388,0.0403113585532906,0.05740944694617478,0.03799421022853933,0.033054078805359044,0.08925319376822416,0.06255995333741704
2021-07-22,0.040626704382943135,0.05558432702469562,0.037755889917688856,-0.0059922917096654205,0.04122262186010217,0.05732162280686892,0.040281387119434076,0.03303321671720694,0.08872740236159538,0.06242151639281901
2021-07-23,0.04023133776995991,0.05473298058253251,0.03780810307331839,-0.00634182413940565,0.04106784459123802,0.05756820638944515,0.04183450406954825,0.03303929353533963,0.0872201549593763,0.05996355740106307
2021-07-26,0.039479273596073616,0.05388818174786536,0.0380374814977964,-0.0059663355868117,0.040703732031464934,0.05779919803801392,0.040869515176637394,0.03260535476738413,0.085315005653825,0.05804883172243125
2021-07-27,0.03891558383982363,0.05136110306233932,0.037396224226275976,-0.006594245988580938,0.040898713457909075,0.055849912990837636,0.04134241458582211,0.030607673755465026,0.08062420287521244,0.05360304624540313
2021-07-28,0.03932291856301995,0.04972691732692991,0.03604792244333299,-0.004391160115478132,0.04012695082159867,0.05436477611107415,0.04462082921533894,0.030798732498358072,0.07450511557195694,0.051659512992610956
2021-07-29,0.03969970348705498,0.04673434238680518,0.03619126448922927,-0.0053676374690585504,0.036816562145255194,0.05061800065888744,0.041408983417341894,0.02894021152626669,0.06513276856669736,0.04963375485620003
2021-07-30,0.03892579843379762,0.04466977548768858,0.036727872194646016,-0.004468095058909771,0.03848217539220222,0.05334354104865313,0.04333467910931543,0.02889087362728815,0.05856651456592199,0.0464220315506938
2021-08-02,0.03828731614293068,0.04462150045000812,0.03737581331140638,-0.004030319884254507,0.04198174913185726,0.05350942040024731,0.04887781712307371,0.030260781132272596,0.05787700279606178,0.0463737473776229
2021-08-03,0.03829335664391431,0.0437286057072277,0.03741150574503105,-0.0085059436255438,0.04167089854749384,0.053289523101220926,0.04946798075875147,0.03101945314542398,0.05802568553707377,0.046717751513911
2021-08-04,0.03893548016883375,0.042762830916322825,0.03768180859698722,-0.010703984683565593,0.032633141983884784,0.03392493473985292,0.04710473881904553,0.03069258172390743,0.05652671733772552,0.046669982555754164
2021-08-05,0.03955590087131333,0.04374213648134728,0.038340142022298185,-0.008570260811811892,0.032715358337324085,0.03324475330340215,0.046642721509309926,0.02747691892397497,0.05565415300076637,0.04584484243109821
2021-08-06,0.03970283695420829,0.04329338515835879,0.063069950418293,-0.010571839098090674,0.031386204695610154,0.031133351985562552,0.04645056473040987,0.028540971899333245,0.05473368081277785,0.044247022083603316
2021-08-09,0.04128742446502853,0.04342756851593954,0.037984544987974767,-0.005720063786499807,0.032989133763495104,0.03496839892663672,0.047974409561120535,0.027705436430244923,0.056232874556233714,0.045161021779955624
2021-08-10,0.04156154791705169,0.04345266947686488,0.03814930938116512,-0.00724362758881969,0.032474700289639946,0.03344533193971633,0.04835586019488347,0.02655929506026955,0.0561129309109214,0.04490538402693667
2021-08-11,0.04181932789923404,0.0433514229644667,0.0381830943940773,-0.007451723959837175,0.033533176235537754,0.03302577796413697,0.04765510492952041,0.02594513215435157,0.056098134064501703,0.047314522441027185
2021-08-12,0.04206183785594564,0.04314715380418632,0.03842563058493442,-0.007019403432500959,0.03464841825384357,0.03286805207945043,0.048816507046812285,0.025444259801302715,0.05644137894803536,0.04650892666015527
2021-08-13,0.04090111334500546,0.04247647266857246,0.03772944310429893,-0.00849897256375387,0.034333628128336846,0.03185907962071122,0.04910348521620933,0.025320756652397636,0.05543904781586462,0.045985156449732445
2021-08-16,0.041522337714792856,0.04287973004814272,0.036041912847267765,-0.010069168416594554,0.03453986579839774,0.030960415163846955,0.05051257939820997,0.02603746428302256,0.05630669415529144,0.04623731058527736
2021-08-17,0.04058595878875737,0.04254047823630769,0.03704149669908552,-0.010647166747752013,0.03525940615623657,0.03124582412750443,0.05131618157958884,0.02709532510910906,0.05659831977627139,0.044776415036785755
2021-08-18,0.04097518682664458,0.04214554234966994,0.037306541801947146,-0.0108822317181817,0.03565189350948139,0.029326678653015747,0.05176287273710911,0.026813518565740324,0.05911715415182828,0.04556507944908428
2021-08-19,0.04062585454745693,0.042421633279209336,0.03736830809528713,-0.009445852879893968,0.025544996001722442,0.02866526483162568,0.05202199460987966,0.027466736519284662,0.06041630775444751,0.04548252771006456
2021-08-20,0.03946740413400307,0.041441723318681234,0.03692981770147585,-0.008468768440292096,0.0250900651321313,0.028054695610951974,0.051325455495320194,0.029230257760012313,0.05880025971728209,0.044470645196402536
2021-08-23,0.039977808299419104,0.0421099809767731,0.03754792716868427,-0.007331977397171285,0.025356579906727683,0.028229783737844016,0.0517694579586685,0.03153267027587314,0.05983664035817249,0.04456289581837569
2021-08-24,0.03979752670507275,0.04165693024317196,0.03744374979445109,-0.007868835194975499,0.02536892719031192,0.02776269149465249,0.05116813035414869,0.03166884435572692,0.057054801237356845,0.04367763087308085
2021-08-25,0.039160564724499025,0.039949533025167794,0.037653062732738496,-0.007679635318538658,0.024528855702833807,0.02761130382070398,0.05029143713957729,0.030471930530362012,0.05287694376010599,0.04156591852147162
2021-08-26,0.0388968768374538,0.03745638430736342,0.0376279157537851,-0.008138222392537253,0.024799816673479524,0.02755319352111929,0.050661557660123036,0.030049521699864634,0.05382873555849543,0.040675571525685905
2021-08-27,0.03813105844331188,0.03627381786376982,0.03581590332044149,-0.008388389918102535,0.024668572576783898,0.027556321314911925,0.05002495657589745,0.029084266786381985,0.05240989298419496,0.038792813057807685
2021-08-30,0.037881860881322726,0.036704752096325066,0.03631774497675777,-0.00779744378873215,0.02409726433610082,0.02763200749259087,0.048718102205879354,0.027655763738906103,0.05298223168915439,0.03988192844244298
2021-08-31,0.03743583132973649,0.03647121495379624,0.03552186348956132,-0.007078794133628552,0.02336276296328399,0.02724367147859197,0.045511346998211355,0.027464623605205185,0.052991353304927324,0.041581097283618584
2021-09-01,0.03721753881267076,0.03661505311489632,0.03543505384456336,-0.012475930604586072,0.023191571688535584,0.027200476797227147,0.04629492753572695,0.027274359398596904,0.05295233944625144,0.04077235780082433
2021-09-02,0.0366744795709244,0.036100666114947666,0.035137052910294564,-0.012278212403932454,0.021930554392548096,0.027785829843273158,0.0434240585810175,0.025933609092777088,0.05197047575228919,0.040144920385105864
2021-09-03,0.0365569313764913,0.035827279143269886,0.035221777380136654,-0.011443213469589986,0.022230109343599036,0.02776741646596248,0.0440615112400089,0.026227507191614263,0.05205919427352357,0.04093083641206463
2021-09-07,0.03726554968967233,0.03690117154475692,0.03601944483801556,-0.010605796891714592,0.021451315524060544,0.027885645640759016,0.0430245016432631,0.026313978000441107,0.053156343758942626,0.04138084209938886
2021-09-08,0.03728844512199725,0.03755864690438848,0.0361501999920264,-0.009558900408876192,0.022737506722195988,0.028194238728629584,0.04462512198117552,0.02648889737565807,0.05449905876684347,0.041032433949726554
2021-09-09,0.037273847354414524,0.038043746971134995,0.03635151412410664,-0.00740421312099504,0.02200104176124551,0.02839167509129137,0.043207012581403914,0.026455628099193884,0.10462828482800712,0.04092364448241126
2021-09-10,0.03688062329219388,0.03757620808326245,0.035959203890934655,-0.007533821427184395,0.02117086586251027,0.028746472306366178,0.04120528214929675,0.02636080220237247,0.10371484011685528,0.040508559288177315
2021-09-13,0.03729635201518655,0.03781518038604603,0.036402006644429497,-0.006282917040274172,0.023159758268287423,0.029499651299345286,0.04308469991554742,0.026911732792238352,0.10351779359247626,0.040104932876343646
2021-09-14,0.03695835402272052,0.03779229454606736,0.036343622317764224,-0.005547146645639045,0.024156678613508564,0.029505172224554288,0.045141149242343026,0.025594265385654902,0.10354785699044133,0.03927718504289479
2021-09-15,0.03761653624171424,0.03775402769059233,0.03639365109743031,-0.0041648872314234975,0.022434756542365042,0.029227087940931984,0.04245463492782142,0.02546730620385418,0.10343436222509772,0.0408506705527083
2021-09-16,0.03725638206988524,0.03793220453994328,0.0363604401050297,-0.004815880702158437,0.023295786451287492,0.029486018741105458,0.042895738075089396,0.025839337339096602,0.10453874901046212,0.04086971365739389
2021-09-17,0.035100300237007165,0.038744091342711506,0.035918585240087175,-0.0055577896023977225,0.020761977587200775,0.02818760733871173,0.0442335156597744,0.025680899750911035,0.1035917755699467,0.040084485432720474
2021-09-20,0.03527366858932934,0.03636147265403955,0.035009100130654947,-0.015893497306386006,0.054424277813809985,-0.04717262914850684,0.02979720064838509,0.02595082587312647,0.10434994668114217,0.03992966599249881
2021-09-21,0.03532103368805739,0.036568010595925626,0.03497556937137025,-0.016538187993398346,0.059166705403854936,-0.04725518182935173,0.04175464550504304,0.026188793309074088,0.10428926921858306,0.041256368197349236
2021-09-22,0.03498513866944686,0.036459958777853574,0.03464873081997255,-0.01683674371142485,0.0561155172523391,-0.04755548301976176,0.041944480335974976,0.02602455094647982,0.10450767858657684,0.0412234581059161
2021-09-23,0.03485972988249597,0.03653464030302489,0.03436141923603908,-0.017613475649472243,0.05118136218133884,-0.04780285282572172,0.04056384981076522,0.02589165665087978,0.10434241842243508,0.04104989198216469
2021-09-24,0.03471153998390797,0.03643258430886198,0.03375828575443962,0.03590719584431157,0.050743941252017866,-0.04870279880956929,0.03991841815916497,0.025424429326413422,0.10341481394009988,0.04120399114437734
2021-09-27,0.03518146841687986,0.03688418111142422,0.03470252314667799,0.03559329105188613,0.05113668355895995,-0.04898595163511965,0.040385227840644466,0.025566297576033348,0.10493992073074021,0.04207156893186714
2021-09-28,0.03480284329201111,0.03586180088270319,0.03466524709056329,0.03498895882917452,0.04844945501999054,-0.04966328372802653,0.03627863505915996,0.025642632185409298,0.10453051649110368,0.03864038811548931
2021-09-29,0.034191514045403215,0.03522473434460127,0.03444043766487703,0.035469286469796746,0.049539948330630246,-0.05027355626547758,0.03981616900272522,0.025700328343044587,0.10456770325907616,0.03720855237079812
2021-09-30,0.0341832733343157,0.035601588723849886,0.03473528633841716,0.03699673090011402,0.05016869767142773,-0.05003797247567243,0.039453285115979675,0.025929577670312343,0.1045592293347366,0.037467036329529524
2021-10-01,0.03340466719465174,0.03458942706727419,0.03409642494279863,0.03612450505389808,0.049609774899638026,-0.04999528308646284,0.037147671562262286,0.004548553761970497,0.10270703201065245,0.03645345333163985
2021-10-04,0.03381157801248946,0.034216341501401626,0.03321462257255914,0.03781659136665505,0.04910718950783921,-0.05026906610428683,0.03647695362023495,0.00511490003977455,0.10378237534736545,0.03669345320873041
2021-10-05,0.033431061611042034,0.034278821221020994,0.03288386188887671,0.03563506786033277,0.05018009948496749,-0.050596411606456004,0.038290257168670294,0.0029813185390745733,0.10354253417695514,0.03692747261756324
2021-10-06,0.03353498316885628,0.03462980001507199,0.03308841025804399,0.03575116954257296,0.0512138957018653,-0.05069096416234886,0.03910901792155719,0.003112913101301018,0.10352257835461542,0.03608327101191455
2021-10-07,0.03308676686390699,0.03390703543897522,0.03209202114023557,0.033994268060643984,0.05031374121241372,-0.053202772500077544,0.03878345097800984,0.0032191424797611834,0.10229360673428278,0.03453285499633818
2021-10-08,0.03259864733943507,0.033190749332327574,0.029584695876005096,0.03852843129236794,0.048902389462999185,-0.052512621357761025,0.036892188333391696,0.0029377915283217426,0.10145980857805426,0.03396117891570194
2021-10-11,0.032701525365260053,0.03337028325904701,0.02945241142372068,0.03816327975267719,0.05026725657595188,-0.05307429368142247,0.038263342273288314,0.004163508304327879,0.1021630586803739,0.034393214485290535
2021-10-12,0.03210736161674088,0.03326050873373321,0.02884099353622349,0.038181233812375925,0.04962827485170629,-0.054240556393866046,0.038439793242309284,0.0052022825983164545,0.10239102838959147,0.03294137817782561
2021-10-13,0.03204036523505671,0.03350342459022437,0.02862607303258602,0.0373697061091014,0.04815106412509751,-0.05415227205716233,0.03538691983203357,0.005552225134533018,0.10219370307863995,0.032733791782254995
2021-10-14,0.032027079596641306,0.032030450752151385,0.02801662215987677,0.038557468362091285,0.0465273115400493,-0.054245409234818354,0.03263254698190021,0.0039118119133776386,0.10081026791036862,0.032407087968252535
2021-10-15,0.03121394654441989,0.031566701991861956,0.026925966238062538,0.039117651308721246,0.04627917094040379,-0.05467098549208216,0.03272070414998551,0.0032565252124916455,0.10044612091338778,0.03266482111187741
2021-10-18,0.03228700856524824,0.029834030417531743,0.028801864642115316,0.03954746821782584,0.045478566885273075,-0.054710733288907853,0.031620669594361495,0.004666524646281367,0.1007809506623838,0.02602959429101781
2021-10-19,0.0322185896820979,0.02979920381834278,0.028436359684487433,0.03855911196728612,0.04334519437849216,-0.05457975277121352,0.030673654207022283,0.003608657583259234,0.10029910535307995,0.026654311734673808
2021-10-20,0.031927247757504995,0.029737049200797117,0.02640752876203689,0.03890058078228398,0.0435977592114003,-0.055833570004439004,0.030340151914550084,0.0038407676314928807,0.10254405433187364,0.02726245699622143
2021-10-21,0.03177547121253421,0.029508553151009087,0.025769614803011764,0.03825113659644752,0.04422356913295711,-0.05641906224871018,0.03141651558814984,0.0034349203133139383,0.1019773750542301,0.027163817996487483
2021-10-22,0.02988774085976198,0.025235859656129955,0.024935811176377776,0.03775602956070445,0.04459820647063806,-0.05620284604100223,0.030707777733259833,0.0034300763057566463,0.09088986217913697,0.022857227367762523
2021-10-25,0.02816830700835249,0.02164907849915143,0.023828199290157892,0.03935060728001116,0.04445313572310616,-0.056779119791722676,0.030770253244837065,0.004219245953633877,0.08316426591259396,0.01803381893911582
2021-10-26,0.027571902809286453,0.02250043230810328,0.023460674677486137,0.038529608144316274,0.04594759058944664,-0.057175693815406325,0.03204168842082078,0.004052851303059324,0.08792152984036417,0.018377603125497632
2021-10-27,0.027074710823323578,0.02457882244643561,0.02123784852369215,0.036932109023129156,0.04564008129457453,-0.0579741558918323,0.030800030856932947,0.003424722627042076,0.09434043027509453,0.020878537237265293
2021-10-28,0.026370891866588142,0.02405967729186953,0.020378063032043814,0.03715488802964151,0.03806419996365484,-0.058565120440125185,0.019479549712539956,0.002048761774503527,0.09255085004598662,0.019774740939666913
2021-10-29,0.025797330585509037,0.02349581375384102,0.020696367850733033,0.03835008350040581,0.040040641106115826,-0.05758674153232812,0.0211085814019496,0.0014430938647256308,0.09101175451517385,0.017891805472617373
2021-11-01,0.025487913272591145,0.023956350680598426,0.020770785867193498,0.03850726657026726,0.042814645622902825,-0.05826453381694263,0.021079039606101357,0.0017232391486079468,0.0922950743814952,0.01786285957453826
2021-11-02,0.02526931777087138,0.022639108621977266,0.020251900744975515,0.035904974214749474,0.040138044679507434,-0.05874902950842453,0.022684627978233562,0.0011917908312959469,0.09224907481180966,0.019075497946677844
2021-11-03,0.026000690207051314,0.022941298380777297,0.020369414014980824,0.03534985320681283,0.04130993638844371,-0.057219430993765585,0.022500145957375484,0.0004707256899196821,0.09169153601687885,0.019747315571298607
2021-11-04,0.025105350668133353,0.02310731042239289,0.021126756401471214,0.030018327099981867,0.041694283859555314,-0.058163627335891865,0.02184165501910318,0.0005448012039590555,0.08992362663952513,0.020761913670590326
2021-11-05,0.024974329392358774,0.02332829126865632,0.01998426716355106,0.03106507906104139,0.04087218986080976,-0.057092117919980145,0.019800444397727324,0.001013755722988785,0.08990799668562444,0.021081139617016964
2021-11-08,0.025709393447496787,0.023667377198260953,0.021243433380845778,0.03249889558054142,0.042326946913803454,-0.05668500022052314,0.023006571724408342,0.0012862745078461302,0.09114940789890769,0.020248588618366314
2021-11-09,0.026164480433132686,0.02334750294847865,0.02106211290618809,0.033736600810848616,0.04169323395826763,-0.05674884132220159,0.023102762480948114,0.0007505573432555757,0.09111280075110662,0.021399381046330657
2021-11-10,0.026583503245653173,0.02339189415432852,0.021337193976412205,0.0343329319665433,0.04357247148059851,-0.0560576045536878,0.023740622839698133,0.00011657405870235671,0.09132148970435106,0.02208418096852993
2021-11-11,0.026627872868651092,0.02310514597307045,0.0207479852557253,0.038555152102313306,0.044498987138600565,-0.05535016746366428,0.024691510757513857,-0.0005220455286820691,0.09050339692627252,0.02133693244266266
2021-11-12,0.02636302306666871,0.02297478243486517,0.019405410599438344,0.03870912468542187,0.044279983512719,-0.055012313585849015,0.023989149711827196,-0.0005993613860864055,0.09027570753973113,0.022305026024697083
2021-11-15,0.02626777029142291,0.022576481985352448,0.0190686978440624,0.03816705715355373,0.0476144294844878,-0.0542497216046719,0.026873307327937468,-0.0012166565690420184,0.08872344807664101,0.021463980735359378
2021-11-16,0.02669356720501148,0.022076281977507106,0.02131592038102248,0.035502632702283154,0.059355841145949606,-0.05375604722929739,0.027661568460511488,-0.0015333593840969328,0.08745940737260383,0.0217582032314938
2021-11-17,0.02694221821967835,0.02239232275769698,0.02185647075851005,0.03533957716302738,0.05928378034875248,-0.05334617233687833,0.028034911901542392,-0.00259281819037005,0.09060695798211582,0.02309082539787566
2021-11-18,0.026812037977184344,0.02233406485033229,0.0216670494519271,0.03626937137049158,0.05878949315819271,-0.053314878970064816,0.027474837584800182,-0.003145875625375605,0.09126100847041063,0.02430650943803725
2021-11-19,0.026856131558447016,0.022367614268439695,0.02189086553765418,0.03667696189645553,0.05919194984777221,-0.05334747874143697,0.028415103825548682,-0.0037840263557450404,0.09126565483444993,0.022924643317369098
2021-11-22,0.027202479705170868,0.023177288356677428,0.021724974613556824,0.0364902438408059,0.06346900469847472,-0.05226775085711899,0.029645422257723375,-0.0035907571612353584,0.09277757826616262,0.023628220994534654
2021-11-23,0.027602897106597357,0.02567447863743766,0.02175475191143561,0.03571809246991031,0.06124251383703605,-0.05188219122455595,0.029434734333315227,-0.003744304487734773,0.09179883503288488,0.024273474408148532
2021-11-24,0.027992255444974745,0.025478065647012604,0.02253243968061014,0.03647004624716543,0.06073738957360031,-0.05188168093005352,0.03084246136071811,-0.0037912074897441528,0.09180894259583794,0.024488679462576712
2021-11-26,0.028277320563404373,0.025267163485539923,0.02236311712632033,0.03636377016530834,0.060519739174152765,-0.052324862149815576,0.03013661670602308,-0.003828412817538762,0.09176168502462367,0.02327698701198111
2021-11-29,0.028793516690767573,0.025722334285093185,0.02269227845303523,0.035067048210870366,0.060400073708564594,-0.05164297223233283,0.030357107688597118,-0.0027962284675799864,0.09306506021354921,0.022842509531544097
2021-11-30,0.028911509630198395,0.025324842490346056,0.023491020124891904,0.040492340447424,0.060560566107547675,-0.051480569929086006,0.030284339434785146,-0.002084060578037006,0.09324813005847066,0.023715437094483427
2021-12-01,0.029257310247106094,0.025258607359052387,0.023854677366571098,0.04103303612194664,0.06101138136020268,-0.052142203767571726,0.03129181245926005,-0.0019493566673925988,0.09320788009291703,0.02364641291937608
2021-12-02,0.029229751513239366,0.025563941133833534,0.02361666379888039,0.04073972267390391,0.0611910410768719,-0.052520423049731035,0.032939854550472436,-0.001735284282883942,0.09325880265478803,0.025211102391067275
2021-12-03,0.028727813149096892,0.024800267999298242,0.02227543679881694,0.03911904614130557,0.06229495038489263,-0.05284591343488165,0.03403276812052325,-0.0017350915244235265,0.09206702838151082,0.02508769079338835
2021-12-06,0.02916095529104301,0.02505711413983036,0.022697539284230128,0.03818485807570182,0.061541540086814006,-0.05268877085529411,0.03164584339782239,-0.0017667311969213895,0.09249332326100568,0.02583904531839787
2021-12-07,0.029346767232215853,0.024594669514220513,0.022400533471380824,0.03554271099435513,0.06190841173794914,-0.05236727069483582,0.03173816967201182,-0.0018138520054045149,0.04332063539700126,0.026015909658492653
2021-12-08,0.028841807119171392,0.02462520873946672,0.021773750770779143,0.03529765589310219,0.06162553225299994,-0.051452777300351804,0.03125155633329757,-0.0021122064198189072,0.04358517230511971,0.026868215500072123
2021-12-09,0.028409034241680287,0.024309334103069125,0.021286089315314394,0.03467745373232445,0.06227029624553926,-0.05086899074900608,0.031789599760455145,-0.0029298699001093498,0.12365642196275384,0.02605785981879949
2021-12-10,0.029148356601699232,0.024595336304505278,0.020937297023379875,0.03415019282663212,0.0709219156261327,-0.035936981739385754,0.02937736297655591,-0.002805322653512743,0.12362350503009312,0.026541052253774122
2021-12-13,0.029587370050866868,0.02526988483364634,0.021502493436026837,0.03350694091580175,0.060871749707010814,-0.042139615386333706,0.029543471205024208,-0.002546266981514167,0.12461247014208343,0.02706502011699974
2021-12-14,0.029698293706360568,0.025055182904031748,0.021404822781608157,0.034482997574229346,0.06092851162765878,-0.04213952517800201,0.029961553569186172,-0.00276041430379681,0.12362483993116347,0.02698581211416551
2021-12-15,0.03004873227702154,0.02481465834784946,0.02158788256385402,0.0360086832882025,0.060749677426046755,-0.043233422773148567,0.025711187572583283,-0.002965738140273677,0.12348164214640178,0.026948718645914083
2021-12-16,0.030102967993708152,0.026754409702654636,0.02154606435872064,0.04799037202323997,0.02656858758444547,0.03247257138223136,0.039474753676248975,-0.0012579500547552636,0.12254550095206129,0.0272224973202031
2021-12-17,0.030034416221035087,0.026507619621909395,0.021487781442481868,0.04898714210627042,0.020877818828500816,0.029416184568628934,0.027557820705348846,-0.0012479189648213485,0.12271015093842519,0.02617598100731655
2021-12-20,0.03308463423449948,0.01961406691270917,0.021861980120787772,0.04300947490635898,0.018243350880746467,0.027877463407120606,0.027603135103209553,-0.0004959402163787763,0.12337923423683583,0.026115479142256648
2021-12-21,0.03294349231745586,0.019326536954160867,0.02208087093699973,0.04197826137668881,0.02237503723313572,0.02667325481583349,0.0289732753589087,-0.00025861857933406895,0.123388444664007,0.02655763915570808
2021-12-22,0.03283803684589759,0.018949060135106333,0.022428336069672428,0.04133299571799731,0.021844242204596576,0.02683732672578687,0.028412433878927557,-0.00016165285138458607,0.12343201030596918,0.02630358415308387
2021-12-23,0.032419104835863743,0.01859154193161583,0.021725658599761832,0.04140261831701797,0.020401119795384393,0.02592017120917589,0.027063435156081228,8.155094063511115e-05,0.12240896790696376,0.025403673073840727
2021-12-27,0.03307894060758643,0.019919356058537785,0.022307941770765005,0.042171480119017835,0.021964202220330797,0.0260076420559594,0.03024777572062498,0.0012829915760581567,0.12375300192815519,0.0288787706986664
2021-12-28,0.03313094464344246,0.020294369603872653,0.022261021853217322,0.042034052733038285,0.02060703075226522,0.026423790288530036,0.026869342550698727,0.0011711266485150418,0.12374983119784466,0.03033734804926258
2021-12-29,0.033030187300754354,0.020197721753734132,0.022290380480114447,0.040842468237221485,0.019739361345489703,0.026111068637953316,0.026805656124468058,-0.0017466937445903552,0.12376409940498512,0.03033843341343423
2021-12-30,0.032932382680536776,0.020203829544578777,0.022174643894231183,0.04165024883309898,0.01910766395136987,0.02535052141336802,0.027418966707851267,0.018938232423147516,0.12375675336623937,0.030470376207293093
2021-12-31,0.032635029286428585,0.020607883304611274,0.022928390536504084,0.03969224935123994,0.018675833996051328,0.025491013446606203,0.02630043666786097,0.018433853143284606,0.1225733395001678,0.030409503434601026
2022-01-03,0.033093877935895355,0.0209790142609263,0.0239215051134527,0.04115880438802755,0.018669137356728482,0.024882059805825918,0.027608611295189878,0.01979396897786967,0.12549402190890202,0.030994801719810727
2022-01-04,0.03321193798247912,0.020682226839259243,0.023862468713181872,0.04178579558021345,0.018113862092643318,0.025645365093110994,0.02616100028820889,0.019387827192842266,0.1263058380552351,0.03161297982870814
2022-01-05,0.033155167697634935,0.021169194906286437,0.023981685592768365,0.03913466685750433,0.016002564615570813,0.02485168309919006,0.02451369966507988,0.02230101202271162,0.1265024907934238,0.03241746634960152
2022-01-06,0.03386723318331697,0.02113019782778469,0.023693094485614852,0.03379311228954851,0.017169305679771707,0.02354490414203969,0.026511174947930982,0.022600502829914104,0.127553175880031,0.033238477265501665
2022-01-07,0.03262642894264989,0.02098703175350325,0.023120330418644697,0.03374130915529028,0.015326187610022135,0.023919187088723648,0.023671733726533306,0.022070383381103786,0.12671126689277168,0.03276476732103295
2022-01-10,0.03300029570326202,0.021720892684213844,0.023643743387119054,0.0336601022492895,0.016072990552347788,0.024762310695499057,0.02407443965824485,0.02154003300216023,0.12832987626257175,0.035407302693348575
2022-01-11,0.032717394217457674,0.021300203377015325,0.022602398091798204,0.03343943333075705,0.015248401235753883,0.024814325191461206,0.023773097865092296,0.021509526722035544,0.12843059978782434,0.03532577147173632
2022-01-12,0.03253279511843443,0.02248407961635479,0.02197604643805584,0.03328153790925281,0.015769066947284083,0.023480430628721516,0.025801557023501953,0.022941121669237008,0.12871702822937614,0.034513583379125246
2022-01-13,0.03251053038526441,0.022132918421371217,0.020746051885307093,0.03253599518353756,0.015417600691772781,0.023576728786813383,0.025684179865114398,0.023765942742276502,0.12885868851175974,0.03643629996743214
2022-01-14,0.03167032357791566,0.02163665656141922,0.017623982261335103,0.031170698598089297,0.015914541447398012,0.023748991119497465,0.02664945208004532,0.02203653827103147,0.12839103951498654,0.044162966240055335
2022-01-18,0.03249291243799424,0.022058725654391376,0.017323560647108716,0.03221682040546914,0.020478151745686457,0.02146397632173369,0.03489794574138538,0.024023152513839907,0.13075257226861603,0.04294093385841924
2022-01-19,0.03312829675132112,0.02197683605995704,0.019205269017816162,0.03190976418561253,0.023930099099290558,0.021817082117425945,0.03551671186748617,0.023777005487027214,0.12844451728543627,0.042700826355534405
2022-01-20,0.03267628339073103,0.021316500522300386,0.019348684627613633,0.03168112713264537,0.025171190207660787,0.022358713199509772,0.03645130295140464,0.024081044497506365,0.12717211512509108,0.042204432844384465
2022-01-21,0.03277094915464129,0.02172139930371597,0.019192318680255838,0.032601576409814426,0.023738262657325704,0.021585393482711934,0.03589182375637101,0.024343165985009074,0.12790777130667497,0.0421371064911753
2022-01-24,0.03394291476000544,0.021148990935195178,0.019659007567958353,0.030415036920266925,0.02371752853363196,0.02194160089194508,0.036174812532691725,0.024094660294741166,0.1298206996215392,0.05142988182114783
2022-01-25,0.034079451325986554,0.02084369958515464,0.021024953822018633,0.03082708211644558,0.02378652292353145,0.021612968671864907,0.036283994065332115,0.02468167015588163,0.12844383743319399,0.050517319774999736
2022-01-26,0.03393155395059311,0.020910896035539084,0.021927501027687146,0.02970011410654294,0.023896156185889472,0.02127755859801006,0.037239383144360705,0.02273057785667043,0.12850826403162885,0.04970882860365489
2022-01-27,0.03465578318050211,0.02272606763263907,0.022130771643557257,0.02795946156892115,0.029645870741736635,0.021051579958398126,0.04566796404416085,0.023333728678702315,0.13514241786185233,0.05018109486821176
2022-01-28,0.03522052999265157,0.024483263824787826,0.022544594630252934,0.026719534266908207,0.027891369859711856,0.01999898406309253,0.04355794081837505,0.02304251506612487,0.13979153423242696,0.051813015910291194
2022-01-31,0.035422291347835255,0.0240411507845395,0.022624732648044876,0.025398733826576203,0.025252562371532727,0.02072516167145033,0.04304467029657677,0.02265625305822594,0.13913711889040825,0.0515571415973628
2022-02-01,0.034256507578347195,0.024654425470197694,0.022725147613572805,0.02490170202730302,0.02726088338579369,0.020154963383449243,0.042085710478514615,0.022535555213462954,0.14096789248393904,0.0508368872360887
2022-02-02,0.03417256650343159,0.025825970200942683,0.02236839031099125,0.024658730008458418,0.02597599608492107,0.019826323972550464,0.04107201780652825,0.022392600967639842,0.14038715251484057,0.05701152749043281
2022-02-03,0.033363365524638144,0.026515738067962147,0.021055140452252763,0.02419250329204936,0.02226013486067102,0.018068749195820022,0.03736041792960676,0.020827492485508525,0.13399435372926094,0.05481955274407646
2022-02-04,0.033482122487999755,0.02504314863935808,0.021839458106669207,0.022844095179684443,0.021639599633222373,0.01636661287581065,0.038196182954550295,0.020182168440855852,0.12999786553969117,0.05334612661287297
2022-02-07,0.032525682485974095,0.024521375612289287,0.02062856034527294,0.0218158050038586,0.02008031525721865,0.01569179384516306,0.035927615246812206,0.020429826962995667,0.1293002928713216,0.0531520840458064
2022-02-08,0.03233482229934581,0.02427468645973918,0.020304107284600414,0.019841982247435608,0.01978220627308569,0.015366410561767019,0.03590927582119119,0.02081103427111075,0.1288368823124777,0.05217712854683598
2022-02-09,0.032094907590902944,0.023997024604635264,0.020232320608090326,0.0190226864485179,0.017678971244339037,0.014489094294759974,0.03474403196238973,0.020865527455040667,0.12819621150263005,0.05232527695244715
2022-02-10,0.031760442029705294,0.02395741862621481,0.020301895800564074,0.017096660629260185,0.018252128372755916,0.013886017711687293,0.035910988399976196,0.021059480859979773,0.12821937897239755,0.05271667564850735
2022-02-11,0.03193536634835681,0.024375614905418175,0.01997697463290482,0.017750100680949066,0.01924886132529502,0.015178783921391714,0.03780789671547469,0.0208545068334951,0.12818688680196466,0.05323643346161133
2022-02-14,0.031868083009421344,0.026023253794416057,0.01997438183319722,0.01868552158204073,0.019139116330326278,0.01481066723493396,0.03994598308729258,0.02166473035130201,0.12842219462148208,0.054104173791692745
2022-02-15,0.030943619707899828,0.026115680042416045,0.017656568037651477,0.022025129483432604,0.017259485221917892,0.014434674719002505,0.03932175033999785,0.02217908094124099,0.12835866194744106,0.05385462334764002
2022-02-16,0.030683645151615924,0.026390147280731746,0.017006021190705933,0.021815633457755723,0.01956764895950469,0.014424021100803541,0.037668961344698326,0.023356247943030706,0.128041260447056,0.05367995054866692
2022-02-17,0.030353237523178533,0.026231434083641147,0.0167118310528811,0.021493606855750302,0.020431578351664426,0.013918532119925553,0.039358789323676424,0.02356825134313545,0.12785671213747407,0.05226331001631124
2022-02-18,0.030405001756425243,0.026255414352239326,0.016926304163415562,0.022106888207908737,0.014971377515550222,0.009001776472604472,0.03972600327839637,0.0249888220511163,0.12803680657604288,0.052918208580500004
2022-02-22,0.030792230227163042,0.02727452167687061,0.0175339268485728,0.022738419449857883,0.01107844863254015,0.009351560602194553,0.04226204632911279,0.025626459405419855,0.12781687178771461,0.05368475839877962
2022-02-23,0.03054614811794365,0.02717160319983547,0.01699258784214286,0.024781202849275097,0.013380594193153295,0.009550952873704777,0.042428681905313015,0.02562910669413765,0.1278279511694702,0.053703211954188035
2022-02-24,0.03033506298626487,0.027447929411770655,0.016449746859338976,0.027157729528860974,0.015370818765082284,0.008815506264170603,0.04287578568807038,0.024863529184260935,0.12784890843528096,0.052407567090098306
2022-02-25,0.030350326635151914,0.02718750270580017,0.016203641647346778,0.025976023507454205,0.01604563688223748,0.010020466360315616,0.041749705133909965,0.024101356894943082,0.12733040083945735,0.052615466100692565
2022-02-28,0.03049273155188459,0.027331064096464797,0.01666360351857099,0.025871134385124783,0.01610936121862583,0.009753893614388609,0.0436373169015285,0.024231426499983,0.12752961227750892,0.05181091591071785
2022-03-01,0.030696025297531015,0.026915480486781718,0.01724484500154677,0.027128025988339077,0.018547516935477626,0.011039844338698535,0.045505497413676155,0.023690985049674484,0.12725031774238693,0.05041848591787579
2022-03-02,0.03231758999799017,0.026239492109767726,0.01851253149472054,0.02750903972918195,0.0191511854306603,0.012154864175148106,0.046016539375806076,0.023870263045530526,0.12703626222154796,0.050028749141824536
2022-03-03,0.03356071013443418,0.026300483013717457,0.018929240308928508,0.028454020283346315,0.020629939503525874,0.012761907183169274,0.047368252535277655,0.023351851780309296,0.12676065087864918,0.048368746904978055
2022-03-04,0.03347645365116558,0.026808953784422496,0.019293459653030975,0.029572020160383294,0.02220800653568844,0.013917808153420808,0.0496025169783787,0.023653568288684923,0.12676825001562908,0.04766266583429113
2022-03-07,0.033644138586902406,0.026515119543718324,0.018850368872364243,0.029435827870463394,0.023357566723479994,0.014016678108903058,0.05326440300544166,0.02399445709307213,0.12662481800207748,0.04657729274448208
2022-03-08,0.03398443378774463,0.026646288792037343,0.018812535535510433,0.029952460625288335,0.02607650205851919,0.017989076644579605,0.054200056353108206,0.023705252935820376,0.12519367049232377,0.046093860538987785
2022-03-09,0.03545963356225812,0.02660497232302461,0.020476267597388853,0.029561240551564394,0.025579028015963345,0.01746105855390989,0.053157563298065424,0.023628220190867744,0.12625903337055422,0.045318176551161216
2022-03-10,0.03653962243652531,0.026873167810527843,0.02176647444880042,0.0296663469441949,0.02918052716246544,0.018472884534891598,0.05490668506447638,0.022971002577285127,0.07232700560442806,0.04673500729045954
2022-03-11,0.03717156191852711,0.026377676110963977,0.02315383623366074,0.032721187717186906,0.01961803352996272,0.0028377692680983113,0.05475371141259067,0.02329673847582958,0.0723591850123908,0.04614169686857683
2022-03-14,0.036139006536767715,0.026029413886939023,0.022347973046004777,0.032591169293620714,0.030294189592759313,0.010045171545005172,0.05505159028831286,0.023395534748032354,0.0720478285102597,0.04569712850110719
2022-03-15,0.03639708639039685,0.02673498319469725,0.021777844580382677,0.03217702619063356,0.029795832419896362,0.010231589060437418,0.054458544212288906,0.023605775133257456,0.07220794934342645,0.04871619029034768
2022-03-16,0.036268989005491026,0.02658787868149637,0.021450179238566847,0.030700805373119033,0.029062753017284004,0.010968296746284079,0.05331416150163837,0.0242796646712653,0.07238037878706405,0.05098316659345503
2022-03-17,0.036030383353907514,0.02674257872097674,0.0210163282108633,0.030133076628441113,0.028113432884541822,0.011718687772307668,0.05202920547238388,0.022449873125863995,0.07242419784919862,0.053340394283631465
2022-03-18,0.0360880308284004,0.026847787888951702,0.020911209836661726,0.029115193366789027,0.030673088112139757,0.015703258075294935,0.0519207091220073,0.028384099006114827,0.07246524737016435,0.05362156296807297
2022-03-21,0.037771517838032675,0.02772825698074821,0.02117752320055155,0.030621177675600908,0.04500176908105069,0.036746951720375565,0.0565819860531096,0.028053676092402613,0.07268190527064089,0.053623538969473916
2022-03-22,0.038437183160020316,0.02754479876766136,0.02122429048122254,0.03131918123538213,0.04787582695204162,0.039742394936803205,0.058722282838854944,0.027852188578195936,0.07310687921941028,0.05359111312521825
2022-03-23,0.038675038264485595,0.02742594262746101,0.021122126369604644,0.03173976540203727,0.051768239497944846,0.04011226416573521,0.06434868440590158,0.027774543782423056,0.07324326264207648,0.053200426156859715
2022-03-24,0.038625876460340436,0.027465306775643183,0.021088022797734585,0.031524610107354745,0.053702392973781876,0.041034554662925826,0.06585747813965259,0.02728585440988085,0.0741433646983014,0.0529057656448404
2022-03-25,0.03799667810307139,0.026771764727174352,0.020230035927856216,0.03067639167553038,0.05347798604438059,0.04108295640893589,0.06566847800652864,0.025873129850827237,0.07292288454117246,0.05186712229635204
2022-03-28,0.0383000640009179,0.027169541129371977,0.01997879421393356,0.030836672348645955,0.05498990955260896,0.04121252921884766,0.06590386754621003,0.026319894571103175,0.07386230103049884,0.05228036112454393
2022-03-29,0.03869255243586722,0.02712087286610343,0.019836286756284238,0.029632935515462755,0.055204359200038855,0.04170683720302626,0.06634606540955268,0.028335793738711867,0.07401726451515511,0.05247142952498529
2022-03-30,0.038976296549216416,0.027391671431312048,0.019479997733366616,0.02991959899789931,0.05357497947659007,0.04057505268545136,0.06488592050635766,0.028250746252596937,0.07406085803233942,0.05395201405964878
2022-03-31,0.0397052797202031,0.02751320419675518,0.01998403237029378,0.03007281201276535,0.054566054059262736,0.04108961516463516,0.0670684791022087,0.028171784663491684,0.0741783704578074,0.05386231308566014
2022-04-01,0.03954315638183359,0.02675831703403353,0.01887274927002669,0.029497161651850234,0.05421949656229619,0.0433068433620758,0.06430020278843496,0.027715910550089706,0.07163020552560728,0.052645803500904975
2022-04-04,0.04047502106781509,0.027618890341242652,0.019587543389361084,0.02969448715761369,0.05738115891643614,0.043407246741399286,0.07074585363399244,0.02869976127320384,0.07313631322883696,0.05391857752568319
2022-04-05,0.0400526185787875,0.02729976058020278,0.019442269989779604,0.031513462110910107,0.05995036817411359,0.045505380282651275,0.07259163025937254,0.02513218369521164,0.07293785674850284,0.05369551785420468
2022-04-06,0.03987664242558675,0.02831584113435448,0.019399773527881692,0.03255655073958019,0.06030868426429281,0.047593809792426445,0.07087876560619466,0.025859854867774423,0.07308592804307734,0.05281661934473214
2022-04-07,0.0411179404072064,0.02806311474598644,0.01932464902905484,0.033074205563763615,0.06351414797966637,0.04795498039123336,0.07540317852666711,0.02743266695352453,0.07358488179676903,0.05273192429042983
2022-04-08,0.04082026707203701,0.027362508758462578,0.018668843392324996,0.034183276564793585,0.0623798638412012,0.04897545701854966,0.07488320538859283,0.026932476700570307,0.07188727159565489,0.05083892300298265
2022-04-11,0.041242593933951355,0.028083062970265305,0.019832697217421424,0.034196673689334656,0.06633727634411724,0.04988639202706069,0.07739619632367756,0.02969994101746365,0.07297848217268288,0.05033168204782523
2022-04-12,0.04202105720969196,0.027044871383527624,0.019667945240483986,0.034164733237332046,0.06739269520916902,0.05106791274236255,0.07839861329411968,0.029802084335145418,0.07209233344003563,0.049624728080465585
2022-04-13,0.04201645099290352,0.02736836600368453,0.020198697343400074,0.03465071556449595,0.0691597881426782,0.05166711977477889,0.08028782869554374,0.02916994851224497,0.0719569629536938,0.0468427997449925
2022-04-14,0.04235807854958762,0.027160847558515888,0.020207182508424015,0.03477045332032569,0.06950911389593961,0.05184823323779608,0.08077581907256226,0.030416974271012975,0.07119681681421164,0.04742553350638534
2022-04-18,0.04318182769325474,0.026992666835756296,0.021272405745031975,0.035540762308082785,0.06496265426802084,0.05486524269445958,0.0728424142969184,0.0293437746843086,0.0705389004922381,0.019982628185034157
2022-04-19,0.042663607116750324,0.02624630817376916,0.020461247911104596,0.035754157120370555,0.06194550708874824,0.05549206801338147,0.071957057988282,0.030003841223829708,0.0687649322434436,0.020395237097215135
2022-04-20,0.0426452044947121,0.025672943163643325,0.020363317273587533,0.03592548783965399,0.05791008283276189,0.055181852891008853,0.06658133567911784,0.03020133694449445,0.06845765662741043,0.02004679459876968
2022-04-21,0.04287585446828812,0.025382247357381704,0.021537305224688552,0.03550883844946284,0.056380203485309144,0.05653700469606737,0.06136657176269433,0.029873893041263422,0.07059030798115185,0.018896109321675736
2022-04-22,0.04294781711850337,0.025495431350311515,0.021321432395565054,0.03598714501104139,0.05674260743031834,0.05749771731021491,0.06171016357324377,0.02916587898775891,0.06872448996936198,0.008661987978654695
2022-04-25,0.042319747890886106,0.024958271895092032,0.02056908284007153,0.03485411518426429,0.06133758097986197,0.060164708528445576,0.06858128559004384,0.028910231575834056,0.0687652799213665,0.008340567509412589
2022-04-26,0.043418725829250215,0.024317800456890692,0.02075597387997541,0.03558807223783589,0.05375938235921862,0.06019694407820553,0.06266908353563028,0.030270506199452818,0.06728808097004224,0.008000621502270322
2022-04-27,0.0433945046778903,0.022986636499060742,0.0195732746746069,0.03585815452157659,0.053743327011271935,0.06068676578140986,0.06260153770663246,0.031586262670952436,0.06100255205664218,0.00868445781900129
2022-04-28,0.04276420455641139,0.02038165744234499,0.017489900687759352,0.037247089556948554,0.06164326630100625,0.060866646511597455,0.07515291048591788,0.031780413899077375,0.052466931996884236,0.007530612763147815
2022-04-29,0.0419003578712962,0.019219266293474258,0.016976093955381133,0.041373853902590074,0.0589281921453928,0.06284004021429124,0.07298857164625261,0.031169322540606226,0.048113323720837986,0.006808171064206947
2022-05-02,0.04292038807831888,0.01891640690325036,0.017058872637131017,0.041355955732049754,0.0634864660531338,0.07833774598694587,0.08046287392609242,0.03183939532313351,0.04689896878532829,0.005550792918278313
2022-05-03,0.04280171826705215,0.017742792506635796,0.017320724849613667,0.04251257155021748,0.06508738220152721,0.07960687796376487,0.08151245042221489,0.03209529600663408,0.047761018877292116,0.003754236131501054
2022-05-04,0.0429071163466328,0.017122931417838494,0.01752269548820906,0.04316498785870504,0.06657207079734828,0.08039396867852222,0.08361827767826813,0.033386336241518766,0.05400286753693018,0.009565541916859432
2022-05-05,0.042966945666358614,0.01829965611533879,0.017479030513332994,0.045375393562855804,0.06938287167780488,0.08913715734433758,0.08471386690097749,0.033562028988072035,0.05689365940209923,0.010539899339638392
2022-05-06,0.04294434173264272,0.018242488225824083,0.017343442629474737,0.04524889802355192,0.07033560184475096,0.08860726738309888,0.08805871596542492,0.033137438944336184,0.055585116866771145,0.00943422761854773
2022-05-09,0.043323275326283994,0.019093114771515207,0.017466358092227408,0.04746879829742667,0.0725737211325741,0.0923777085226345,0.08907082594811522,0.03365210491825543,0.05670904411687738,0.009202269160881515
2022-05-10,0.04356957380708448,0.01926155232287874,0.017192701647071873,0.04939869912140682,0.07391449766995861,0.09421642569567634,0.08998289985895491,0.03441086404383076,0.057179854435641,0.009187048221199978
2022-05-11,0.043287629822253315,0.019116964698238537,0.016630216140027354,0.048339266853805185,0.0728393401678713,0.09450728998662128,0.08729237885315078,0.0332682921669647,0.057187942709176154,0.00892468472154384
2022-05-12,0.04331666300809722,0.018977828209270742,0.016666653935611953,0.04706421580855302,0.0733171044349088,0.10069994135368465,0.08858009353944163,0.03485566526617734,0.05769986630367008,0.006178744094047284
2022-05-13,0.043154266249647355,0.017492975020761747,0.016209121997173837,0.04694878917525869,0.07180030788451641,0.11109864161245286,0.08156660391886739,0.035280160267489036,0.0565126246548453,0.00513912460704713
2022-05-16,0.043755207904398574,0.017769183915348208,0.016697820286800225,0.04578684962934254,0.07271344223005682,0.11281088971871411,0.08082472854370315,0.035383386038633224,0.0573967672621718,0.006661598317602824
2022-05-17,0.043770922741188656,0.01680671311941828,0.018502472997661723,0.04480383401271526,0.06977269988043533,0.11306286701140578,0.0834718680875699,0.03424919829479145,0.054213484180904103,0.0053476434558055175
2022-05-18,0.04349134962601875,0.015804497659053007,0.018091642060944935,0.04421289099603887,0.06955032132094385,0.1140540898857989,0.08351224025758452,0.03457010651319803,0.05297678337599554,0.00587843323133197
2022-05-19,0.04292154340050658,0.014521404338492694,0.01716968283433906,0.045252928095548484,0.07306056690546292,0.12052784922637882,0.07974199994250752,0.03315148575180249,0.052332359458582056,0.006634005090029982
2022-05-20,0.04201415775766604,0.012836625332062646,0.016360043863301366,0.04425245828367097,0.07342819768098119,0.11955046878963849,0.07698191435589896,0.03230553286114013,0.05157674099937304,0.004962205008481213
2022-05-23,0.041999644621565135,0.013397380325259833,0.017365405735779937,0.04312705490835378,0.07260570427947188,0.11978305495443409,0.0744089620680517,0.035595003026174465,0.05213718239380083,0.006557080877925392
2022-05-24,0.04185178920743904,0.013063991695489552,0.01757449874495376,0.039817257570374576,0.06903197963208063,0.12034538787307092,0.06995486292381381,0.035388149498877475,0.0518298667980146,0.006726435667555153
2022-05-25,0.04149468802819545,0.012833511367089212,0.017449276104122058,0.04075461932094049,0.06882749083008455,0.119278421173729,0.0725027113029193,0.03759339368938974,0.05072566923366595,0.005940174576712032
2022-05-26,0.04104764426083496,0.012689611978293991,0.016618608206778962,0.040163420553139595,0.06922158476067386,0.1192449778038478,0.06957741051465471,0.03744614050930428,0.04847295624764869,0.006619489733395101
2022-05-27,0.041023712524310696,0.013412899703357128,0.014639726811378484,0.039163226737601864,0.06691630851489916,0.11751359616056756,0.06710837048061236,0.03921463644248724,0.049237767070069216,0.007555088081102612
2022-05-31,0.038721615459352154,0.014345746020714145,0.012966918919790293,0.0397605418675524,0.06942415827912085,0.11759167867588549,0.07147857839289551,0.039235416830396996,0.0497429413403323,0.011985620530505114
2022-06-01,0.03710119274178503,0.01368327710490358,0.012571281370941545,0.03886454691896235,0.0689807738231003,0.11746273963339982,0.07182331777452688,0.04080624474396055,0.04926643009551479,0.010579721988322355
2022-06-02,0.03742935707769779,0.013028359678084467,0.012747846498497362,0.03883255263039742,0.06647215720571698,0.11712862478344355,0.06780309491065939,0.041061765209311485,0.0489860958463475,0.010615872493767053
2022-06-03,0.03735052684505069,0.012514063733747971,0.013079798711712609,0.038462579941517916,0.06472921579989666,0.11656067866936914,0.06551126264581741,0.040806838746248575,0.047810422364246596,0.01077703021720966
2022-06-06,0.03830730119978587,0.012903513012208156,0.013147502366425812,0.038121840044574196,0.06188234652738078,0.11241689948956979,0.0677026110760004,0.04177727841976253,0.04959425161906461,0.011074377525434054
2022-06-07,0.036888820323067506,0.012866341566282413,0.012746801742578473,0.038851021730637036,0.06476622102571339,0.11224786662029618,0.06939367817604158,0.04262147183945397,0.04838844826606348,0.010208459549699844
2022-06-08,0.03547691942194531,0.012732467743894915,0.01149575338798936,0.0385288403763302,0.06218404790308396,0.11105567701786212,0.06948274506071161,0.044632761204280724,0.02277774418091627,0.009275338914665587
2022-06-09,0.03432206745521471,0.012371173236601862,0.010487926172656703,0.03625726657330319,0.06397583432476028,0.11140214073713461,0.07154425655080443,0.04710684174964719,0.03356670997172362,0.009335651426206404
2022-06-10,0.03406386050030186,0.011945646307051527,0.010632071978371238,0.03646052645438291,0.0647316829723783,0.11302529809693929,0.07235051924087466,0.047352344193386964,0.034405791145531106,0.008701902800665628
2022-06-13,0.03494384235381687,0.011636589852719537,0.011468594143425381,0.03471549556196041,0.06677723862353546,0.11571264440079654,0.07367261163739847,0.04803044526074007,0.03513313668455398,0.00595444875527229
2022-06-14,0.03490940959485922,0.011877583381166845,0.011399808097883879,0.0379566389063406,0.0680134856443555,0.11593063965043515,0.07611599197635788,0.04797856429321046,0.03511491801048616,0.004939657976070322
2022-06-15,0.03468879043483075,0.01185552608607554,0.011498399672484894,0.03753929910298548,0.06938129174545993,0.11497518520370265,0.07889974950678291,0.04413082877814478,0.03514114851648853,0.0024427402377447116
2022-06-16,0.034525182985365666,0.011689239371879268,0.011671364195062317,0.038213619592039505,0.06535901002952449,0.11377545116704035,0.07513218987277703,0.0394476333914644,0.034810402390027084,0.0023957076196554628
2022-06-17,0.029736103571478045,0.01744439462523495,0.01092648328566348,0.04246649763464605,0.05515408417149481,0.09243622293568965,0.06809680163199006,0.03931619701193245,0.03334276708177719,0.0013109574199250407
2022-06-21,0.03164682402774388,0.019210037869820118,0.011169227960536654,0.04293762498242759,0.05181012575450428,0.08581092603603402,0.06404849168643545,0.040370876410480205,0.034285313162387254,0.001311905672401581
2022-06-22,0.031095208657291984,0.01925274105298458,0.011049901636114967,0.043371112716883875,0.04811283225561103,0.08584013281173863,0.05827244988621394,0.04151602125730691,0.034263658152007714,0.00026175921155369153
2022-06-23,0.030378446718603902,0.018715851933466032,0.011018925696207216,0.0436248664425396,0.047694588372671376,0.0854556667836095,0.05851795203975474,0.041831454623297626,0.03196103138216744,-0.00045269875826403627
2022-06-24,0.030376585801387357,0.018463634126131945,0.011297031670963076,0.04306126800878873,0.04707518308327385,0.08482942383863645,0.05784805451030062,0.041911092268588135,0.03184779398778348,3.0710726190097404e-05
2022-06-27,0.03013191356402989,0.018503498612958635,0.011423786655674117,-0.016786971843967602,0.04463965620595811,0.08448013338816684,0.0565132455629056,0.04228223969649836,0.031722683922870365,0.0009515751563788921
2022-06-28,0.02958836140776877,0.01807655300416644,0.011122943512652306,-0.016187855700481424,0.043713093512717016,0.08405856288271396,0.054584448666392005,0.043018746538161734,0.030673720869849985,-0.0004432576895445628
2022-06-29,0.029073096786049746,0.017545092271239238,0.011245295776683095,-0.016852263105900156,0.046001593676493924,0.08508339048956826,0.05777438822878178,0.04366113669694971,0.030618938069947976,-0.0028989108826372734
2022-06-30,0.02797392605270055,0.016758327852418153,0.010252125474091933,-0.016835282348062197,0.04563065667388844,0.08457973116120487,0.055355551896850486,0.04579220299185227,0.031482930135227516,-0.004863742497933976
2022-07-01,0.027707274528540715,0.016343988703040768,0.010645484276387007,-0.01560922570842005,0.043131460201273786,0.07673173795395694,0.05829894768118504,0.04634656961393402,0.0313184342588404,-0.007928525917939355
2022-07-05,0.027655434050045447,0.015435628005081359,0.009814634121733334,-0.016095553515617533,0.0425534036926245,0.07723660924422293,0.05607344494837663,0.04544196435805592,0.029485018247845662,-0.010776563704134712
2022-07-06,0.02817535481708089,0.015116335607272768,0.010177451982152697,-0.015106109699312475,0.04301321553737325,0.07565347934920896,0.0557178423939344,0.04573102757343572,0.028755359393292546,-0.011198989614499721
2022-07-07,0.027742910363943274,0.014300377278548826,0.010382845028271692,-0.015740112621164926,0.04266091314248888,0.07101374255344006,0.059525149607716266,0.04499750537887248,0.028357946793615918,-0.010016505267628095
2022-07-08,0.02691298556152688,0.014304008603717167,0.010430077564359985,-0.016530173723874553,0.039951657096022775,0.07070047829152726,0.05506523857683332,0.043892331107340254,0.027784002486565873,-0.009934692526534117
2022-07-11,0.02688811537942737,0.014598813564318469,0.010817228293179326,-0.017129687709009245,0.04146268553632959,0.06910023632898143,0.05691612879579866,0.047339096653398416,0.028704384657984194,-0.010544160750287412
2022-07-12,0.026092587368553355,0.014345289349396495,0.009075539023280843,-0.016652136209495794,0.0382810251929111,0.06763070733682852,0.055670769565058675,0.04458936034841687,0.0274712915284947,-0.009986121729839703
2022-07-13,0.024645818518267415,0.014452474916602842,0.009303017394688196,-0.016266119192720807,0.0381147366943726,0.0673176000799316,0.05414056982406246,0.04485962129681753,0.027979029521024268,-0.009765734458938469
2022-07-14,0.024870208597062682,0.014049996596294578,0.010163507990440968,-0.017287419567443285,0.038662212973035404,0.06778716899409631,0.05398903214968653,0.046823570096095946,0.026953121238002753,-0.010921627314306681
2022-07-15,0.024491017123392744,0.013961331949439604,0.010480650763388999,-0.017412530313772656,0.03829239367051751,0.0675254805806298,0.053753579199885326,0.04650382547266574,0.02758738128427729,-0.011906570976123465
2022-07-18,0.024342411502991768,0.012631719414443632,0.010109285219060293,-0.018700723133195707,0.03874200097621272,0.06644784005681248,0.05248313842670482,0.046929461356271185,0.0250084877589285,0.05670940607575847
2022-07-19,0.024096928257024475,0.012577642179879112,0.009962257145709641,-0.018992586661064847,0.03721490357469004,0.06480041025534744,0.05185632202469237,0.04672632948201705,0.025591899379448835,0.05714214302336296
2022-07-20,0.023524490725695735,0.012486910719886612,0.009323250116684445,-0.01842218447334576,0.03949491914290326,0.06505795146156501,0.05593944243006832,0.0464598018867981,0.02482792844587256,0.056769624447828626
2022-07-21,0.02296246839189542,0.012330516412266457,0.008000170770569692,-0.017475564459136117,0.041921744297831465,0.06460267541602294,0.06219935580305669,0.046779311650701816,0.02236576885684083,0.05753086935291596
2022-07-22,0.021240412394372354,0.012323154606814102,0.008035645993912599,-0.015458626454403657,0.03980602590574356,0.06349234015632987,0.05912156438038618,0.04615623198924812,0.021022948598099056,0.05827794509806927
2022-07-25,0.02111290185373149,0.01203553932755197,0.008382246102959012,-0.01704774033022516,0.032683140566442725,0.060538703753930445,0.04901523982663192,0.04722887483422178,0.01904307773932179,0.05799074944285354
2022-07-26,0.01966174460348169,0.010863758002819912,0.008017841801805758,-0.01767247013107487,0.040824007560983366,0.05988959470814148,0.05681879978954174,0.04807855004978001,0.016733384476678603,0.05652756464394537
2022-07-27,0.018151907920801014,0.008439468044734166,0.007092642034211893,-0.018126957964497592,0.03976005147510664,0.05944177822542129,0.05457131572564555,0.04624861936467872,0.010635266855452796,0.05050241740779593
2022-07-28,0.01728394533761657,0.006587220895470036,0.00690055312473814,-0.017277529215051213,0.03147363379020618,0.06069351794295241,0.04127513852477671,0.04720486169155835,0.011078034360436195,0.046688706101803534
2022-07-29,0.016473627807303437,0.006171285615930833,0.006493819535169365,-0.02107061438065616,0.037750626949196064,0.05912403703445479,0.04826595525639399,0.04725944244494751,0.014231859305819494,0.04509830041123597
2022-08-01,0.01633268556272749,0.005876860618305724,0.0071814710356910005,-0.02005640876284709,0.03459293764019922,0.04429740131012316,0.04113413221414075,0.04907499558191275,0.013929591167893163,0.04571123573483593
2022-08-02,0.01576652600023376,0.0052075674687830364,0.006983153713455925,-0.021099713638346174,0.035576107741281726,0.04275133983340007,0.04401884384871391,0.0506713011498916,0.01387426332824937,0.04078319304760525
2022-08-03,0.01613061866257315,0.0047749674659716135,0.007315698038214746,-0.02280689018173898,0.037413052210167885,0.04263233635523678,0.048832087790788625,0.05078862900776082,0.013796065452789552,0.035290096283470795
2022-08-04,0.0159469124281284,0.004591754005583981,0.006983002943869554,-0.025043290950620856,0.03425798669212998,0.03495203899663557,0.04616232061679404,0.05119675742576124,0.014151371628870146,0.03531431819745112
2022-08-05,0.01580873534608096,0.004583824675331805,0.006875406659079042,-0.02551462049846831,0.03653720453040554,0.03915771576698868,0.04498451184206975,0.052232677647306325,0.014875922727397795,0.034590260304090625
2022-08-08,0.015412276630889288,0.0040557842060169325,0.006791603347624742,-0.02741950278526739,0.036179998433776284,0.03760257133987088,0.04523370491054046,0.05188251135463284,0.010802748890871516,0.03349651799071407
2022-08-09,0.014952948497750862,0.0035956328339268318,0.006967944044277363,-0.028983915318124387,0.03344101681891498,0.03386895701508341,0.043778025883720595,0.05174088554275902,0.009413267745685738,0.03172545766106172
2022-08-10,0.015655840340530913,0.002976638252671915,0.007305922101849438,-0.029491204444196062,0.03161135952893179,0.033889192021891335,0.041205388749208316,0.052766981616008346,0.009129724694970198,0.03287581619781088
2022-08-11,0.015763587961791004,0.002576264573086906,0.0074688536146119144,-0.0293512301415918,0.030441874985612793,0.02673882361355262,0.038174093851872426,0.051635297166541694,0.00857093110648921,0.03566454803509855
2022-08-12,0.015271183839897562,0.0019401867879245138,0.00802467221796066,-0.030346559241286153,0.02881021686815166,0.015697752766232087,0.04071836172065235,0.05018403427485252,0.008532215232798235,0.03505252657408331
2022-08-15,0.015331195255985808,0.0018121379095492607,0.007996575352334334,-0.03218953969873595,0.03146120817174869,0.015337437468138093,0.04283503677925449,0.04922757146512913,0.008813576966229641,0.03386624161437379
2022-08-16,0.015129218855288507,0.001823184022355262,0.00655564111000162,-0.030380565382818192,0.03296014778239953,0.015039138986115974,0.04232097361836118,0.049283982302178675,0.009412335038124553,0.03372173808090517
2022-08-17,0.014918723721946137,0.002335497859876412,0.006824270279315092,-0.029388936932512655,0.032624507487193366,0.014387766655221235,0.04114948350772352,0.04892311597959442,0.00857491320747994,0.03231803488180418
2022-08-18,0.015280947891509689,0.003401866085676497,0.0073846902259870895,-0.03201906743233174,0.035185021865075106,0.013546117691845216,0.04513643106107157,0.0491187226537817,0.00895157738488983,0.029496893547862335
2022-08-19,0.015214112310484307,0.0032503165521864386,0.007370737276424899,-0.031864345800953986,0.03620095290929504,0.01278595754773093,0.04570791819721998,0.049330318539242635,0.007964785962630172,0.028555517370315364
2022-08-22,0.015261490341777817,0.002783923930578913,0.006947693483977169,-0.03180998243201694,0.03878930498672428,0.012569060716895342,0.05060128770511829,0.04687785349169027,0.007259320264750846,0.025919471639477942
2022-08-23,0.015176432807735507,0.0027773760958074156,0.00673503033659717,-0.03216208371697882,0.04019363250386365,0.014097618059321082,0.052495045271630625,0.048540189946330026,0.0075950860195228564,0.02617799799966103
2022-08-24,0.015085788752718932,0.0023551687436143,0.00648446952221815,-0.03191934363299098,0.03982018145185595,0.012478124573658045,0.051974903447394416,0.04735004396370179,0.006248347566596424,0.025040591028005155
2022-08-25,0.014718793379886685,0.0012423775227061729,0.005952568709646888,-0.032118869519638604,0.03972004504678672,0.012203275255761037,0.05282610481689831,0.04629921088042277,0.003793907696084897,0.0239121948751575
2022-08-26,0.014230626941828417,0.0010108126172778675,0.006504469239998478,-0.031726081492403524,0.04042208169292705,0.012713544949305211,0.052466985077434636,0.04459143167755042,0.003322584953501684,0.02293504771489152
2022-08-29,0.015762254735617987,0.0009105195719714132,0.007279011790972456,-0.03246838791333151,0.03825364967238509,0.011917678303835721,0.05053057991521359,0.0447061579967607,0.003929450240687471,0.017663772236599318
2022-08-30,0.01596812612861065,0.0009201251440282832,0.007403118121582564,-0.031617220289975156,0.03699035803895967,0.011777164830251596,0.0477806881006535,0.04521931970770399,0.003858453219381053,0.01694024799054672
2022-08-31,0.015491826289242061,0.0004823409404273171,0.007435076578536259,-0.03198449111761259,0.03843583546312623,0.01203892695651465,0.04874710896139067,0.0449132362156448,0.0037870639976180787,0.016877619214596296
2022-09-01,0.014916326906109667,0.00038726325333637845,0.007063053102915662,-0.03257831390418675,0.040391708146776395,0.013594369934336159,0.051732249608210434,0.045337112875656116,0.0040166827861669585,0.015309552182883879
2022-09-02,0.013356743207831867,-0.00014868118970279287,0.007016285158467417,-0.03520184841834295,0.03957618979402522,0.012831794449149836,0.048748769559757044,0.04504015567187958,0.0031124678157783414,0.015244114339150627
2022-09-06,0.01428795414186168,0.0006384713358122962,0.006491118137470275,-0.03592490656654346,0.04048958023123683,0.014760963944480565,0.05021345081563111,0.04871820275698391,0.004013447578245843,0.014544307405608414
2022-09-07,0.01452393458616541,0.0003711896196183506,0.006292670229798736,-0.03478273529515685,0.03695033859063912,0.017139877648477464,0.04562725046155536,0.04722773467092711,0.0037570447108683513,0.013652451203008287
2022-09-08,0.013965274997711274,0.0008345133214386902,0.006271147666943255,-0.03522531027082343,0.03483636298410531,0.015875256550954342,0.0437850200842651,0.04484490964030585,-0.006826622476463928,0.013004165406764523
2022-09-09,0.014462146836254242,0.0008406360613875119,0.006244579472272971,-0.03704517541042762,0.029774570565988867,0.014127987244879847,0.03763389853205079,0.044733285044701754,-0.008295093865444136,0.013447620090160095
2022-09-12,0.014416134172576145,7.960163269515874e-05,0.005905295071408245,-0.03581848329855186,0.026617904367940426,0.01153324013915702,0.03554546713346918,0.043968791706119115,-0.008715512673107995,0.014871718814827517
2022-09-13,0.014265525439858706,-0.00016542338084180042,0.0060806096546179855,-0.03834752340915448,0.028423562231363997,0.011864378277098853,0.03687221490336201,0.04337896841045308,-0.00826441599834482,0.012302113682481908
2022-09-14,0.01340178692395444,-0.00024959152685999353,0.0058249242980115135,-0.03877281764964213,0.02831322508465406,0.01178420215061493,0.03606619351607576,0.04736738664355511,-0.008268241893419015,0.012404603882833598
2022-09-15,0.013209142820345798,-0.00023697006361489414,0.005718982487024071,-0.03942380157652736,0.03061660221331164,0.011819385545776884,0.03854503100016804,0.04583103061165161,-0.006448155284109469,0.010565436383277671
2022-09-16,0.012850148290041163,-0.0003974838965282723,0.005569972918889832,-0.03917926590077947,0.0329613073479158,0.01147293669722571,0.043820922857815026,0.04581780343140962,-0.006273527528443679,0.011438611645839813
2022-09-19,0.012013059368554346,0.0015955231234858758,0.004735754262797931,-0.04343581449625877,0.03036007696725429,0.02614858112381313,0.05764559580111528,0.04476840686040706,-0.006879325233891231,0.0105931762352236
2022-09-20,0.012169424336298196,0.0014644107156660535,0.004568099785671853,-0.042992090476985156,0.03096940750511834,0.025199794461020053,0.05914303995263803,0.04418598833103271,-0.00709828189836792,0.011250429320893929
2022-09-21,0.012577801442841041,0.001668032278133058,0.0043264849186417376,-0.043144143905319954,0.03179124762023977,0.025823567824282412,0.059912650256422006,0.04415105990344359,-0.0056971028496725085,0.011711955563052934
2022-09-22,0.012386548749975468,0.001897462566345709,0.0041886509603557,-0.04262698977990409,0.032694402208594875,0.02665417280406346,0.061588397746555,0.04349638684105894,-0.005697921080656809,0.010029953394201208
2022-09-23,0.01228644708938309,0.0013513936712632457,0.00420852450060849,0.015374751561998634,0.03531462152422482,0.02713820165474723,0.06589546168390181,0.042526135967377865,-0.006483588858350431,0.007427809720381928
2022-09-26,0.012568626038590214,0.00180440589663311,0.004571920617092884,0.01481213473384324,0.0390443253156707,0.02758225608805942,0.0703061180903457,0.0426407351564837,-0.004926024894182368,0.006660990767981101
2022-09-27,0.012552098492038644,0.0018305380503624846,0.004688376925867654,0.014998886817957358,0.038773141323160454,0.027718196225144487,0.07035928895155852,0.042237727348605425,-0.004935868237099128,0.0071775517841679015
2022-09-28,0.012540102110771167,0.002169270192480921,0.0047735585865635866,0.014008320502703286,0.03710113795581771,0.028996034362550605,0.06808226170071796,0.041535505973300246,-0.0064920539282177225,0.008474050901058794
2022-09-29,0.012288126277461897,0.0022406952088256382,0.004512967104188137,0.013485091690251805,0.0381053123261097,0.03487851918427243,0.06396064260321621,0.037373347516534317,-0.006169694541911741,0.009597293538215368
2022-09-30,0.010930580003240209,0.0017962420321055994,0.0043130099771759856,0.012553392491644555,0.035164472938678415,0.030063326017280012,0.06080683561794653,0.03741455681645944,-0.006306307864550664,0.009051092511492165
2022-10-03,0.011457762972330032,0.002176213364706081,0.00405164857217577,0.00953789258401505,0.033125678274487314,0.030013985257807407,0.05996485178051936,0.023495188609576667,-0.00556844806807022,0.01205083543381913
2022-10-04,0.010989701426486809,0.0020379970054937857,0.0036660784138393687,0.010052452994258276,0.03055834677536562,0.03390817416792191,0.052721321245287944,0.02240603384020501,-0.005842249093416019,0.012806961082920898
2022-10-05,0.01133827265759213,0.0018480734313508496,0.0033205761931027755,0.011327384184686151,0.03237827993725073,0.034545687291022587,0.05622513249119687,0.022066555564838497,-0.0065367521049967126,0.012235556220843824
2022-10-06,0.011173737111819237,0.0007274609421970002,0.0030689528463394566,0.010290584499899946,0.030742008009289945,0.033463687676561715,0.0550772646750044,0.01905913812026072,-0.007367709033823,0.011177370560704336
2022-10-07,0.011477946528668515,0.0005330072249023488,0.004365780190396462,0.00935812970189498,0.03235171490760336,0.034718024290112615,0.055502369931472506,0.01967493550144961,-0.007243804267780485,0.009121053125991097
2022-10-10,0.010758623844186799,0.0002731022060469268,0.0041277913209198935,0.009144876260964496,0.03517819376340525,0.03681821220904169,0.05931552521475414,0.020110671190426865,-0.007260383660811942,0.00810708219409717
2022-10-11,0.01056907979856292,0.0001552777781947956,0.0031978259398879327,0.009755253661220653,0.032407339133501356,0.03643450706982798,0.0554940555816108,0.018293599868157928,-0.007134002385749905,0.008964581089569545
2022-10-12,0.011793616487863368,0.000251569313695299,0.0031416037842624256,0.008700415398016803,0.03279465835697337,0.037565652624361956,0.055968823926310085,0.01815740549780176,-0.007825427571997667,0.009094771768788146
2022-10-13,0.009885427104645572,0.00011120740610692792,0.0010962337797688626,0.009176133632316175,0.03252238845505384,0.03785795796894309,0.05504831065824978,0.018543575634488718,-0.0073078255891299015,-0.031710161211916055
2022-10-14,0.009640809388475002,0.00018307652391369444,0.0006538802762843243,0.007558044678871001,0.034694245034637916,0.038617891748684796,0.05760487945106352,0.018255796298786153,-0.006317642489820141,-0.033972362860368865
2022-10-17,0.010052971566839375,0.0004934114214372176,0.001477768430353965,0.005647922250807902,0.03216674647726081,0.038147832956579864,0.052595251956976785,0.01862912102193026,-0.005651968431308663,-0.0334623086482827
2022-10-18,0.009204100520330494,4.86366585499276e-05,0.0021695553224132524,0.004380602768560227,0.03173766067132022,0.036943498334120584,0.05229985356629174,0.01858434377766116,-0.006119022640620919,-0.032810468874544196
2022-10-19,0.009761504597978865,-9.127534841346652e-05,0.0026675987767006415,0.0026494675527410916,0.03440663301196456,0.03717764029211601,0.055711021773446445,0.018593658931598922,-0.005829891276209365,-0.03348524748340542
2022-10-20,0.008585045448638251,-0.0008728960208352898,0.0009802877507396612,0.005120615813591689,0.03717803645128415,0.03728180646628876,0.05668422405380147,0.017037313026639467,-0.007354461855689998,-0.03364606812246285
2022-10-21,0.008641331445505385,-0.0008342772945099108,0.0009389470748779605,0.004899908525881624,0.035685352487345945,0.037362879111592084,0.05319289902008273,0.01800183578033865,-0.006277486539404298,-0.03254074730630907
2022-10-24,0.009225514494714204,0.0006248051344357464,0.0027899800470356784,0.005289746186109223,0.03442121229679018,0.03767150716354917,0.0518263866460833,0.018686139235926325,0.000607640718651492,-0.06448020398148502
2022-10-25,0.009569317375968556,0.0026701788068108634,0.003996723328325125,0.002487195200842285,0.032762863972962464,0.03588944454364573,0.04964491323253295,0.0180167273578693,0.003457263813465339,-0.06080907248294565
2022-10-26,0.009601139950970117,0.0028954702981256464,0.0027604544807402487,0.003163952084089372,0.027030819776630022,0.035460407169723984,0.041694955249826915,0.01857822672202536,0.0006978157959034448,-0.05961200584450732
2022-10-27,0.007631404405366027,-0.00021690275088215305,0.00094955687388798,0.0018749096646195618,0.025469902046321824,0.034988634970597454,0.04113921589067848,0.016610284578719492,-0.00623695188902329,-0.064958516029471
2022-10-28,0.005641577823647603,-0.004618790123485095,0.0007019788494222468,0.001574884815261246,0.02546745989733412,0.03477432760344956,0.03879740767978257,0.015429133226980474,-0.01582005826924282,-0.07099973851853403
2022-10-31,0.004934936501563847,-0.0050215562073295805,-0.00012708573195885364,0.0012830862570429868,0.02327389827923443,0.03756552563771587,0.03266756465435483,0.01731361116609209,-0.016686627875576288,-0.07130769390985581
2022-11-01,0.004879564692808147,-0.005344955992243605,0.00011793260635561964,0.0005875220975266604,0.024491185069375865,0.03825951447424858,0.03421244443389848,0.018880025720650284,-0.01645736386290686,-0.07097563852009958
2022-11-02,0.004361979391760196,-0.006576272757846335,-1.9296425441961418e-05,0.0015759164045374696,0.021156106559961474,0.0343604275444116,0.03194601174707001,0.018555183536194342,-0.016884128742521876,-0.07263393285944653
2022-11-03,0.003908164756831756,-0.007435596356379803,-0.0005914064242749095,0.0008292880233979893,0.021783710673776158,0.03227969043122214,0.034133427963953356,0.018487675998469566,-0.014249846228206686,-0.07384510874159145
2022-11-04,0.003987311395406534,-0.007100272855605105,-0.0007802863266653803,0.0020815142970327383,0.020628858153985963,0.03435990373251774,0.029510454855051993,0.018334488515904912,-0.013157108929758854,-0.07150472233761573
2022-11-07,0.0034362526065108145,-0.006679109042515341,-0.0009660404823308433,-0.0008720316088982605,0.02036329429551409,0.03418327269491228,0.02936458809216358,0.0191213141283737,-0.012955756991848921,-0.07201711329880234
2022-11-08,0.002394077055401622,-0.00658340444863037,-0.0013852629976149888,-0.0016560714831758139,0.019229744985823638,0.034434944726648764,0.02757133219315544,0.01976991048429233,-0.014489413588030353,-0.07268508773793148
2022-11-09,0.0023589068112417344,-0.00666042464436023,-0.0019270415491987603,-0.0020738764121408515,0.020419617206093754,0.037803013248332684,0.02765113039594258,0.019770301482968655,-0.015000608988019692,-0.07219819356552948
2022-11-10,0.002117444112947675,-0.007495924807551457,-0.0024736477628423126,-0.003363565708464633,0.01641383444304556,0.03753514239192923,0.02379631504149171,0.020817257480392204,-0.01734220644417428,-0.06952448472745998
2022-11-11,0.002452057046131495,-0.007101441791856233,-0.0028270771869782774,-0.00662475744473856,0.011808784705228614,0.0368411678912568,0.01880153262104045,0.020467530667584333,-0.01741165564611169,-0.06785469671614974
2022-11-14,0.002443891845176127,-0.006949631685378876,-0.0028571692180162644,-0.008724594132131447,0.010654737271705184,0.0378361479167455,0.019373834634444087,0.021197984759111943,-0.01695604373766635,-0.06387100042211902
2022-11-15,0.0018479145832210886,-0.007111704887319048,-0.0026512027699746588,-0.008518101749322993,0.009962356303964803,0.03769362813443089,0.0165798640856043,0.020912941055833523,-0.017188005707363674,-0.062395359418531915
2022-11-16,0.000984571633607212,-0.007264307976093898,-0.002659826216197869,-0.008367124343816257,0.009044116467896268,0.03804540480245322,0.015093866240035059,0.020920082032206633,-0.017048981729024915,-0.06333322918094542
2022-11-17,0.0010251327928161302,-0.007616107559135332,-0.002545575218164342,-0.017658621026398924,0.007486452521867193,0.03982708142715463,0.01353361288570043,0.019972521955027744,-0.01727619149604631,-0.06416522130569802
2022-11-18,0.0007980101395095307,-0.00788014820217442,-0.0020993774671664855,-0.017952793865038563,0.00933641634851945,0.04011036503803678,0.015732790558409038,0.018545052223606806,-0.017472771428160172,-0.06434153873414206
2022-11-21,0.0010973043195732224,-0.010492063154670772,-0.0016962154311108701,-0.017843964942822588,0.010405549826591365,0.04166538681298948,0.01776081879380631,0.018350262318234334,-0.015008879039706713,-0.06423114039688649
2022-11-22,0.001660344478523701,-0.009336749690138424,-0.0010862636985076168,-0.017144220551235656,0.01086518766361122,0.043464496797990027,0.016518404641636453,0.01806797177590158,-0.0111383795966421,-0.06383758954079766
2022-11-23,0.0016856184054949708,-0.00961558441683974,-0.0010835981495745939,-0.017163085314559123,0.009745050871513783,0.04308839135455744,0.015358060253418904,0.017649169823956257,-0.011860951246193907,-0.06311457640954965
2022-11-25,0.00028379324976124387,-0.010016051422503613,-0.0018723946169234562,-0.017398503213757466,0.009183014886260166,0.043137629394932375,0.012202819499556039,0.01785040115446379,-0.012903071602801353,-0.061575518369018534
2022-11-28,0.00031586226193169864,-0.009646607466142654,-0.0018294417256409234,-0.018280774269920474,0.009729337489214895,0.04315633289968801,0.01341476427391286,0.016912541497155598,-0.012245617999752878,-0.05940269528212516
2022-11-29,0.00023034353407580532,-0.009526356944390746,-0.0018740480126370196,-0.01859989738342427,0.009398816682582689,0.04375387694442545,0.014525352428817806,0.01627329895531404,-0.012082345515846638,-0.05914927129783576
2022-11-30,-0.00028093406202767124,-0.009698565212151067,-0.001323812974728722,-0.018437155020065488,0.00871369307507619,0.042427197908939895,0.011947557202336867,0.013853843367032548,-0.011876164411845913,-0.05754126813432403
2022-12-01,2.4879555589052416e-05,-0.00994996732841602,-0.0014728118073707996,-0.016475677606437533,0.007229595576109915,0.04317138580060065,0.008627734996968117,0.014042612531395715,-0.012058091796738779,-0.055914795760792724
2022-12-02,-0.0008641781335591014,-0.011518844449670884,-0.0016307265355484102,-0.01677129627400864,0.004077591812104764,0.04057136798053684,0.006694382281433597,0.009633565356171658,-0.014205749268821677,-0.05529727092290504
2022-12-05,-0.0005755760495427253,-0.010356392144826754,-0.0011253183287129875,-0.01773781320909351,0.0067356006895451515,0.036162588451741584,0.008153722679026698,0.008391444075621424,-0.013549189652447557,-0.0547670163166869
2022-12-06,4.144974399000745e-05,-0.010534158434904684,-0.0009446743290187909,-0.01824039248292786,0.006762555713822671,0.036632838569516935,0.008164538795325749,0.010476343715465353,-0.013696788469781174,-0.05442591477304637
2022-12-07,-0.000652720397261497,-0.010496744992653184,-0.001071699060368192,-0.017812639876450098,0.0092681736176643,0.03607191035456303,0.010291742751922683,0.010205087220493292,-0.013653495358351586,-0.055376707037158246
2022-12-08,-0.0012179586319700508,-0.010649802506052741,-0.0010693106292500865,-0.017808455406292834,0.010136467600068588,0.03530177655794775,0.010399978112671127,0.010270762182111648,-0.014397418698898545,-0.056457468652426734
2022-12-09,-0.002567738320728874,-0.010753033484677155,-0.0020658124755724705,-0.017515208028498708,0.007865934901423177,0.03448515494287374,0.0075562492420022664,0.011088031425526834,-0.01501191829248727,-0.05403488403609502
2022-12-12,-0.0018212536988317929,-0.010667317872946835,-0.001562894561535244,-0.018003640460060755,0.007806333266315413,0.034274470019832304,0.00862350388391131,0.020925154591113326,-0.01470612906784674,-0.0545724666303008
2022-12-13,-0.001578288270532635,-0.010187550657167366,-0.0012586065326625206,-0.01820112309165034,0.007044941945056227,0.035417479270565044,0.007674689704414428,0.018621003418978876,-0.015683951018129694,-0.05192700706843523
2022-12-14,-0.0012705094001634887,-0.010365706211114323,-0.0012165239114709792,-0.018452771255000777,0.0055697477540657125,0.035705280028120345,0.0036581522625194207,0.017146357198964957,-0.015711943978945597,-0.051640667707678944
2022-12-15,-0.003321483067416642,-0.01415825862266662,-0.0009027557325927971,-0.013995068809396494,0.010090795927046647,0.025383539919423104,-0.006406279624874389,0.017243313506470015,0.06484786336596349,-0.053236295888515306
2022-12-16,-0.003424094532252897,-0.014191089621814479,-0.0007246267160094799,-0.014215995767819511,0.009573371345435566,0.025993845887972045,-0.007021582627443679,0.016389953659364354,0.06450997319233132,-0.05270319426466885
2022-12-19,-0.0005182565924725102,-0.0066356985534313795,-0.00027214513398576834,-0.019823457661779398,0.01683982354065683,0.03368819798788181,-0.009034751363522386,0.016721744068602717,0.06431738059641545,-0.051874734680633194
2022-12-20,-0.0004259912368320684,-0.006866403556494816,0.0003236072519021693,-0.019811419188336177,0.016507528817091277,0.03287992499522763,-0.009896312323486423,0.017767862010542812,0.0638162422548243,-0.049882975644856
2022-12-21,-0.000594426921374791,-0.007292858730997054,0.0004951256527725434,-0.020328079332873172,0.014603681334644403,0.032595732177322034,-0.012885334947589033,0.018020381814212172,0.06277122290911485,-0.049557625179694864
2022-12-22,8.311593193521816e-05,-0.007515323735142965,0.00029637830137829724,-0.020354770702667446,0.012044616243615414,0.032135517420318394,-0.015189592956688425,0.01815922997256969,0.061770009493188116,-0.049416360072031984
2022-12-23,0.00012085830429575672,-0.0073966118393756775,0.00024262191312152126,-0.020879936764231832,0.010983011518321373,0.03128801984229601,-0.017853461286095773,0.017575434144638802,0.061421769089793354,-0.04961970890068823
2022-12-27,0.0004709146104464601,-0.006840096649798788,0.0007373543772377644,-0.02030263091559903,0.012324082794961555,0.030136876451355876,-0.014975446901178358,0.016627752708616494,0.06270168324363978,-0.04892858483940754
2022-12-28,0.0007308831025905071,-0.006729668919985943,0.0008466965635436363,-0.02161532500450869,0.013327609296404752,0.030202342537330562,-0.013448509180305379,0.020374799491727824,0.061188574906785975,-0.04673031955203144
2022-12-29,0.0008362761302529442,-0.0066751502750134195,0.000890163206202832,-0.019489950593323924,0.013018475795841589,0.03346163203104813,-0.014819972830111938,0.020343590356582952,0.06016590174353742,-0.04393891558360852
2022-12-30,-3.22703749187081e-05,-0.006900204993336323,0.0006200490817069859,-0.01906303188161984,0.01321769912405002,0.03371419882578963,-0.014774424655009444,0.035434512186272915,0.06003850052774151,-0.04652794751518985
2023-01-03,0.0005903668131175266,-0.006712497195568212,0.001549390639821624,-0.019308682645101438,0.017477352345503183,0.033574451550130835,-0.008425819513793509,0.036559554639474134,0.05822339620180239,-0.05086047077770084
2023-01-04,0.0019021835098433915,-0.006586279743016732,0.0019197456456803152,-0.0209054060840973,0.015006203430035558,0.03289868347498093,-0.012099126625258028,0.03642084998093731,0.05912630522906226,-0.050288960146515405
2023-01-05,0.00188636166812306,-0.005955738483677586,0.0027193387482427056,-0.020692919556212108,0.016109963729549204,0.03410932160971458,-0.011916230917079718,0.035940105238829956,0.05774593544325901,-0.0496695299934099
2023-01-06,0.001762035604130796,-0.006098318323890184,0.0029448791660871,-0.020478944466643667,0.013340831909968376,0.03345355046099385,-0.015216330889166074,0.0349716727195426,0.056534178521895795,-0.04730035776381525
2023-01-09,0.002628043454266038,-0.005244837290048654,0.003034483149819023,-0.021236480785362333,0.007399034030878937,0.03102207010405489,-0.02253325691288799,0.03438049655203357,0.057172966888678234,-0.044801922882401035
2023-01-10,0.002550551104637755,-0.004834446815141558,0.0031557083703712685,-0.021028646033803833,0.007593346099906695,0.030089719156091155,-0.02100669463481608,0.0337832959179023,0.0576875573027098,-0.0442383901020329
2023-01-11,0.0009257682041192705,-0.005337480441878761,0.003952172308732127,-0.020517956208914834,0.006685538319078699,0.029108816188032627,-0.0228745861542492,0.03292620515047662,0.05673455465230237,-0.04592919525735306
2023-01-12,0.001184176248860913,-0.004872702998887868,0.004896565669969988,-0.022095708632384303,0.00593605708278111,0.028796074837865504,-0.02358828262946222,0.0321309916241006,0.05668638734839271,-0.044360408567742815
2023-01-13,0.0015409227356990574,-0.004365243902036076,0.005625052140112885,-0.020121341451561636,0.003934226053230683,0.02798895552516889,-0.024757894762705734,0.03179768728400467,0.05606885686420804,-0.04312250781978977
2023-01-17,0.0014241895046562814,-0.0042418945298122734,0.006288817039019845,-0.020852690809318064,0.0065368766945752554,0.028391934761879734,-0.020242861952967983,0.028618447337313224,0.05541461713278739,-0.04293163588778681
2023-01-18,0.002427969743467484,-0.0035692401141180774,0.00628165439456807,-0.021658909458526665,0.0067443027597100524,0.029704215663374445,-0.02096040356973139,0.028141345164623743,0.055821134408059914,-0.04291844731732841
2023-01-19,0.0020384834735425184,-0.00313401289162496,0.005954996465411755,-0.022930772042004666,0.004467351328371949,0.02890958497639451,-0.023447747243050654,0.02834028807205713,0.056346493192390934,-0.04232747706609352
2023-01-20,0.002755529162374204,-0.002249250447955764,0.0062579347809959,-0.023928880470653002,0.003566582193276213,0.028240559625712924,-0.021858470773945315,0.028325501632320504,0.058902738859296644,-0.04160379398492875
2023-01-23,0.0025909890688973203,-0.0016986673261522034,0.00691585545016582,-0.02451914031695701,0.001957333781891668,0.028809752047443293,-0.023966170249616447,0.026795851580545538,0.06015612054422581,-0.0435245692038686
2023-01-24,0.0021082310817530647,-0.001374935505672359,0.006699653025252328,-0.024908451557246747,0.0020715430742410668,0.028352947340843482,-0.024890188981287142,0.02583716567449068,0.059701074553947464,-0.006215069530660755
2023-01-25,0.002297190915449443,-0.00045315545076041186,0.006172473395078537,-0.02425182425458272,0.002775053668140348,0.02794601567875099,-0.024313554036065388,0.025652790542495474,0.06208173613799772,-0.005894673062399325
2023-01-26,0.002957348960364037,-0.00037612598797154284,0.00729524430954398,-0.025786117684322818,0.0044372742563485446,0.027436942637612427,-0.021578993231724852,0.024917607080479298,0.06614355190688648,-0.006170772836943561
2023-01-27,0.004338340017906228,0.0025359203461203794,0.008129485056398877,-0.026232943421237165,0.004778379391920939,0.02664821626175584,-0.020638941440495384,0.024070753170723602,0.0758109309981907,-0.0012802361177746135
2023-01-30,0.00567149159230107,0.007185363955130031,0.00784719617099272,-0.026262129731353,0.002493995749941025,0.02679054134254044,-0.022434098935935398,0.023358710536952376,0.08633686663205498,0.006117618096650235
2023-01-31,0.0054441604802317745,0.006528097704892932,0.008485509108519196,-0.025828357022590454,0.003062968371950303,0.023872702902880683,-0.020297294686728473,0.019519452862743814,0.08669915678086548,0.0036003197561564892
2023-02-01,0.005492315327948694,0.007358656072784964,0.009112192455923651,-0.02430893568699144,0.002739383681674701,0.02301752699129267,-0.02048038425126608,0.017911234229916806,0.08844219183809798,0.002956103216578576
2023-02-02,0.005709506314186985,0.007288302884387532,0.009444315967079397,-0.027284529544488234,0.0017800089306587719,0.022645677379612872,-0.02218635745685127,0.016909305415255815,0.08812473216622219,0.003897841473345487
2023-02-03,0.005177902903894305,0.005390401879999063,0.010115077173818099,-0.02633377535228154,0.00047337351841747477,0.022948151820252782,-0.02423272425582046,0.016435504351780095,0.08271622136770107,0.001737117413553868
2023-02-06,0.00518961409090446,0.0053466334255687364,0.010403151579724712,-0.02755285599572943,0.004571625497796772,0.022791292678304043,-0.016880816413723188,0.01616112242208234,0.08209491959804316,-0.001565824270297056
2023-02-07,0.004907191520481247,0.005567343616418752,0.01090049381862812,-0.024887596045254368,0.004974671658237728,0.02275721154261623,-0.015620237792265068,0.01578605971648761,0.08150100550256423,-0.0020093108514549485
2023-02-08,0.005697653849466633,0.004831344705051199,0.011765520097177351,-0.023664640229104972,0.005830306305769639,0.021126616272916454,-0.013343377557093361,0.014164998461085432,0.08175174496415871,-0.002937782728398841
2023-02-09,0.006254558116132403,0.005540043195176869,0.012234293203941204,-0.023209787582376906,0.004078081685507051,0.018393561828969007,-0.013975615455880663,0.01445994783736304,0.08281469552659759,-0.0028284421818756122
2023-02-10,0.006227442670774241,0.005890848784296576,0.012381070442189834,-0.022182274457741125,0.004423452666161287,0.019188684393105504,-0.01064296077617144,0.012880247345215423,0.08379898968452193,-0.006650952945119748
2023-02-13,0.006145352104032886,0.006714126889478811,0.012723399240182953,-0.02025815541486886,0.008012439792013826,0.01992155993089173,-0.006967241559159176,0.011708112218268063,0.08545897649169398,-0.007320343359972892
2023-02-14,0.006401973541818595,0.006739871850574453,0.012790734750675714,-0.020810365662856434,0.010049570785598538,0.01893123059193469,-0.005474737979237476,0.01083858099874857,0.08651943720664468,-0.011411000503793178
2023-02-15,0.007317812417804603,0.0076793966999086916,0.012865284404898647,-0.02036637003821129,0.009982078002555683,0.01897450003932377,-0.002818447387834433,0.010721917389160174,0.08648844092165553,-0.013600504406496183
2023-02-16,0.008227793375780168,0.008128629659276188,0.0130116109587457,-0.021024028230435254,0.009280848977493816,0.01867992711639177,-0.003031146252518435,0.010362389756166435,0.08532079584899832,-0.011631551687723896
2023-02-17,0.008205366716439677,0.008824482148491741,0.012738501653330792,-0.013111091338568137,0.008959193544464394,0.016791925208946346,-0.0033347566890353786,0.009871280110758551,0.08650204758138025,-0.009729178073055622
2023-02-21,0.008511211820194653,0.009833327406355785,0.013644236712761604,-0.012647835207905911,0.007150058817028793,0.014139500597391885,-0.0045160759245284066,0.009614220947926189,0.08743574665837706,-0.00967374398556764
2023-02-22,0.00851392485370206,0.013493440110784016,0.013598064198285353,-0.01225130050441503,0.005955051130056344,0.014172559587936728,-0.005381723088942247,0.00982836027970091,0.08799566340442344,-0.008344988576619472
2023-02-23,0.008244851481963966,0.012652216867075294,0.01360757781501487,-0.01087262863493832,0.00751883487828553,0.01241612909760681,0.00010681459736261445,0.010253947668871444,0.08711517271842362,-0.008581808156334692
2023-02-24,0.008444095080307523,0.013483617758327293,0.013903412038128504,-0.012015684081705502,0.010087243085652231,0.012686537108244966,0.0032601469545188166,0.008154305108604598,0.08857860001762208,-0.009269843148089207
2023-02-27,0.009077679181318743,0.013933824804999606,0.014189914838381723,-0.009606469898704395,0.04464499721322279,0.0946468135276397,0.002539869494931013,0.007566336552672359,0.08895810977863317,-0.010436515664898782
2023-02-28,0.01219479721298522,0.016474668271078352,0.017299330217842135,-0.006480169512166012,0.047425750033382785,0.09791275492528273,0.004445436416543158,0.0031668562626805397,0.09216688977275278,-0.008302649777231719
2023-03-01,0.012262432541163104,0.01645542271695488,0.01753361094802086,-0.006469939874694908,0.046151281599318805,0.09672134507417862,0.0030365278933444095,0.002641908802400783,0.09225428322202434,-0.008320659575555167
2023-03-02,0.011511374197632707,0.01651919121031553,0.01710807303386752,-0.00526101135561885,0.04585486788928117,0.09639480784590826,0.004127166057873222,0.002869752427465677,0.09199168346665121,-0.008583956750580102
2023-03-03,0.011009239732417742,0.016721042380390516,0.017306713023978793,-0.00497860011848128,0.04664914571870393,0.09582837382322706,0.005811990006519663,0.0023401664917839238,0.09229425945550074,-0.009949285343179959
2023-03-06,0.0117626268188884,0.017966449582497157,0.017318550682850375,-0.004722944429383036,0.046782874162658805,0.0972535278270672,0.0045853462567662095,0.004164243156448366,0.09454328230458531,-0.006851072564918348
2023-03-07,0.012345379601232276,0.017202968879919345,0.01712932109059473,-0.00461796555205829,0.045886460075756696,0.09875739204190137,0.00479640402903847,0.0053487939628857895,0.09475093510760013,-0.0072068875550093114
2023-03-08,0.012214423100997962,0.017772532883222336,0.01704489305819301,-0.00480398865810594,0.04775601248967987,0.0989038852656059,0.007442062859334353,0.0031017104650146177,0.09592660952424192,-0.006333522333158426
2023-03-09,0.01318796903855568,0.017593109520702255,0.0172995278477317,-0.00326889356071014,0.04807399301633142,0.09920975649587893,0.008327413320521337,0.0035068434625793454,0.12238801094377205,-0.005766442762410451
2023-03-10,0.01287104312083831,0.017737799129083243,0.017381472446361013,-0.0031456359136211587,0.043934398165997424,0.09972401873728676,0.002259566761426024,0.003395639478297685,0.12260981377093638,-0.004781530717199778
2023-03-13,0.014514428888199538,0.018546448649901404,0.018681976728245342,-0.003283599710287244,0.04364102545576998,0.10026237762337264,0.002354566804714908,0.002826148125797845,0.12361623738233662,-0.003828598903066749
2023-03-14,0.014523014320164451,0.0179519497152274,0.018439995646828633,-0.002494078790008958,0.04465170120190742,0.09888507533494639,0.0030111703415942603,-0.007087067382984591,0.12205701386715684,-0.003971495633767419
2023-03-15,0.017727547963271695,0.017231011086010106,0.018179144579402395,-0.002282596474438403,0.049022621954096124,0.10108225449445607,0.007678781932030088,-0.0055442944901283875,0.12083031750008599,-0.00642204573953542
2023-03-16,0.017426964639928766,0.017783617803819318,0.018352006537326826,-0.0023463793501107277,0.04961294687697704,0.10359318723810951,0.008459040772299753,-0.004496527493871638,0.12114420176655005,-0.006231710819313063
2023-03-17,0.017651560688696222,0.018166920222203675,0.018392129695605997,-0.0029165124857328806,0.048687199508683277,0.10391351248429359,0.0056956129466216865,-0.0047122851471794736,0.03595813758229971,-0.0036438388313317915
2023-03-20,0.020329478138350288,0.0205356473637357,0.018377286285459205,-0.0026357832864540853,0.05883115417869744,0.08792363332386466,0.004862209346050861,-0.004453701108446229,0.03643409940564979,-0.003298427203690002
2023-03-21,0.017738810905622016,0.013280714655665715,0.018507617357860218,0.0027781459220674876,0.04887898128274659,0.0789410257277261,0.004121257700196557,-0.005072254322380232,0.03643442012482345,-0.003450440762591489
2023-03-22,0.01778861965038625,0.01341707652133306,0.01814970681390715,0.003046186479742641,0.04868574650888413,0.08050886231406884,0.003330645175629643,-0.005583217337481461,0.03684170459284242,-0.004787719795583789
2023-03-23,0.017873187039548988,0.0139950956709054,0.01787516734741934,0.003488408255095443,0.04775010998130913,0.08040374071162426,0.0015157574261499551,-0.005953604976583371,0.03784220871049793,-0.0020130154613302587
2023-03-24,0.017165049967473367,0.013735271840869867,0.01805953468650534,0.0036454104435832413,0.049301000860012545,0.08124999655236853,0.0030476664329484038,-0.0049257333893403255,0.03804810371753509,-0.00037968720868652994
2023-03-27,0.01743989951922309,0.014276486143207201,0.018507023456386218,0.001882367697451759,0.04996908833917435,0.08162662313480995,0.003762247854180334,-0.004286931283590367,0.03914940327131178,-0.0003974744024627386
2023-03-28,0.01732236653982544,0.014090509618999603,0.018530547421589993,0.001880806835596216,0.04961526217246526,0.08142210432498409,0.0032659493078688318,-0.00476013494660088,0.038579688863879635,-0.0010436481833522304
2023-03-29,0.01777599360396165,0.014677514947433634,0.018774170316018468,0.0032899829816752657,0.05002842224968007,0.08156949142078118,0.003291493602039397,-0.004220139817266655,0.03980610281963837,-0.001368252963680261
2023-03-30,0.01783717587222311,0.015051684710778668,0.01899552701266649,0.0014942606549752657,0.05026138155621296,0.08190723594563853,0.002618284914057467,-0.004060754254007537,0.04032497834406534,-0.001680993219787985
2023-03-31,0.017713072026315446,0.014770329707588736,0.019152412177923628,0.006321102582329985,0.05067283939446243,0.08191337451415892,0.00420728921135205,-0.005259912123185551,0.03968876668640431,-0.0023785175802153447
2023-04-03,0.017679701295623795,0.014741964385053707,0.01889225026180119,0.005914523111878456,0.048778897593692694,0.08239827052858617,0.00142425890006459,-0.012461232417498302,0.0414112617664848,0.0009234740598305091
2023-04-04,0.016254190540076152,0.01477886830413988,0.018725680527503785,0.00598058362771714,0.04674527092869818,0.08262504063223419,-0.0016924692204491887,-0.012690946211860066,0.04127226223428315,0.00016768875232853198
2023-04-05,0.015297831310910448,0.01462378840530354,0.018166702382305333,0.005776283226611056,0.04701336606409856,0.08322138070836127,-0.001388115663760181,-0.012327546533593803,0.04231961978063059,0.0011407738737041484
2023-04-06,0.015319324046580762,0.014898801156772112,0.01819594388424628,0.005925860069296851,0.04776776334079913,0.08564854106836028,8.930795215156273e-05,-0.01215046439124745,0.04363762453051012,0.00046490196724491284
2023-04-10,0.015438715465100339,0.014806748592560037,0.018794394431374428,0.007158591313157769,0.05166030474826644,0.08641390656796344,0.005814033219459613,-0.01109989488925267,0.04293620527931008,-0.0011258775199100013
2023-04-11,0.01563894994138315,0.014869614421330057,0.01886837238826855,0.006851933048950043,0.051626548674793105,0.08673947517602043,0.005080374373122698,-0.010421843632510197,0.04318447458727093,-0.0014394935787346297
2023-04-12,0.016017938788829733,0.015460282682966398,0.018492892984902642,0.0076707790152730215,0.050170583339494534,0.08758595184601914,0.003670374916834529,-0.010125068791610348,0.04460729489047566,0.00029119452537784696
2023-04-13,0.01624201490311883,0.015586953061407671,0.018027904170440756,0.008467927143058773,0.05210419493171736,0.0895530333196064,0.004976332207933032,-0.009668634296980838,0.04553727246366046,0.0010356291498661019
2023-04-14,0.016297638520329505,0.015842308136898797,0.018127973753001125,0.008142140771004946,0.0532985519621918,0.09097669103054473,0.005139995395762265,-0.009468973797271962,0.046610370173686855,0.001361594234810859
2023-04-17,0.01679096477949482,0.015237924024642302,0.01920931097378875,0.010857739060591065,0.055329391164557595,0.09137644223243391,0.006115310028674159,-0.005857853390368817,0.045343873680129265,-0.0006420945561557145
2023-04-18,0.016585973385637942,0.01511066588854626,0.0182380565703657,0.011890665987454696,0.05525833721409423,0.09085192482429849,0.00610456622077149,-0.007063342494100233,0.045370653162153385,-0.0009232093807963748
2023-04-19,0.016110129546019536,0.014915974414867028,0.017709566159263,0.012584855909061554,0.05677367234402264,0.09099034957340946,0.008364677430591438,-0.005180695717112438,0.04483400325459175,-0.0018229120796432463
2023-04-20,0.016509009278198983,0.014862756983347714,0.018303404349641283,0.012377050463073802,0.05728180646946046,0.09196673365014685,0.008232928956693364,-0.004766389230305812,0.044158689438846155,-0.0022587434141008167
2023-04-21,0.016823304699230768,0.01491234728205959,0.018333735348399216,0.012694931793877151,0.05702052024403015,0.0921975762675229,0.010862142309884915,-0.004630813181045967,0.043824098176570736,-0.00037125507534985225
2023-04-24,0.01736430272873002,0.014749180173101895,0.018737115198678156,0.013132442624860019,0.055355381645795454,0.0925476933238285,0.011697788308144608,-0.004118878242570512,0.044398140131195474,0.04847238169944079
2023-04-25,0.017486770505477978,0.015635871286142633,0.01939538204636837,0.013077625192722486,0.056589056093191425,0.09372755070832062,0.013891043301507588,-0.004038829762137985,0.04526063773950284,0.04769172504699437
2023-04-26,0.018254135740787047,0.01795437424558699,0.020136014937877755,0.013326334978838839,0.05574148502414089,0.09505944789411114,0.011039808831686981,-0.0034558397884533187,0.048889841080048235,0.050299794630663586
2023-04-27,0.0182561023162906,0.019644525479268093,0.020442700797742575,0.014127986165350936,0.05522045357175531,0.09590269486048086,0.009895187403133665,-0.0031989439859129165,0.05130124539593961,0.05166431872654753
2023-04-28,0.01853890703905714,0.020152611724214564,0.02096863042101549,0.014644118548065244,0.05454514478715833,0.1018810367799281,0.009961927718500352,-0.002735253947198424,0.05351312217313464,0.05195543617642295
2023-05-01,0.01921066706175978,0.021622502977268976,0.021447974489193333,0.01666119234045671,0.05659987085154383,0.10168332367429134,0.01116156656200662,-0.0006086484332119557,0.054365402286228104,0.05584783572203911
2023-05-02,0.01936591369834706,0.02126021190871774,0.02146400690056871,0.017054756494609524,0.056019221350199544,0.10361508486105864,0.010567843277482503,0.00024413558767566457,0.05310646566757371,0.055815067809125374
2023-05-03,0.01986031409996669,0.022414514501923888,0.02145907628802113,0.02019147301252633,0.05611304892559188,0.10834690140824965,0.010930987579882645,0.00022551545773463744,0.053537746525629704,0.05703675760915239
2023-05-04,0.020199115480230123,0.02463132770960086,0.021567576155326673,0.018793870190636053,0.05602266924907795,0.11595784940173082,0.010305557375219099,0.0005506043273433292,0.05862712973308293,0.060604337803334296
2023-05-05,0.02041995053580603,0.02466155002497228,0.021524936132030215,0.018481381016551834,0.054278154477929164,0.12539271990316414,0.007664246599764946,0.00038085846846835913,0.05912466233372049,0.06327041046711002
2023-05-08,0.01954576936363761,0.02516427958552181,0.02138927567461657,0.019735882014735306,0.05529373451936204,0.12698324903213587,0.008801620108156438,-0.0006280928042821099,0.06074655016868857,0.0637153574617586
2023-05-09,0.019368145513649182,0.025600128425597557,0.020907360987088675,0.018640636885320916,0.05510474078531158,0.12721670075515212,0.010026977159387052,0.0010060738791051183,0.062053614281229796,0.06456193927986598
2023-05-10,0.019025557029883178,0.024745243600303057,0.02082653973131099,0.018243849570155568,0.05574704911285688,0.12799531444370515,0.010290389066540895,0.0014115205999289948,0.061003017435748985,0.0638400809822226
2023-05-11,0.018944189836883396,0.024760240183527404,0.020995636595195988,0.0183397541902377,0.05643931109483602,0.13392058443844235,0.00961537680697555,-0.0008443110462976744,0.06063581624037018,0.06274818873640231
2023-05-12,0.01829525447146363,0.02360773705915742,0.02072761598737838,0.018058205740770106,0.05622984399024422,0.1375540954780643,0.012918365952395261,0.0011006355436873339,0.05916762880369908,0.06054132339091556
2023-05-15,0.018882083702927766,0.02414865668712407,0.021431005894224198,0.014679854729728214,0.05011651436947995,0.12790638511480745,0.00953834515353913,0.0015491113900369946,0.059208264933419796,0.06060201353715167
2023-05-16,0.018421481635435777,0.0232499015268246,0.01953985346294962,0.015030219666604117,0.054523643319075,0.13837376210913965,0.008395180110608358,0.0020726773430284062,0.05988918773847507,0.06357448589832693
2023-05-17,0.018479430692710075,0.023301348415847523,0.01908618908020543,0.01510886817803625,0.05562575973366357,0.13958845400473385,0.008940934003790701,0.0014376064897270169,0.06196991257572848,0.06386909631988824
2023-05-18,0.01845420892161842,0.022609761854536004,0.019472257621780287,0.015663649965117488,0.056272969387964444,0.14372741404219136,0.009182408233172845,0.001914829736567203,0.061314522937178095,0.06363668542928202
2023-05-19,0.018615361032054745,0.022031185820623023,0.018634417808925052,0.015043271310436035,0.05708296243746269,0.1448712223483677,0.00919891264082695,0.002282685781854088,0.0604842970629349,0.06414333181075382
2023-05-22,0.01900204315821874,0.021969772738261728,0.019181302866739802,0.014788695128858498,0.05646780133364593,0.1454383112017339,0.006169294788245905,0.0022742641731527957,0.060721718195679175,0.06684291086637661
2023-05-23,0.018999557090398467,0.02236648354244264,0.01926333676922498,0.013164633170861917,0.05477145841474984,0.14560291551253446,0.002864963964466005,0.002488053417995406,0.06068802896340153,0.06716058475993991
2023-05-24,0.019180913998588345,0.023793773097316118,0.019099780830250657,0.016016130523786032,0.05265368294551642,0.14522248451991926,0.0012937833108292995,0.00471860032032323,0.06789537113486621,0.06969094375832663
2023-05-25,0.019131881190952882,0.024794296978523978,0.019051579483381653,0.013271848212445425,0.018090480480115412,0.05902695067280117,0.003383607578247405,0.004276510111236309,0.07487911024805505,0.07252986909717807
2023-05-26,0.01600690867426202,0.02198768570871934,0.015973149157649358,0.009817782336594583,0.014692017733376694,0.055954499087712994,-0.00041185084291139873,0.009024636945576203,0.07167173665224924,0.06988368176483295
2023-05-30,0.01631674349973089,0.0233633719701416,0.01610845818555151,0.01015303222992614,0.015910879082642104,0.055805523733805096,0.001247064565068845,0.010355370495840788,0.07343109065172326,0.0719455863990559
2023-05-31,0.01736011605847554,0.023338245255482448,0.015912374777005578,0.007114603973161104,0.015529577563918595,0.05503956265474175,0.0004903275857350842,0.011478087724064778,0.07343032276366057,0.07143418530574275
2023-06-01,0.017715598907336982,0.023562058060993873,0.01576577841494653,0.009233673214007476,0.016000534775023167,0.05523514676455865,0.0011954522410504431,0.01159554965347298,0.07354621334602607,0.07260396652296897
2023-06-02,0.017075540198244754,0.023253883903603167,0.01580422657259617,0.00783233245267878,0.016872442457261716,0.05430466093957165,0.0038442778032625746,0.007408973948905606,0.07309133556611647,0.07044709000061755
2023-06-05,0.016537037602419646,0.024262385484248084,0.01607878894354431,0.007338964643205603,0.016682864615152004,0.05472603376495999,0.0036320464015258125,0.008401958956696598,0.0732457373268407,0.07308762815200076
2023-06-06,0.016416642306861684,0.023961223055217973,0.01603189200666888,0.007862815623985275,0.015599199667729602,0.05467840443816696,0.0018931886495139327,0.008411915326394404,0.0722947691007827,0.07303105141914412
2023-06-07,0.015785595951933518,0.027011887068451923,0.015814202283610745,0.00640504712247969,0.015943940818840208,0.05555694852784265,0.002313756002688905,0.00737163811400432,0.04736440789038521,0.07297918409629234
2023-06-08,0.015828688462687257,0.02725917846064907,0.015801462983592973,0.006759841568152458,0.019454752041193846,0.055406200396936445,0.00748679603041813,0.007445762412319201,0.047366211380159395,0.0729327772817765
2023-06-09,0.015374992009230315,0.026720668545024084,0.01521769473729373,0.006300548720675314,0.019543300043093126,0.05540090638004824,0.006952964582900956,0.0071004387163000615,0.04653641989347235,0.07106855224607322
2023-06-12,0.015702721458642932,0.027648166896792725,0.01564572618389115,0.006144651247296462,0.017946483088109977,0.055649133190368794,0.006721713136547125,0.0077234260977623315,0.04824478953247113,0.07368752630599351
2023-06-13,0.012528010252367938,0.027998412459145028,0.019211419805727603,0.006704821630121316,0.01424664641344009,0.0527749289001902,0.0027942485726226707,0.007496666380450767,0.04879237970007666,0.07684200022775123
2023-06-14,0.01299412261623667,0.028653174324452246,0.0189764965806396,0.006954268222161719,0.013455175893435367,0.05081631546433374,0.0015793014951734907,0.007653165811366769,0.05029947029282855,0.07718154855955017
2023-06-15,0.01292136429722568,0.02787262648248645,0.018904901354282355,0.00743637676329767,0.012003019279406058,0.05048277403207435,0.0007411295731793999,0.009654379996033136,0.06070637254682354,0.07603638991931416
2023-06-16,0.010472181835821104,0.025693518686333627,0.01904700292166872,0.009652751111416835,0.0023894156741679495,0.06573633109191257,0.0017881731748650154,0.009880007146132241,0.06060559732722437,0.07568163081502166
2023-06-20,0.011515835697929466,0.02772458455564486,0.019375717499608758,0.010512172939169062,0.0030429347324201217,0.06107181012568419,-0.007823492651089503,0.010755279202890211,0.061635269614875865,0.07564280880553831
2023-06-21,0.01158770860463143,0.02759782406172606,0.01911223320222133,0.010425381955438295,0.0014659654209108197,0.056491855127180246,-0.007981370855869363,0.010742831466517666,0.06163856453146854,0.07617426029862262
2023-06-22,0.011591128767520553,0.027532439678284115,0.01922072369983563,0.01062455927437611,0.002224727142591032,0.056995193109475206,-0.006241867732617257,0.008628490508987285,0.06165023451336582,0.07314667549251275
2023-06-23,0.011565509231234561,0.02829455234697198,0.019358381523479906,0.010900077644388606,0.0017584998068542745,0.05622926891237956,-0.006889610095949572,0.007555970364529374,0.06166795483531784,0.07259948498902502
2023-06-26,0.011991140878067297,0.028854712252547765,0.01883378579525785,0.018779466694230917,-0.0008678869444652682,0.05657114785922057,-0.007482497408238475,0.007420850299456605,0.06311076149742378,0.07455118256179949
2023-06-27,0.011838031435484675,0.028960105065611197,0.018510238098448095,0.017549088002817514,-7.901100381302317e-05,0.058037998410606306,-0.007425600813048883,0.007082220121736205,0.06315076020869181,0.07519227925435557
2023-06-28,0.011778640510250238,0.029088940898239102,0.01880435075625475,0.017855008623914648,-0.0007722371577288945,0.05787478866668039,-0.007686809194222821,0.00644608562576976,0.0631575857006077,0.07475166565498848
2023-06-29,0.011558093026505789,0.028858410949450075,0.018302054376755805,0.01769744361898007,-0.002813672366522302,0.05915818983826471,-0.00952506897968386,0.006261740133949978,0.06342526431195328,0.0719420904960324
2023-06-30,0.011691005272766342,0.029130143258005115,0.018461990176606102,0.01388041371520865,-0.004765558623866961,0.05705762303517026,-0.011404179875209253,0.006627990979177989,0.06365622942121485,0.07298451475096579
2023-07-03,0.01171709800780496,0.02986054868454424,0.01870272745142665,0.014638013926506321,-0.002706257760945685,0.06023719993365173,-0.011276690842038528,0.013941214840908378,0.06546009674879683,0.07437076712307555
2023-07-05,0.011335384189847142,0.030121741281859293,0.019062556550470955,0.01563280520154109,-9.993309450095911e-05,0.060104462758757915,-0.006812659215656991,0.01479896410459225,0.06591577399066617,0.07505797145288584
2023-07-06,0.01224232962999805,0.03037149242299253,0.018420780243956658,0.015992357522718104,-0.0011291521925361758,0.05923100492500044,-0.00876887249317726,0.015663436378360318,0.06633210916871701,0.07463993499577093
2023-07-07,0.012511566685623032,0.030493580359906458,0.018269816364429925,0.015826254851594834,-0.0018315748072614824,0.056584995125270376,-0.009526522200209886,0.015526363741174887,0.0663671737222098,0.0754247937665804
2023-07-10,0.01212069646473557,0.03101779003626115,0.018167487139080674,0.015288961102448484,-0.002241488977899886,0.055540903918174234,-0.010947036706229096,0.0146259732522529,0.06795297136059819,0.0756201886718828
2023-07-11,0.011998892415032714,0.031173634009628248,0.018481611946551846,0.01807593741852309,-0.0027026645335739286,0.05574683665010638,-0.01210106860649185,0.014877015071877775,0.06835200504041694,0.07669723804316342
2023-07-12,0.01192912387847933,0.031203298383951417,0.01831327263404936,0.01869253840401064,-0.0029839001256676267,0.05485994282558293,-0.013217834170440979,0.014966441121788687,0.06799054162737694,0.07727776867056146
2023-07-13,0.011719869061222798,0.03173773447444317,0.018689264933286376,0.019388551539206267,-0.004675551546337808,0.05239746906079401,-0.013593099359368144,0.014699709799845362,0.06795872981046314,0.07868182506700405
2023-07-14,0.011629897713187454,0.03177904556735611,0.01868240966333712,0.01950366915458246,-0.006031750378644896,0.05080403928319965,-0.014906809662297182,0.0150203388943011,0.06755902951739023,0.08003109219523896
2023-07-17,0.011420925296195428,0.032565759919197745,0.017130178512087868,0.01721226126402109,-0.011256918022264695,0.044933544723840146,-0.018444723948376263,0.014263036206070945,0.07011296849890414,0.08235418400256345
2023-07-18,0.011525716882744286,0.03281117759773289,0.017425641237801548,0.01617880352834966,-0.01116686856620086,0.04475697835127335,-0.017908889890830615,0.015877222355098475,0.07071115038009124,0.08277238133996079
2023-07-19,0.012358269325456916,0.033748411331982364,0.01817537517958767,0.016191462367277865,-0.011462989794706058,0.04483778935785754,-0.019107782578548727,0.015624914017930314,0.07314764974120758,0.08390111198758032
2023-07-20,0.012341288789403437,0.03472748685941607,0.018883619345703595,0.017080034628800922,-0.011046176072640579,0.03742024122379495,-0.018162739405489403,0.015302173546237308,0.07450611001752416,0.08462762320313977
2023-07-21,0.012473846869258676,0.034630755451950046,0.01877671103579881,0.017170537288341947,-0.009228945347952489,0.036537624469399566,-0.0180325672372732,0.015277766628726708,0.07522433641032955,0.08318995789778794
2023-07-24,0.012339278073114635,0.11431309308727156,0.01891204092886034,0.01676752025404804,-0.006734508468952183,0.036012393569098355,-0.01646479818236124,0.015447302729324708,0.07660811103686371,0.051406061163293826
2023-07-25,0.011022221339394012,0.10997730100909964,0.017960899535246044,0.016513116733911204,-0.00739292889747678,0.03485338436476182,-0.017191180307995046,0.015547492327073531,0.06462294037598726,0.04641387562729693
2023-07-26,0.01102015404993062,0.11032371550776099,0.01782617962198052,0.013092827475817304,-0.007351152421227414,0.033663922217477715,-0.014983099866914817,0.014963045917063988,0.06678734898824645,0.04868720317745723
2023-07-27,0.011058770060576206,0.10974945370199296,0.018230191351082503,0.01246903477676109,-0.004246399353241448,0.033562044975418814,-0.009312193886167885,0.015377949665152935,0.06533253691791718,0.048464663729033575
2023-07-28,0.010868736499259457,0.10896662173920335,0.01832193716945918,0.011819290123111115,-0.0029346235413879596,0.026940123465598598,-0.009080321279041237,0.015055354740688642,0.06313958933108688,0.04749419463754245
2023-07-31,0.011000007323426875,0.10992961537470824,0.017549538848445456,0.01019048979140269,-0.005551725660419282,0.026686141689137743,-0.011188490135954243,0.01467593039799242,0.06641039933274273,0.049320489113010346
2023-08-01,0.011468302570245115,0.1116292269008019,0.017790466616106837,0.00914968071407296,-0.005132822339703247,0.024432629113553928,-0.010539082543060019,0.013773076321873967,0.07174129709548427,0.052145467106131216
2023-08-02,0.011650322513556244,0.11159328660249113,0.01811550250573668,0.0009513588427747521,-0.004795750018311562,0.019691899581193217,-0.009316683132180481,0.014263443961519684,0.07206642303759869,0.0514317631879353
2023-08-03,0.012474651577335072,0.11290009690148128,0.01828987761511902,0.00903951787417867,-0.005592389986785351,0.012318050209757292,-0.00906545341576992,0.013888857787934583,0.07448256907361106,0.052196418299809144
2023-08-04,0.012336434963387655,0.11341662903253358,0.018365255187707152,0.008752292217520052,-0.006708412845589873,0.003967937699026924,-0.011069300757416634,0.013588175427857285,0.07595630119362107,0.052383508886262975
2023-08-07,0.013534796924363324,0.11335585379482294,0.018559967809583355,0.007913037102514231,-0.008139803006319224,0.002243735570875094,-0.01341397021715851,0.01468195176460707,0.07666907160710124,0.05227714511488646
2023-08-08,0.013810971718797083,0.1137958452315666,0.01860276047886389,0.008827926382431794,-0.008343287974629021,0.0028896772134081594,-0.015207971527093078,0.013426280483774367,0.07742022448355979,0.053145069603235395
2023-08-09,0.014038377010437086,0.11430556191846408,0.019179883513153584,0.008731511256513391,-0.009263123190328182,0.003131547795708567,-0.016231904300818667,0.013691708226180266,0.07840019928591291,0.05452081637906203
2023-08-10,0.014140544175431868,0.11435282604330421,0.01914783681105181,0.008260633327838107,-0.010656612619429073,-0.005989029732448303,-0.017825991077992653,0.01677183509386504,0.07916295227970105,0.056440821842259625
2023-08-11,0.014464803960088757,0.11439938307704778,0.01917111699203833,0.00829300542211353,-0.010697078659952952,-0.011896284851709682,-0.017905932450425488,0.01630623994797742,0.07921327517092402,0.056639379942955204
2023-08-14,0.014877622801737989,0.11416690252937456,0.020129688099723042,0.013085192245760213,-0.006588674693154939,-0.003895077881397757,-0.016006009914030783,0.01595352968526731,0.08071774299683332,0.05592328992378115
2023-08-15,0.015124778861779653,0.11427769432761536,0.02209441708493798,0.012811589652345523,-0.011080774033675356,-0.013519610392259795,-0.016220174530189313,0.016145510197690616,0.08091131930694462,0.05442112573973468
2023-08-16,0.015267651257244497,0.11429131493693667,0.022559780519664008,0.013506682120440372,-0.011481983483074942,-0.014549853026172177,-0.016056087860710222,0.01677342778734503,0.08152261557126317,0.054698097683375746
2023-08-17,0.015220824178603598,0.1146704414388795,0.022797398428942017,0.013108690227487507,-0.012185520014544426,-0.018721527988873166,-0.016538002580044675,0.016887680864621668,0.08139927861024554,0.05435581088763497
2023-08-18,0.015277944653238729,0.11473518690435114,0.022411224986760292,0.01448432286594925,-0.01270604109795781,-0.01907962395667362,-0.01637537775668574,0.016861172893424703,0.0817426263608183,0.05354839848784754
2023-08-21,0.015177245480956225,0.11487147175399959,0.022312813833628597,0.013034157775653643,-0.012533842448558818,-0.01928164738289173,-0.015768332902798665,0.01688236998032555,0.08184586871139299,0.052073348432842836
2023-08-22,0.015091312496793963,0.11491203683400042,0.022152683501011294,0.012999121117047263,-0.013560687639865399,-0.02020580559729024,-0.016016711804409445,0.01903950701839996,0.08285245482017278,0.052418609373706904
2023-08-23,0.015258029237190884,0.11365808005397082,0.02234503085910644,0.010691947340205621,-0.01475204400976493,-0.019776167217343876,-0.01613425854694528,0.018948261482293782,0.08155740588327243,0.053078678316178074
2023-08-24,0.01525784380179318,0.11328312514157535,0.022108251020935166,0.011691828229057677,-0.014940590206102389,-0.0198878117869542,-0.01685226175582155,0.01924808653939536,0.08071320473736487,0.0543307606312331
2023-08-25,0.015645445962082505,0.11333713363061548,0.022053167113744054,0.012073287780053343,-0.015211587429289075,-0.020783130662767824,-0.015481006010371612,0.01796202356990073,0.08065189863195332,0.054131210733040946
2023-08-28,0.015284473789787922,0.11275102616103116,0.02131650588756573,0.012759931261589141,-0.015116907233089893,-0.020537125857699845,-0.015154350128631644,0.014384372692797465,0.08024644502401101,0.0530679041623725
2023-08-29,0.015680085172439906,0.1131896425255361,0.021359330998436565,0.014336070652410271,-0.016588738217352406,-0.02011206821884981,-0.016937326430479516,0.014794716697576149,0.08026906762608443,0.05380356501787942
2023-08-30,0.014995887538135744,0.11320489805125811,0.020497962983299534,0.012435216149091266,-0.015529535803784134,-0.021390197134028455,-0.014753709440819551,0.014542266613524868,0.07940162578416654,0.0525852250627612
2023-08-31,0.015053761554172151,0.1131663554281781,0.020488912783834357,0.014019777662706012,-0.015167316349076754,-0.021700838304337555,-0.014519312267155082,0.017306286456300057,0.07897509308892836,0.05219831721705126
2023-09-01,0.015109237700996259,0.11272989299371461,0.020122621345948,0.013889795050349596,-0.01505716228468601,-0.022156692312156112,-0.013927091829519456,0.015981212173500126,0.07896345810792949,0.05222040496189151
2023-09-05,0.015646016810488605,0.11321997778464388,0.02074978778648706,0.01437521905946526,-0.015029019695535828,-0.023243021517215134,-0.013386735690562035,0.0169595014837729,0.0804770275703115,0.052272501295106855
2023-09-06,0.015534529423746335,0.11011576693687619,0.02080662953651391,0.014799634113167759,-0.014942957792724143,-0.024025724742454013,-0.01298300863494739,0.017497718306204835,0.0805742945655501,0.05249306862879788
2023-09-07,0.015412865629459871,0.11017377435818188,0.020842605171111472,0.014868619942066452,-0.013201365328723291,-0.026154443337803146,-0.010950992258475511,0.017613262028781662,0.08060038337865194,0.0516375623179719
2023-09-08,0.01570168147644968,0.11020447030353853,0.021060973950421502,0.015330397693904319,-0.012478496769876224,-0.025466412147110096,-0.010289361483543757,0.018126765820128288,0.0806675603112792,0.051551057300429415
2023-09-11,0.01565089745907078,0.11036627592066628,0.021126915705659943,0.016094022468494673,-0.01238445019251011,-0.024063551530718152,-0.012572816253296981,0.017770644063484164,0.08093786914846213,0.051548115234647085
2023-09-12,0.015859397196250402,0.11038605621396114,0.0172184453894888,0.015648573821633205,-0.011753586782534575,-0.024804838957297348,-0.01095571270072404,0.01843788403590696,0.08092871399680113,0.04965266210913777
2023-09-13,0.01578515635885469,0.10969416460099701,0.01774889379067468,0.015975447079444427,-0.011472356382587923,-0.02489430709445095,-0.00993045683530891,0.018058550188990274,0.07950905910339134,0.04933996400397889
2023-09-14,0.01602164330807776,0.11046234693403956,0.017856372132148968,0.015947640272896635,-0.008432430061205642,-0.024884791963840747,-0.0066001933773970345,0.016114541330809917,0.09035809061739264,0.05022490738301566
2023-09-15,0.016162867394499347,0.1102846523229708,0.017837607259187926,0.01315180570664043,-0.00847882021541635,-0.024756480860785524,-0.007032180419180967,0.014788738358505471,0.09021225876981043,0.050469841195973864
2023-09-18,0.015041738692921358,0.11087020902356426,0.021096742073589247,0.010445586882729119,-0.0032984142798444527,-0.011649569112551328,0.015212987611915585,0.014220907250206194,0.09049219894469451,0.051385447900266
2023-09-19,0.015027005057319798,0.11095532721061252,0.020816708021103247,0.009793035210113876,-0.0014961325724738295,-0.008568378904614815,0.015902076310156943,0.014085167034383117,0.09062666524089158,0.05115815500684828
2023-09-20,0.015129679531677986,0.11094409783609249,0.02095157267402059,0.00985080043367792,-0.0018273036605809256,-0.008992124207212404,0.01504899950548344,0.017035699795195258,0.09067519746398744,0.05226896741082454
2023-09-21,0.01507595770982495,0.11071136528144732,0.020897641864250138,0.010416037677014378,-0.0025280367134533632,-0.008927082787048124,0.01533734690888977,0.01707535661741999,0.09090387198864813,0.051617897584783856
2023-09-22,0.014524803988465118,0.10957221179321719,0.021152527784322972,0.004440173706150796,-0.00028859410132209273,-0.009457685698487706,0.015991753182386326,0.01672391674390239,0.08856251553466743,0.05077830012226947
2023-09-25,0.015048622382222598,0.10969800258071549,0.021843701621387046,0.006149665780641467,-2.9245128703392353e-05,-0.010752491725858349,0.01780099948149405,0.017358316312855893,0.08936651895721126,0.050711908146481965
2023-09-26,0.014548800563547903,0.10933033216930554,0.0214379151530264,0.008034187728792164,0.00020944468375461156,-0.011110871918299736,0.01792276213378141,0.01733303215925397,0.08924583037641676,0.05087241921005403
2023-09-27,0.01475431947014716,0.10968336034153081,0.02162391517001372,0.00814677315840373,0.003500692336871003,-0.013179148043808375,0.023338027333112077,0.01731172042525153,0.08911375985225045,0.05316268676900404
2023-09-28,0.015347680521736073,0.11150975828376031,0.02147503353933211,0.008729442843191881,0.0056831752220214415,-0.011016435780274558,0.024604841079209017,0.017733280036978716,0.0945246731664684,0.0562211147102365
2023-09-29,0.015698355646146966,0.11050066114375268,0.020966615165308955,0.007701663659844815,0.0037678015163964407,-0.014592224555331157,0.025119751227141718,0.01772324781776513,0.0922512852752917,0.05461062008022566
2023-10-02,0.01670371211806776,0.11052646012794165,0.021417695210417476,0.007603155110947446,0.004733123185956423,-0.014706110755251856,0.026455730865294402,0.00269418782683295,0.09290820887345386,0.05479522170862494
2023-10-03,0.015477407485365635,0.11020887463048545,0.022025974338131027,0.007033309566581991,0.005092261407154686,-0.014750358831566501,0.02750912083591106,0.0015352592947881494,0.0915695832341521,0.055094642825571194
2023-10-04,0.016162195580609717,0.11026566586740882,0.022351659450749572,0.008000527695296356,0.011071055137701347,-0.006136331077333579,0.029208699377212044,0.0017524635905832309,0.09149197369527284,0.05514998293603002
2023-10-05,0.016110376829732154,0.10932871450901227,0.022051098922131862,0.008361591627049636,0.009462930372207357,-0.005284553223760868,0.025798341736265495,0.001355242770035181,0.08997177533807177,0.05495809008364705
2023-10-06,0.016520502065451748,0.1091354717182571,0.022263567957749864,0.0055731885035443796,0.009766626856344107,-0.00607088899743724,0.027285081953996704,0.001085346082933647,0.08913645254202085,0.05550301377540956
2023-10-09,0.01677389075954161,0.10958743455062869,0.022347331260204717,0.004595124609205303,0.011376306748330789,-0.0066218168318031845,0.030857413681673718,-0.0002283070160852274,0.09097055142444122,0.056200262503685705
2023-10-10,0.015671266714406107,0.10915981605843683,0.01885387279344175,0.004301163194047497,0.012368827931623416,-0.005344802365646051,0.030286187322808855,-0.0005296303617469134,0.0906045731178109,0.05359284034096379
2023-10-11,0.015571325844914607,0.10883938667988846,0.018181168007398663,0.0036705603462325875,0.013318959871847724,-0.004715421344156923,0.031050424282003553,-5.406722989331758e-05,0.09055781292964826,0.052571821358799786
2023-10-12,0.015514726307178428,0.10872747027516061,0.017188631550269395,0.004546207262008606,0.01720301990192241,0.0005505625795003688,0.0344429844688785,2.854080829051142e-05,0.09035985208382358,0.05186597607982035
2023-10-13,0.015701770152853234,0.10827082315194603,0.01702881916361587,0.005035868282159628,0.01804858489669381,0.0012357414588648474,0.0349607078551879,-0.00010395669387519568,0.08985566006897061,0.051033436737806914
2023-10-16,0.01568156258299158,0.107802338298433,0.017553409840728396,0.004835770581744336,0.017287933027871905,0.0007364205314517314,0.03418595313813144,-0.001293344265769103,0.08853964368422118,0.0513867325829056
2023-10-17,0.015424271899400432,0.10683946742121586,0.01675753808278313,0.004095527247654163,0.016705088725932793,0.00802915998030218,0.03277601137094721,-0.0013867420910826933,0.08813276472844223,0.051245666334212236
2023-10-18,0.01544801045896671,0.1070409186620811,0.017307526173249377,0.004261587549076795,0.017313000059009598,0.008390575538888667,0.033765828098418105,-0.001371756956064174,0.08675318271109211,0.05215478039189669
2023-10-19,0.015252600963076457,0.02778369690429061,0.016209228307360046,0.004180734088081284,0.016665057427473595,0.008378313782476443,0.032470379682420836,-0.0003230474996798183,0.08336239809893176,0.03442947163071186
2023-10-20,0.01641306286433064,0.03077623313322908,0.017585644899114294,0.0050657692719437986,0.016975924888800398,0.008713692420646568,0.032970283870835226,-0.0002737699138716243,0.09396570114280878,0.04035398699762904
2023-10-23,0.01589606014470779,0.02919408045099403,0.018523995807670834,0.008450383751953616,0.016735793276972055,0.008967650591435783,0.031811276975744374,0.00044791041139347065,0.087366841873179,0.06250540728946219
2023-10-24,0.015421394872672689,0.027993573829230955,0.018002738068310986,0.01038091078049308,0.01494912407879867,0.008851174057438183,0.02832865118407546,0.00024983629902952664,0.08393455320670684,0.06168629673228421
2023-10-25,0.015646480750277636,0.028668895476349432,0.018293714189287824,0.009961293043389219,0.014801605370208026,0.009789744465946715,0.02889561434620358,7.578490321757947e-05,0.086104945967028,0.062201186268048714
2023-10-26,0.014950437258079985,0.027732043210004997,0.01782740334333477,0.010320867291794045,0.014520532144858933,0.010249550960485854,0.026935323966874813,0.00013479253969217453,0.08262060352505585,0.060489759938443965
2023-10-27,0.014176417543808384,0.026158141246072297,0.01763518297747546,0.010293459591803833,0.013678481589811886,0.011150228642618165,0.024433344463378193,-0.00015328796407898526,0.0767883634982307,0.05909974075163005
2023-10-30,0.013609814176922752,0.02671011821577407,0.018328432127759253,0.01748950437776342,0.014130964480690844,0.010625004803505922,0.024252525112901324,-0.0005307672786156736,0.07715588338593293,0.06228554421784582
2023-10-31,0.013933089968985124,0.02663344430469028,0.01871631679871033,0.009677091850862629,0.01422462715882089,0.01034403252258187,0.02355494467887831,-0.0002656564155255614,0.07679066829713932,0.06271296367052859
2023-11-01,0.013653053174171204,0.026256458771527713,0.018794042264505206,0.00896728620620757,0.015617691817410018,0.010685681755763676,0.025967535720885948,0.00011451502805415181,0.07539124528909125,0.06206053206146378
2023-11-02,0.01276865631304136,0.02461527844429967,0.017023555937901502,0.008257622929660258,0.01602410542185151,0.009471129851935212,0.02687000181440835,-0.003919025147395061,0.07253861680353713,0.06383162334275294
2023-11-03,0.012471779090861501,0.02394555660751929,0.016888030035532964,0.007453025083902665,0.015259399017099717,0.00887715632666164,0.024909572940169378,-0.0037404938107459262,0.07091371070408159,0.06363153365942686
2023-11-06,0.01251221279703496,0.02433502448052538,0.016154089613903633,0.008169678138769454,0.015306239861607285,0.0065631840398034935,0.024446912562443357,-0.0039250044089316205,0.07129364262678717,0.06743155596742567
2023-11-07,0.012436523494482987,0.02447945008412611,0.01618557733629644,0.010561394141934466,0.016727335555803302,0.008829026941206353,0.02495213218596315,-0.0049207294303329485,0.07095309354425572,0.06601048655760056
2023-11-08,0.011973480130746728,0.024287051000202453,0.016177805405345858,0.01165515421071639,0.016202038494737447,0.009982003403430362,0.021618301155045927,-0.0050963500637027925,0.07079750361039161,0.06695387644799133
2023-11-09,0.010597452582969291,0.02354940134486072,0.014265123975461647,0.009931010319695899,0.01664025104211131,0.010478250181985338,0.021085115447405434,0.001970643837406305,0.06831741747528586,0.06764341885733383
2023-11-10,0.010548385792761072,0.02341809060702471,0.013889748658868495,0.008052367670065674,0.014928626969777703,0.007552694006871086,0.021027004064478882,0.0010670477543111012,0.06787826609398273,0.06814020323612024
2023-11-13,0.0108250488461199,0.023881494555108018,0.014696787717101145,0.007276326415782908,0.010580432133489026,0.0006080314852949797,0.020095061436015804,0.0014921529886782192,0.06843159679133115,0.06837873160007302
2023-11-14,0.010849621748008298,0.023652442921494377,0.013814414446077672,0.005026123412573247,0.01123039911213608,-0.000348348598504189,0.02173617160799557,0.002574356777613085,0.06838589504495851,0.06923383966003516
2023-11-15,0.010613886359663427,0.023176020568025812,0.013726671861758577,0.003320469869810605,0.011866615608063347,-0.0009935441872351847,0.021931888579497683,0.002825996015744403,0.06827362994047736,0.07006055125889943
2023-11-16,0.009987582417725127,0.022252912955200932,0.013529051640621237,0.00408318494575699,0.012020314565046597,-0.0023596554942495462,0.021875405568589246,0.002702289726328022,0.06736731075028857,0.0705922626753206
2023-11-17,0.010124403272462557,0.02223177363641482,0.013299980771574349,0.0040276910446208625,0.012282895314979836,-0.0028800528723205154,0.020540290635325364,0.0015067914865101173,0.06632861650433708,0.07063982882403352
2023-11-20,0.009924053436412228,0.021800585145043128,0.013629138570180999,0.00473393185706894,0.013227964837953854,-0.0036968868939629695,0.01977272246960715,0.0016535596142936981,0.06011448860874724,0.06921433823157996
2023-11-21,0.009425663481551716,0.020999782955539503,0.013589266428696067,0.003756595704514476,0.012065921503405574,-0.005420320401187562,0.01932411307445059,0.001305594880068206,0.05719736064074055,0.06847824109865219
2023-11-22,0.009220322020978111,0.021749845876591456,0.01280480052042865,0.0033847408761482622,0.01282034974838897,-0.004730893235486033,0.01938168767808679,0.0011862113499967464,0.06015347913995317,0.06873577847109136
2023-11-24,0.00940079511577152,0.021199020008940472,0.013350241469363366,0.002849789602547226,0.011034477795914377,-0.006498042192690567,0.01639181546432278,0.004332643248086576,0.0591132253987976,0.06855336558466507
2023-11-27,0.009415668481467021,0.021567021703519096,0.013650248588112701,0.003360463563042204,0.010854557342563576,-0.006865240475901424,0.016556916650574127,0.00431233509626372,0.05990002000404093,0.07015662223272878
2023-11-28,0.008864319079186167,0.021596199501948465,0.014635147715262642,0.0039466329339632455,0.010072462293446716,-0.005762295680642904,0.015011986913534114,0.004462399638785808,0.058413293617525675,0.07143535105567356
2023-11-29,0.009058825918944358,0.022008200000520617,0.014651495213598098,0.0033458116660223247,0.009916608854769526,-0.007053677908989586,0.01404388827208547,0.004143413749873703,0.058332420414775266,0.07263344905589486
2023-11-30,0.008841749878642169,0.02145132151623641,0.01556988693967254,0.0033970932793614406,0.010174885903930564,-0.007062097229427078,0.014429611891326743,0.004857596985168966,0.059644086492989024,0.0699840241503571
2023-12-01,0.008653585917799855,0.02047224571650519,0.01499509996785009,0.0030720087316118416,0.010048839103146578,-0.005704079557246389,0.013297997041054277,0.003540222298042961,0.056374119873434436,0.06939582918365494
2023-12-04,0.008558443612453726,0.02073300494544683,0.015511339944477731,0.004080007521294116,0.010488972576329303,-0.005897076945999946,0.014415714055537654,0.0039849201103683285,0.056716757146682006,0.06948574976993838
2023-12-05,0.008565818381234047,0.020722427195357884,0.015354902015023209,0.003936742686356354,0.009467459066049289,-0.004337102149090777,0.014088795449879177,0.003583930383427525,0.05667386427453813,0.06878696117930994
2023-12-06,0.00912979985186202,0.020660645215713203,0.015532446313559545,0.0035698773747121493,0.008932066861401022,-0.005661981928589466,0.01391090163936326,0.0031402146075794057,0.05665459001587747,0.06897829868662586
2023-12-07,0.008734422558788202,0.02152629138169937,0.015097440417920494,0.0030939636199656118,0.008670808750476988,-0.0063278931927124304,0.016508524025754312,0.0026909552934950565,0.05583349894001732,0.06929556260922021
2023-12-08,0.008781292380384054,0.022840707127310456,0.01579072069588272,0.0029387142003585165,0.008499088827158108,-0.006207168042472566,0.016260553005235767,0.0029922899113701273,0.055810897546179294,0.07167180272829743
2023-12-11,0.00909631646909137,0.023508973253884458,0.01578139461532735,0.002730540677445825,0.009594957426215522,-0.00694229597760887,0.016247910270167143,0.0031541422722451973,0.056350910746743255,0.07167118849569021
2023-12-12,0.008986915469658685,0.02339004975239023,0.01574044165569477,0.0018058060726737768,0.007500831934454277,-0.006859893523390004,0.014625330852689578,0.003700564564772524,0.03516887134662339,0.07209522987062056
2023-12-13,0.008800036759067487,0.02345439444685904,0.015638405342049966,0.0011957781500289144,0.006635917209605768,-0.0069120482138984585,0.014146316408752968,0.004645352266994474,0.035111340289421866,0.07169453903344136
2023-12-14,0.008732752420824719,0.021004867655826542,0.011828304884670349,0.0037027194581622513,0.0035470447106831227,-0.007694177749941078,-0.0014375753036569572,0.006182298123332819,0.03327397794573339,0.07443400485710017
2023-12-15,0.008898252422081976,0.02113761335518083,0.012234129028316998,0.004057989797159323,0.0040376560368891035,-0.007875379395372528,8.569182036666234e-05,0.006459989661625087,0.03326131084060524,0.07579989598861525
2023-12-18,0.01177208641937999,0.031125304821490563,0.012712959065291907,0.0007951684773179757,0.0033646944482248475,0.0029861875373442537,0.0009740115087200074,0.0062249976458628176,0.03384232739980941,0.07547738671430171
2023-12-19,0.01188476168966579,0.031626754453005335,0.01268879039699522,-0.00035402755996682966,0.002333227614807143,0.002600347169592343,-0.0009972166396985394,0.006275684815996829,0.03445031313838487,0.07747930445254703
2023-12-20,0.011995839657904961,0.031827555383562744,0.012853347211652988,-8.783352990138216e-05,0.0026472599819025167,0.002891441825197294,-0.0007099116128239658,0.006370228106796549,0.034830113273416785,0.07752547103046448
2023-12-21,0.011420023541281354,0.03152158566771157,0.012008459339692079,-0.0017281415091358054,0.001875037887837161,0.002803411083284635,-0.0022297743920997037,0.006121209428985974,0.03397862166717269,0.07782948118490052
2023-12-22,0.011432547656693215,0.031624874032251116,0.011803090845035502,-0.0035362810592647342,0.001147360247763629,0.0032969193774674554,-0.0024531052260878816,0.006180068009159934,0.03401356093598662,0.07919518833856642
2023-12-26,0.011903973942924528,0.03212933976728016,0.012574574719252718,-0.002793085249912508,0.0002369016031680271,0.0038860866744196976,-0.004258626901366358,0.006824661124763098,0.035190826826052124,0.08050374347493139
2023-12-27,0.011590217435497152,0.031101803181346588,0.012706750837331748,-0.002755437247550452,-0.0005942475855343909,0.003690563001291558,-0.005601605410331945,0.0062189079411123505,0.030639531015677512,0.07745263143894898
2023-12-28,0.011124573291521278,0.03128750401130853,0.012805562745256793,-0.002218418532300759,-0.0006067436293591966,0.0036798818854015813,-0.005786147854779378,0.006683825708594382,0.03136711346070098,0.07810733832896277
2023-12-29,0.010639856185030272,0.03089747014032529,0.01245146958240495,-0.0027873754266427575,-0.0014833874623408905,0.00362735880321563,-0.007216007418427539,0.02106520018051561,0.030345923726807555,0.07800345943989262
2024-01-02,0.01253569564613155,0.032083836657373466,0.01298938100616609,-0.0022224303504184695,-0.0005776279119202865,0.004064622859621059,-0.005927352161422927,0.021784264974443746,0.03280778190852329,0.07965872243580785
2024-01-03,0.01184334747076421,0.03194866515562689,0.012902326361776018,-0.002711175176686731,-0.0052401556763446155,-0.004681347724083795,-0.00563549373572203,0.02173007136703653,0.032694625471310745,0.07896751618231557
2024-01-04,0.012210512101386017,0.03247093160603853,0.013176252227510954,-0.0006097955387840415,-0.004870016402674704,-0.004456394891329096,-0.0044471523555842385,0.02193952075238803,0.0331975055574707,0.07901557279396965
2024-01-05,0.012042967772021962,0.03265199362323301,0.013178761722591803,-0.0028495429019737006,-0.004398370899908133,-0.0038396944434094804,-0.004196845881089817,0.021986612280709972,0.03350739787196222,0.07865523729770252
2024-01-08,0.012207330402973948,0.03255960637637201,0.013770205427531712,-0.0016820461120953256,-0.004955515314986503,-0.003820553877578292,-0.0060326450130989695,0.02335583540948538,0.032633231643664606,0.0787392659326902
2024-01-09,0.013229612230164944,0.03227126849413109,0.017458283403303687,-0.001421680787650148,-0.005111130948620035,-0.0054764527160894305,-0.0049359190451093715,0.025351868863889848,0.03268065124998443,0.07773335742688814
2024-01-10,0.013049228404178548,0.03234608534208383,0.016955158091666034,-0.0008375443558459317,-0.005609213615266784,-0.005506261664132928,-0.005790488642232083,0.024459804780377015,0.0327577172629725,0.07686890498632581
2024-01-11,0.01229015952127166,0.03245188204529459,0.01702932761192022,-0.0007231951929774771,-0.005987891608905005,-0.005690260623217425,-0.006839760565327979,0.02444852452694346,0.03253235547069799,0.07744754191278047
2024-01-12,0.012431148479464582,0.03276980570984578,0.017673094078255902,-0.0014427562701013752,-0.006485161241015613,-0.006005946364741166,-0.006978191591062388,0.024288048573775534,0.03247183040789414,0.07794550932803235
2024-01-16,0.012700725442736482,0.03330157239605791,0.017173302034618754,-0.0019185896312039485,-0.011281177431217149,-0.01318677158688375,-0.0060461647422884734,0.024746816086922863,0.03367185637946113,0.07634521180878528
2024-01-17,0.012750428474369135,0.033634752903919596,0.016705882424040475,-0.004113062747689966,-0.012654278577571954,-0.01352645434343136,-0.007778009541293707,0.02471705187297535,0.0337610759020035,0.07578490879033217
2024-01-18,0.012688936306133769,0.033625380067555444,0.0160306746906127,-0.0039133386180054686,-0.013541881039525583,-0.01460072566692805,-0.009004068677980093,0.023748472307223878,0.03477096280349268,0.07766483094732068
2024-01-19,0.012965330556375498,0.033924639477621144,0.01660133068197034,-0.0034770271878251657,-0.013820096439782104,-0.014741353955356917,-0.009133749403627656,0.0220838485519248,0.03700332415621976,0.0789663067183366
2024-01-22,0.013482066276154114,0.03423766913572557,0.016458117368329583,-0.004165078662089927,-0.01437931590911845,-0.01477812431911929,-0.010208948684200636,0.023362350235760942,0.0376090038015946,0.07543408058817969
2024-01-23,0.012957364125116388,0.03375604880833061,0.01526646739265014,-0.003535613597480003,-0.016061761159753885,-0.02115133427517535,-0.006832371099726453,0.022662890708035066,0.03694823400740255,0.048717608505672416
2024-01-24,0.013386482279172274,0.033773187911688485,0.015151881958692659,-0.004684509349752508,-0.01717840032548379,-0.021176570524889415,-0.008542590307190068,0.022991213205154848,0.03592169960896663,0.049837908793247454
2024-01-25,0.012827036884136334,0.0319180974814921,0.01435473197946413,-0.004567705142473399,-0.018157977493405753,-0.02120656225885309,-0.009745581397547887,0.02335563369889493,0.030927979403102324,0.048908456811362244
2024-01-26,0.013025050969492247,0.031049742991015927,0.01473495023304272,-0.005365413215331349,-0.018634376689781407,-0.021706412711233636,-0.009277142784151149,0.023531196414797506,0.030073896885321805,0.04819533843458035
2024-01-29,0.01328773192043653,0.03144278713101989,0.01435761849611139,-0.005693743855031852,-0.016921687355546666,-0.02202061337875927,-0.006264520291449083,0.02221176239815259,0.03023022088495453,0.05021132532013284
2024-01-30,0.013419240395349252,0.0313684882879508,0.013439504980029104,-0.0034383844644274575,-0.017397523678277405,-0.021199416929679304,-0.006956234806513084,0.022284502314280807,0.030446740785142756,0.05025420665286484
2024-01-31,0.012881180173825113,0.031006437539990106,0.013164880560514236,-0.002298044956463796,-0.017099235218179576,-0.019860671436047306,-0.007490534188140718,0.0218696223470094,0.030097982127405443,0.04955142062208728
2024-02-01,0.013308382684595665,0.031264007739694843,0.013101345909527717,-0.0011856336245184007,-0.01764577836900283,-0.020471800613229507,-0.00831303015949103,0.021680161850652357,0.03288470710178659,0.051605709415393
2024-02-02,0.013651437950927825,0.03215322111392438,0.013934548461760343,-0.000500290519796609,-0.016213570074556705,-0.02009848065265951,-0.006036818904039731,0.023457886747169976,0.03509959026202214,0.049928219194786516
2024-02-05,0.013575866894401711,0.03270725047296286,0.01402714686531703,7.444323931959929e-06,-0.014130879654893125,-0.019685529522861733,-0.002960963320142951,0.0277053022239222,0.03596828901225124,0.05056208752874225
2024-02-06,0.013403615903317068,0.0320242871909191,0.014341797738414597,-0.0006524806528563909,-0.012858430973459622,-0.01831298098192513,-0.002458819678181623,0.02692129530632581,0.03564863739958679,0.04665806053094457
2024-02-07,0.013747170251350083,0.0317020871430409,0.014289075358428383,-0.003475370184074955,-0.0119838704648072,-0.0191999469850489,-0.0002981582284382611,0.02790404427791504,0.03559580367826909,0.04766678367233568
2024-02-08,0.014380767599539102,0.0316903144689884,0.014409797832458437,-0.005981567911053753,-0.012616711424218052,-0.01774551254390877,-0.0020729432730363095,0.026971139186388715,0.03539831749945388,0.04766688927844753
2024-02-09,0.01472060836899991,0.03158666807705135,0.014611868624665236,-0.004770260160738782,-0.012699840013412733,-0.01627424788163767,-0.002391071011956014,0.01945324686357508,0.03560116956166026,0.0478261536800797
2024-02-12,0.015017271833237977,0.03219847289859046,0.014673568283777083,-0.0027895215526617667,-0.01101338935438323,-0.013449950194680982,-0.0026268392976320776,0.02049505635308324,0.037369661210921556,0.050085258798640675
2024-02-13,0.01445941830910713,0.03133843520736623,0.013868488848390426,0.0003761633184793389,-0.006488175065585189,-0.006323809675103709,-0.000976258038865141,0.020295170510630234,0.036289999779159254,0.04997076484194185
2024-02-14,0.014267050104543433,0.03052188546097967,0.013853382779675183,0.003192526307301824,-0.007366341208253413,-0.0050892201428102135,-0.003336695375783516,0.01929519206583108,0.03689084363826023,0.049618025470773874
2024-02-15,0.014118087323922834,0.030748798912796582,0.013875897297957795,0.003527307367014565,-0.008077745790829538,-0.004306299521448342,-0.0045887053727931,0.0191071603431876,0.038065751599170694,0.04974311650733121
2024-02-16,0.014452321830463966,0.03138793783586458,0.013591658395624595,0.0035447982879619477,-0.009252456467838344,-0.003257933073252506,-0.004704771052681633,0.019035816315226883,0.03810592665308632,0.04858497699734721
2024-02-20,0.014999039079367282,0.032112975966404944,0.014755371975166742,0.004466929235558581,-0.009082840838269268,-0.0016236437132971515,-0.005613374939523297,0.01829126240724621,0.04018124825818914,0.049590502647799184
2024-02-21,0.015050387651684538,0.03195300545623847,0.01439490328417703,0.00402177147857441,-0.00881850410824292,-0.0011688540759878796,-0.00505871671475,0.018212496146688073,0.043026664343816634,0.04994685969442414
2024-02-22,0.015282987962332406,0.03227488124865774,0.014442246206874065,0.0034415662891804644,-0.008631652552548164,0.00038824718820951176,-0.006011144106991773,0.018237476700528887,0.04365054315789996,0.0493563129275425
2024-02-23,0.015173091024577534,0.031418897651319444,0.015146646702767663,0.004154730872944823,-0.009225865115528475,0.0010986982117981992,-0.007168327028145627,0.018257279181373987,0.040891262809145124,0.048913585078567134
2024-02-26,0.015233460617730898,0.032105755915222245,-0.03305423024158394,0.004223540184973951,-0.011956160860191134,-0.0015924227531922686,-0.00798110292698817,0.018217465808705535,0.041827821301745116,0.04935019371619376
2024-02-27,0.015057137296736967,0.03175322156727578,-0.033434170556975396,0.005401996854803137,-0.011427621332770421,-0.0021143552479178096,-0.006754150621618771,0.01764902346920061,0.04121137705466693,0.04826957823177058
2024-02-28,0.013424776579006314,0.028664588006120484,-0.03598813795446265,0.001439741930510774,-0.013902738267103643,-0.004920251318409452,-0.008932101575023443,0.015156375474218331,0.040410643723593376,0.0434453466035436
2024-02-29,0.013100989785228112,0.027884738952258514,-0.036281601962178556,0.0009228251938375731,-0.014623753712718401,-0.0036168729167589397,-0.00876935606968865,0.014931545803317459,0.04010450583107472,0.04115414543149676
2024-03-01,0.012989099478915023,0.02766323793763159,-0.03714520926174969,0.0009684047916118654,-0.015596870060930357,-0.0033476980721492966,-0.010558765743610032,0.015046611850465741,0.03833305106266849,0.04295710838038813
2024-03-04,0.013026291318345429,0.028644881300213143,-0.0368190869302667,0.000968492691548084,-0.016785546668033002,-0.0022652315511366705,-0.01353468182659856,0.015388629290562506,0.04087583917270643,0.044381893977818665
2024-03-05,0.013140404939467887,0.0284014561542838,-0.03726782654386296,0.0002881144771595956,-0.017464280381984,-0.0021545471756467816,-0.014832746962414767,0.014440247962187236,0.03983549814302734,0.04429879266912673
2024-03-06,0.0131024676707312,0.028593888906609966,-0.03743258197040189,-0.00013437038674657398,-0.01795233880650149,-0.001319962678996811,-0.015619929795519627,0.014192109473867953,0.03981712175911367,0.045624002152813814
2024-03-07,0.012350471161483023,0.028706256469720026,-0.037456420451985606,0.0004901205474070469,-0.018767212806896305,-0.001160978550690639,-0.01585529500124916,0.01352711838339049,0.03979799836298037,0.0460260462820441
2024-03-08,0.012644774996537045,0.02749277960147878,-0.037498533470573636,0.0009169535507778104,-0.018097753966030083,-0.0003150053512032125,-0.01699839269751624,0.012831172431874593,0.039734182089986136,0.04478362006187786
2024-03-11,0.01271818108752365,0.026709848547395332,-0.037369935028830126,0.0012881086878913095,-0.017948384010283758,-1.4613355882264756e-05,-0.0172138215473413,0.013428141680549954,0.040318697937870907,0.04387921321907462
2024-03-12,0.01225442374420771,0.025929674199707264,-0.0377214730907135,0.0009085979433629543,-0.018438220435161856,0.0008053385721067396,-0.01649982824581475,0.013565802389190473,0.03922994248011369,0.04346502311932943
2024-03-13,0.01240413237162774,0.026073942825386665,-0.037716343650658346,0.002429756584068743,-0.020021056497349865,-0.0011969397538692528,-0.017124527103371978,0.012964481143068474,0.039379598391618975,0.04322887881881132
2024-03-14,0.012273666970462394,0.026099325313521105,-0.03767354229612763,0.0038640554535529503,-0.017696986789539904,-0.0011231429571226803,-0.014947749559113488,0.015172347136909181,0.08004063735019629,0.043298256054682405
2024-03-15,0.012434324715796308,0.0256543935551794,-0.037706677058470084,0.0035573492381959504,-0.020687986454664964,-0.011185970348524532,-0.011390532160866162,0.013685260148765144,0.08058623498923523,0.03943927180136053
2024-03-18,0.013530101359804592,0.02265232520134597,-0.037413010094909604,-0.0030465624307862704,-0.013022361660785298,-0.01058070987322779,-0.02207237360672576,0.01381130657113605,0.08118852784414887,0.03874475434021396
2024-03-19,0.010877554325373184,0.012815167744016032,-0.037688547407121686,0.00018566977505685145,-0.0116883501546039,-0.021584967039609215,-0.022645880915206584,0.01339260420395938,0.08078979824117538,0.039227694282726766
2024-03-20,0.010855413061643393,0.012883266754404543,-0.03787064810702834,0.0005013692155990679,-0.010797918811819351,-0.038561323918061774,-0.02201331107926663,0.01324858314059818,0.07998708783552688,0.03920964318965825
2024-03-21,0.010964298685965046,0.013558627232347131,-0.038611150277803485,-0.00015612815896703935,-0.011158941135449907,-0.03927920893531989,-0.022337071977079015,0.013251509685546559,0.07955789199731522,0.03986076364036739
2024-03-22,0.011103811331075741,0.013423622905604837,-0.038482992210383205,0.001085486511495537,-0.010313853369473436,-0.039323895926512975,-0.02122685689522641,0.013743909992455672,0.07942803107773955,0.03837672732647368
2024-03-25,0.011645659763402705,0.014094568144097597,-0.038230052931215175,0.001475393115662138,-0.011453318092724651,-0.03844294229758116,-0.024049834703735007,0.01428387795991748,0.08014972262763154,0.0397108696232249
2024-03-26,0.01107335403059495,0.013461434086560642,-0.038749416999331765,0.0013006756808522368,-0.012314742587999916,-0.03844716240547308,-0.0238129443606776,0.013645047628007445,0.07847214611576758,0.03838337069931086
2024-03-27,0.01108644856769847,0.01291839581683285,-0.03875732675723642,0.00021441738582628211,-0.011511244332382042,-0.03810310816711793,-0.022599003381649663,0.013680694725809017,0.07775672689021773,0.03769981475892048
2024-03-28,0.011226235679293595,0.01317527489325343,-0.03890564547625874,0.000675444484912191,-0.011304809809787875,-0.0382821639139328,-0.02183473113797041,0.016331268276022826,0.07771975294072564,0.037316884728675115
2024-04-01,0.011804391207804965,0.013930079820191121,-0.036858594686093205,0.001442773299055844,-0.010405051307089241,-0.03777997252508569,-0.020527848108296443,0.001838043119695154,0.0789679988702181,0.03838914761180945
2024-04-02,0.012587653582334157,0.012820277401477176,-0.03756851221723101,0.0008267337099414629,-0.011758521299864433,-0.03774567788393246,-0.022620107649871657,0.0015334571255825047,0.07651376426904055,0.03748769105332528
2024-04-03,0.012017450861492973,0.012807004103151387,-0.03765300007718042,0.0007448548154385115,-0.01262233369319754,-0.038138000058524524,-0.023862300796468894,0.0012943235159184052,0.07630841067698002,0.038132119526675945
2024-04-04,0.012292960250194884,0.012567250705959987,-0.03778861146253598,-0.0016305329755815778,-0.013040935260745123,-0.03892912388172309,-0.02213767258068544,-6.064454278575937e-05,0.07530177831740859,0.03865262556547311
2024-04-05,0.011717042936796984,0.012587559322253972,-0.03804972259245232,0.0008366004143280925,-0.01244265550416368,-0.03888712925864901,-0.021562240366798324,-0.0002632814805784145,0.0757039605191574,0.037765946289596286
2024-04-08,0.012054537177862201,0.012746092811182885,-0.03851461077638141,0.00034042366945152835,-0.012074636569839203,-0.03816223753917014,-0.02054124845141203,-0.000159035241501293,0.07583269167438011,0.03715130648158382
2024-04-09,0.012214175765708601,0.012987016580206845,-0.03908310650940572,0.0007804613884316858,-0.011583224507302647,-0.037268229467789515,-0.020259776245427186,-0.003180025679214382,0.07549016140383968,0.03772055987901646
2024-04-10,0.012279251285691517,0.012806732318267677,-0.03867029947000833,0.0001659506734228433,-0.009024026086859926,-0.03719935251816664,-0.016636642258587186,-0.0033433003231714276,0.07454561690897066,0.0378980320205029
2024-04-11,0.012756117600673411,0.012746704736417147,-0.03886907562935593,0.00043844698607098387,-0.008744841381674973,-0.036448578170162116,-0.015882242041021066,-0.0037923411448402833,0.07411989762668436,0.03743009909503492
2024-04-12,0.01260177504692006,0.012748231632111029,-0.03964581350940566,0.0011297295502779026,-0.0073584832045384685,-0.034329749268120824,-0.014675714505924309,-0.0036782210675977423,0.07427255492822105,0.03524296034881136
2024-04-15,0.0124326796289016,0.012359126300212075,-0.03959642882125558,0.0023584889792735986,-0.0011247682089259303,-0.02668376596340838,-0.014292920517846586,-0.0038782845040802316,0.0723941918008717,0.03678120478761149
2024-04-16,0.012705176395269024,0.012072132299032257,-0.03943178763512578,0.0047285145965325626,0.0005144237462904044,-0.025856893136245174,-0.012616066241870949,-0.0038309300059145013,0.07216262955442665,0.03698260239659312
2024-04-17,0.012783748015819052,0.011893149333460196,-0.04026435079524926,0.004984612443732717,0.0009312336323665793,-0.02485067394772278,-0.012366129783705104,-0.002677177374669215,0.07135265031765825,0.036615854199182785
2024-04-18,0.012878159833928926,0.012439529316490505,-0.04085157932253136,0.004502454829562463,0.0014260174631959277,-0.024243393423479476,-0.011715055872868474,-0.0024870313442946212,0.07148147742085076,0.035563912196438174
2024-04-19,0.012353746311621672,0.0124427980077777,-0.04099441566525386,0.004887623117365569,0.0018351630557376097,-0.02341984269238584,-0.011700861811619556,-0.0039122265063522565,0.07138120591625441,0.03886442314485561
2024-04-22,0.012999405890129712,0.013287848987046491,-0.040436479532691805,0.005375081644853896,0.0044185763096213915,-0.017073996093691313,-0.014574244886001453,-0.0034928138196859138,0.07292635774392875,0.06417705605072888
2024-04-23,0.012811855332722999,0.01326479644845735,-0.040352870048801615,0.004471828757055096,0.004611737758108303,-0.01680818498422687,-0.015024826595605001,-0.0036265515587177166,0.07273101140934135,0.0633920805284105
2024-04-24,0.013045967941495817,0.014252217459949312,-0.04065786631516588,0.005154745144539508,0.004781912974946234,-0.01700701604977517,-0.013749377840207133,-0.0037725672463507776,0.0737546086785319,0.0644249190258448
2024-04-25,0.012929410388056617,0.014736016570631616,-0.041943982657892454,0.004988410288041756,0.005490126520035998,-0.017332042598788622,-0.012881179576783475,-0.003796217610287478,0.07440433338519514,0.06550204804419346
2024-04-26,0.013063975046484932,0.014540140541614344,-0.04231806510511493,0.004753801664393542,0.004554488241139465,-0.013383096696944707,-0.01293447770534406,-0.002808557610102791,0.0768437593737008,0.06380557080396043
2024-04-29,0.013256850161473599,0.01462148315813927,-0.04270117049158639,0.003027226288569773,0.0063067378286143505,-0.01241909097749383,-0.011958407362052781,-0.0027586215557416915,0.07588466197648969,0.06370419913286329
2024-04-30,0.013826626693252075,0.014295935883275712,-0.04356924167024756,0.00356061450512124,0.00645028914845569,-0.014079592055844303,-0.010385162183338181,-0.0022831806138966515,0.07452875249216517,0.06579515885693432
2024-05-01,0.01316443971257053,0.01391223198545899,-0.04477265733830582,0.004189951464920627,0.006210190243139513,-0.014661639248979785,-0.010078134419987173,-0.0020881478578456125,0.07251722014580708,0.06558689963799758
2024-05-02,0.012737069836819437,0.014032384397113962,-0.04429438310550948,0.0041755475105060835,0.0050955853881238244,-0.012886312045303883,-0.014081132282553699,-0.0006870954157808251,0.07081799326117766,0.06679925181393731
2024-05-03,0.013005227132657282,0.014038466476387734,-0.0443477800124521,0.00444331302410772,0.002998794110822045,-0.013109176428325542,-0.016501023432106354,-0.004988719785364415,0.07072832693736264,0.06781342297722737
2024-05-06,0.012854053002697263,0.014940284123795777,-0.04422160860024482,0.005273195098328021,0.002291009939699329,-0.010706800123019056,-0.016336170310906395,-0.004393594248053523,0.07076144711197352,0.06870439325940092
2024-05-07,0.013053732804666485,0.015288585890620876,-0.044291666607106595,0.007570538866199739,0.0007049416279059084,-0.009779704510713305,-0.01820348278622952,-0.004206256849952572,0.07105566881056524,0.0692879997095821
2024-05-08,0.013202225985720961,0.015548831717458134,-0.044525327338093,0.007268931943556156,0.0017981808382316888,-0.010344074173235573,-0.015409422449618515,-0.0032559753547232173,0.07102601689530075,0.0689783923820344
2024-05-09,0.013303922229859433,0.015590788275497314,-0.04446096396134147,0.007111415086782369,0.0041116503389655445,-0.0037128081723313278,-0.012943191573719703,-0.0017787340881549873,0.07077424238927987,0.06837249365834164
2024-05-10,0.012818695630468113,0.015113132794539741,-0.04532719762432624,0.004265713726258058,0.003999035693104114,-0.003627349585628825,-0.012579297249101118,-0.001976464692621027,0.06868305840940869,0.06695647268941829
2024-05-13,0.013166374427476368,0.016032834799750928,-0.045258545097621616,0.0010525927876527952,0.0033967835617678688,-0.0038573384551637835,-0.01406423298392001,-0.001411821718522166,0.06959008149311097,0.06785191191900686
2024-05-14,0.013198306544659921,0.016677785022840785,-0.045246045567815085,0.0020571931302724167,0.0029435737867904432,-0.0037658384251569865,-0.015173371910144673,-0.0010760130451928918,0.06887297822007898,0.06829771575198063
2024-05-15,0.013251175873884469,0.016393086689064917,-0.045264620249699905,0.002200946131542869,0.001703114451434784,-0.004955666117598789,-0.01677157170163146,-0.0003135184140126146,0.06611307360904206,0.0693516116607471
2024-05-16,0.013375111588216138,0.01626023921469133,-0.04481597389522474,0.0013432723320017104,0.0028824735478565344,-0.0007333824757915774,-0.01611392444103299,-0.0003041494567633807,0.06568713665818238,0.07019949897442168
2024-05-17,0.01273407986713404,0.015591450552403074,-0.04592860887810413,0.00044446866971448173,0.003099765949899691,0.0007596799760372086,-0.015515287630302743,-0.0004478465180272062,0.06440575540511051,0.06881670518674032
2024-05-20,0.013027319335289889,0.015872417575753417,-0.04604348873561326,0.0008793540403393418,0.003588342287680124,0.0010534041789813653,-0.015169470595821966,-0.00014552806106771232,0.062037557850656455,0.06797191366051192
2024-05-21,0.012821885659872079,0.015011713471245969,-0.04605671001811473,0.0015034115807781578,0.0042035323679843195,0.0010914247484821171,-0.014470868375288104,-0.00016641715311038752,0.0570060688583125,0.06507748529427637
2024-05-22,0.013210446974798673,0.016146777346819352,-0.04588773442235172,0.0012816923559044735,0.004458063076953067,0.00021155345786905144,-0.013644613967436658,-0.000199284616654416,0.05908395269475375,0.06602612750375947
2024-05-23,0.013099705466003364,0.015909012908383646,0.0015771129969834874,0.0016303710374314662,0.008413084202758991,0.004490956238143662,-0.010929352612465304,-0.00023779047063221537,0.058137794507512996,0.06570909478127995
2024-05-24,0.013115351610180292,0.01578671431288914,0.0016126161501248681,0.00033587924565803284,0.008382208977919081,0.005764219779168522,-0.012238091774964377,-0.00035198910855660515,0.05796391649845156,0.06576747375632674
2024-05-28,0.016335313542652496,0.01965263845639509,0.004752668220602052,0.004890369717033272,0.01143323117654993,0.009105886212957381,-0.00987845768872364,0.00289441869523821,0.06203872242597441,0.07138045855874631
2024-05-29,0.01679264599064889,0.01984896890296839,0.005024548211038926,0.00639696144636992,0.011588339348627574,0.009408994791805236,-0.009159604195245863,0.00497509206137603,0.0624023668219813,0.07157403179764721
2024-05-30,0.017028135457971993,0.020214229706063902,0.005064712787165471,0.006788231579961668,0.011935082655561091,0.010772680292376435,-0.008042862268465512,0.005665379421467609,0.062057057076237765,0.07109967570945641
2024-05-31,0.01691560083147481,0.019815399378513288,0.004752125540593344,0.007751936562972794,0.012666324902120163,0.009347945623562559,-0.005499269381224359,0.005759417446150605,0.06145885550894281,0.06835247997789096
2024-06-03,0.0175456023431948,0.020673083244743706,0.005572072501869085,0.008128182689930652,0.012650660966679439,0.009632887245881072,-0.005558602797855805,0.006792435511864037,0.06289046245920704,0.07071681417167297
2024-06-04,0.017511366412195084,0.020546047080769014,0.0059218559943894356,0.00706459091216316,0.013175698230414756,0.009357769581382458,-0.004888855937355219,0.0075634862273532555,0.0629277591135895,0.0701834474651939
2024-06-05,0.01770266570241863,0.020660465688189245,0.005883860352724035,0.0067035242802073736,0.014135810131309379,0.009507725301948433,-0.004612732186402013,0.00901925254536673,0.06345650192986652,0.07065767771259313
2024-06-06,0.017667671401342178,0.020456017466173204,0.005914741355809605,0.0063944161769871055,0.015128694743498095,0.009143536104437633,-0.003545344275566964,0.0068884027321300945,0.06347346855998692,0.07107914162656193
2024-06-07,0.01745569733136554,0.01978358655952528,0.0053906735541466855,0.006608546116191993,0.01544222619642377,0.008870936854207256,-0.0029100963399795177,0.006888474467701355,0.06288398317473276,0.06904675881838673
2024-06-10,0.017667073185338555,0.02029152561349057,0.0058293614743469835,0.007552423456359758,0.015846225238669742,0.00968480550545392,-0.00030537308094713556,0.007318896992912993,0.06524137759404214,0.07088166325430767
2024-06-11,0.017439551066075643,0.020189998399954723,0.005829398659332519,0.006686054757377047,0.01754326849977983,0.010837864484542159,0.0005435664567066123,0.006822262601352547,0.06509142564098536,0.07032124329931144
2024-06-12,0.017431447554344004,0.02039991890607662,0.005779990227915421,0.006720488406581904,0.014867293535750337,0.011275399358488425,-0.0023980066161757296,0.0045048316615232675,0.025170721131714924,0.07209092776302928
2024-06-13,0.01720754446349293,0.020949033304290765,0.005627295396035459,0.006595929006551371,0.016585007003048213,0.014006433317889755,-0.0008274462446510311,0.0042104035013361685,0.06821997512201539,0.07225441616517725
2024-06-14,0.016237028695421207,0.024054557656330244,0.0050466041181556065,0.01412037509577746,0.00958855623060928,0.013273436922945692,0.011212594545032983,0.004284459364293225,0.06818556127378006,0.0718221782084929
2024-06-17,0.016433811475107696,0.02465134225759602,0.005168016648099627,0.013840341010038726,0.009510230377650197,0.013985610622889277,0.01129326222060234,0.004952914431877398,0.0685459339655754,0.07238014646383606
2024-06-18,0.016467092815815043,0.024470331704557813,0.00538437963481897,0.013812826279001378,0.004077232943919817,0.023141617947376902,0.011090138566041796,0.004966734276703244,0.06878807828484379,0.07244295233382858
2024-06-20,0.01653500525852869,0.023963686373336124,0.0060055297756393955,0.01471849565819916,0.004823928138505629,0.025096181121243122,0.011122441262566785,0.005195978797253975,0.06930103018101685,0.0715023883915662
2024-06-21,0.016868063752454976,0.024237559428097688,0.006386027447601972,0.014580806189329332,0.004289222317318764,0.024546685099854137,0.011089046813526293,0.004756905961488256,0.06963929039454064,0.0725968606180627
2024-06-24,0.016488781197454117,0.025202765428520957,0.006684020332422991,0.013340855392074857,0.012623933771263252,0.024848224267788543,0.014943059099383316,0.00453595985708688,0.0697409394714188,0.07324127632712307
2024-06-25,0.016576649396759624,0.025091702633209145,0.0068481037125784905,0.014119052426901257,0.012441632212885745,0.024159703527701915,0.012755930211345357,0.0045984724903451735,0.07006562448224951,0.07376846140017346
2024-06-26,0.016347874241604332,0.025293852450269272,0.006725110260896727,0.014586318878376359,0.012927693265991635,0.024916562359660333,0.012556727791754652,0.004744631046900594,0.07068188682333476,0.07442403238720208
2024-06-27,0.01599421932167333,0.024837497368872308,0.006551695141662428,0.014900239517205316,0.012333375674755676,0.02507744450631666,0.010904454619381054,0.003268367361477731,0.07056418138830911,0.07549906683938534
2024-06-28,0.015548245182047893,0.024244243001039223,0.004183094621496908,0.014330760562312417,0.01116108149972539,0.024433135631053204,0.00896885348727472,0.01778973110364812,0.06988616290931904,0.07582916571439724
2024-07-01,0.014773887756641457,0.025047823197383634,0.004686873451079654,0.05313754302322349,0.011339934718484601,0.023964985793413662,0.009476385622037897,0.01774971719067997,0.07223460590965658,0.07674073235746603
2024-07-02,0.015368618925668764,0.025336791605217845,0.004830465505995418,0.05360944723904537,0.01189228203428927,0.024543656275379577,0.010162655993547043,0.01808476613689325,0.07376177509772397,0.07628449030213891
2024-07-03,0.015075904417335861,0.025171522148867753,0.0047197160323200205,0.053506983129778085,0.012228833337283751,0.024791366513553514,0.009303142679754073,0.01997281474645063,0.07442854407707133,0.07626255677462113
2024-07-05,0.015572498784230726,0.025414119847961603,0.0047482081685135125,0.05375494124322833,0.011644550134406684,0.025169899596890755,0.008709736570704507,0.020960681628532374,0.07474035701969917,0.07872840264895431
2024-07-08,0.01436042529399506,0.02560055282152729,0.0049614606064853906,0.05361812781690434,0.011292846883269148,0.024253711129675892,0.007836323143177948,0.02077126369356108,0.07545191296366593,0.08018639032429764
2024-07-09,0.015517469300474263,0.0257735001064332,0.005295657025920608,0.05393210926562042,0.010357962172604651,0.024511515848051113,0.0063177487449128655,0.02281749600415095,0.07634409586266044,0.08009153837522964
2024-07-10,0.015502667490830957,0.026061846239569197,0.0057612646054741035,0.05462689439352686,0.008952239202598244,0.024560108348173904,0.0033753936203073653,0.023179362713790397,0.07741711293880615,0.08057917378010004
2024-07-11,0.015904776402180465,0.026492783353728067,0.006240861030676337,0.05422230989490373,0.00727671672894914,0.02364966769807575,0.0016202814334382865,0.023269216588867492,0.07827826623962308,0.08205496623839736
2024-07-12,0.015701169521569414,0.026513807287857905,0.006647690945797313,0.05608171922315064,0.005433565848331545,0.020981265856228504,5.639432916249021e-05,0.023342751593339983,0.07844029425935561,0.08479171973968835
2024-07-15,0.01555303343730663,0.026666168198220985,0.007156174103744695,0.05339039063886286,0.00435854339240116,0.02110489239607083,-0.000973219998547159,0.023940282362490795,0.07899186593813701,0.08504305449479577
2024-07-16,0.015137286210558765,0.026669128931303687,0.007473563033301822,0.05420440985815089,0.00336156925283726,0.02044041384856876,-0.0019576442686186635,0.02348120738253323,0.07971598884570041,0.08544607902761214
2024-07-17,0.014814702746891673,0.026856975066021915,0.008760639497514155,0.0532260374284268,0.0035188150116720607,0.020273855331780055,-0.0021908949420593737,0.02348600589549865,0.08055271749868775,0.08526684927988426
2024-07-18,0.014778204201803202,0.026713291008300555,0.009579505032298652,0.05328546649502153,0.0035491517702834763,0.020118736474931564,-0.0020185158155426874,0.023773458112174017,0.0807631390531196,0.08505119021523488
2024-07-19,0.015041282488948315,0.026584071329675663,0.00902899489330955,0.05324512183174357,0.0030766492585854177,0.019458180336802355,-0.0016917296531199222,0.02375819688708858,0.08096561224577803,0.08513831753364975
2024-07-22,0.01684513481668759,-0.015188012287040253,0.009045886284425375,0.05298050250842712,0.00311263881104229,0.019562514371120665,-0.0009174763518999818,0.023406828459430207,0.08440043557685484,-0.06698761987921065
2024-07-23,0.01652313610425682,-0.015645459285820063,0.00941301125102445,0.055609308445978556,0.0035568867153514816,0.01953504372708803,0.0007550035271737254,0.023288756508288433,0.084179271006672,-0.06817397393457725
2024-07-24,0.01664217972240456,-0.015367169917335444,0.009844263872849313,0.055316282306682174,0.004254998625774276,0.019758387827068402,0.0006240486002591084,0.023607868370105978,0.0867756557324495,-0.06822969500723797
2024-07-25,0.01683796089848677,-0.015207196605831808,0.011391125429357496,0.05555809593766914,0.0033000191863625794,0.020332408839733418,-0.001523804459516609,0.023605252734608007,0.0869575667991942,-0.06903534033508463
2024-07-26,0.016672870802708406,-0.015553351060560772,0.012264533973350922,0.055516452813649364,0.002188827717347852,0.016370131929588805,-0.005049864355549327,0.024673354983905105,0.08333282663054731,-0.07030683059035858
2024-07-29,0.016962454901791046,-0.015279633668674353,0.012857635250070887,0.05530774001747485,0.0008616223242159382,0.01570723339767599,-0.0056821301248266565,0.024828279311393642,0.08442543071098974,-0.07086630144115613
2024-07-30,0.016169196952610543,-0.01496619013297007,0.01360980856943761,0.055582225298772325,-0.00033455020495998244,0.0160279439652935,-0.007741096120186364,0.024958172064049267,0.08462815552442526,-0.0718778133685386
2024-07-31,0.017157629507137395,-0.014412462590649766,0.01534568762695887,0.05389869670666081,0.00011877579135655125,0.016575730907294695,-0.007568841630918199,0.02551144865789645,0.08459003048238434,-0.07187574126927321
2024-08-01,0.018070678810694574,-0.014685067280971298,0.015100970949690318,0.0540833216866079,0.00023008516402001078,0.014760856034521375,-0.004073186088784375,0.025946768116911656,0.08635754234697868,-0.07217144564385969
2024-08-02,0.018052775042975755,-0.015515746683903209,0.015042181302852953,0.05378037144895176,0.002014774682257192,0.018615428143834212,-0.004600998494412978,0.025947854940979065,0.08618442307365304,-0.0734614319344189
2024-08-05,0.018250466669093912,-0.015560875217269343,0.01484572588915567,0.055192836095301345,0.002095326287197663,0.017683298859565877,-0.00583460173344319,0.025400358255243116,0.08676796071080539,-0.0740655905250045
2024-08-06,0.01796161106563532,-0.014715961394461963,0.014660863754737186,0.05253967688875627,0.0030380181370708303,0.018556094829043746,-0.005040653945304174,0.025810721080531174,0.08794110879983008,-0.07297863241607294
2024-08-07,0.017135814888286305,-0.01469060495471497,0.014520251694498887,0.057421723313170636,0.003321929843796756,0.018630430701843448,-0.005467845733675647,0.027497828574163163,0.08859681190594415,-0.0713445069516071
2024-08-08,0.01709062426123964,-0.014353270696333076,0.014969393883065285,0.05652466142498991,0.0017718406142817056,0.011344787453388516,-0.00837360905843787,0.02669356634480513,0.08855072817262943,-0.07081973209377934
2024-08-09,0.017028453450238512,-0.014397578855401605,0.015326697742749973,0.058536524732465844,0.0011783440207995266,0.010379390339867456,-0.00857934024406981,0.026168583353815,0.08836867334888798,-0.06992895374643471
2024-08-12,0.017198449272792127,-0.014456926180044904,0.016300381685221854,0.05869610372386469,0.0010702289866408865,0.010766841588531362,-0.008483033279123253,0.02555693906229739,0.0882353164997971,-0.07043081196718737
2024-08-13,0.016968798082397374,-0.014259544210967867,0.015120317377238957,0.05766634907928481,0.0017598836387544559,0.011492931135633322,-0.007603318678041648,0.0250897361372604,0.08850277722013766,-0.0707128590600401
2024-08-14,0.01721924505883421,-0.013741249624750429,0.015768219150816387,0.05787451357631501,0.003070273520773048,0.012397324923914654,-0.005900307932319326,0.02441148021231787,0.08996512113661481,-0.07142293534817856
2024-08-15,0.017053263416073827,-0.013508892860830568,0.015590812388735387,0.05880624801299783,0.0032721457083391137,0.007919395456382539,-0.005453363969855851,0.023913952364324587,0.09115838412550747,-0.072386130578037
2024-08-16,0.017231631529230906,-0.01344293987893086,0.01585426469121254,0.059006224428505005,0.003061084981244022,0.005985813442295873,-0.00491523293639462,0.02360213625819907,0.09075474493925317,-0.07115715127783928
2024-08-19,0.01721355528297419,-0.013218709362284309,0.015718348813661187,0.06093228330837186,0.0022777408100769225,0.005974886547817526,-0.005780984164283853,0.0222759823930736,0.0909631720531856,-0.06925827750064362
2024-08-20,0.01710718416362922,-0.01289328823394198,0.015732827176476727,0.060077989864814496,0.0019794617701640593,0.006128823289894392,-0.00592308778759254,0.021875092858917977,0.09207476073860121,-0.06856533991955704
2024-08-21,0.01664974648871409,-0.014321927406125257,0.015692389774177196,0.059963766582342926,0.0016521920406440405,0.0062780472507317775,-0.006517530283119299,0.02137729195896232,0.08836180211790978,-0.06990793314023902
2024-08-22,0.016850606789884814,-0.014626920813100797,0.015748118769310926,0.05964198497757689,0.001957003136866975,0.006307032726256434,-0.006302385466820604,0.02117491817912831,0.08892504917207145,-0.06993359167879076
2024-08-23,0.017028957707208248,-0.014501703908302188,0.015798045468346622,0.05938465454121866,0.00203100977162074,0.005984772591102416,-0.006641137384813978,0.020278694512905426,0.08918326084851258,-0.06993243998756915
2024-08-26,0.01689185079488098,-0.015193144457082308,0.01561612499495757,0.059586839098305866,0.0021246342813834307,0.005617503130566526,-0.006196011655917877,0.018331025743920648,0.0886109311310539,-0.07044805556344125
2024-08-27,0.016739867272809628,-0.015204521432820362,0.015620995531655746,0.05864642451569746,0.002324155101134151,0.0055166731622791065,-0.007233440127373814,0.01682703713858369,0.0887123820550404,-0.06961863267072899
2024-08-28,0.01669456644011791,-0.015202899795244251,0.015523487039314832,0.058440137360755484,0.002840669395336448,0.00412933893841072,-0.006823980217893766,0.015644875182752482,0.08997402246428643,-0.0694987274429042
2024-08-29,0.016950575105459498,-0.014867385032222624,0.015494396348798789,0.05699931028848093,0.003263097344269994,0.004228678094861937,-0.006222005667871566,0.015428193900333786,0.09104016323634845,-0.06747838782216431
2024-08-30,0.016330689892204653,-0.01556286557227049,0.014763032294779599,0.056523630647469014,0.003424446097790357,0.00389238418342841,-0.005895586107749873,0.014316527706804472,0.09010439042908103,-0.06910248192964996
2024-09-03,0.016791509416386408,-0.014778963320759786,0.014541707613714427,0.05986547896145611,0.002718742561879095,0.0038687845448279745,-0.006865159582986169,0.014668515000668902,0.09151220767232249,-0.06839532545904414
2024-09-04,0.016891781980442166,-0.014723023585377026,0.014584305893574845,0.05977092586506294,0.0032611111818412475,0.004092022601179357,-0.0060570654244289646,0.01382606642429618,0.09178215983812121,-0.0686777881995897
2024-09-05,0.016686477171989456,-0.01503788744041712,0.014566092025007693,0.06191434487620584,0.0021332470389947567,0.003772039965554086,-0.00808865681463844,0.016974014192446818,0.09038534528585096,-0.06987193136735603
2024-09-06,0.01665605988603369,-0.014943347645155258,0.014659316290655644,0.04791039223409066,0.0013946973685516895,0.0038774947080033595,-0.009278597036890268,0.016568650786694672,0.09104305778469324,-0.06906250388053603
2024-09-09,0.016552197214624087,-0.01503302582967636,0.014571764780765495,0.04677929309984297,0.0015531102815737885,0.003415350055364197,-0.011235215900204376,0.016313055888690364,0.08961957414045618,-0.07048760487360095
2024-09-10,0.016653471598977898,-0.015288231334056546,0.014712180106289052,0.049372801551442747,0.0017058678208683453,0.003907345841204446,-0.01111541429617735,0.01700517901050347,0.08941411696901569,-0.07089684688020381
2024-09-11,0.016679506388519894,-0.01546716764465672,0.014663065023759803,0.04759422017883397,0.0035884393858574004,0.002546601196640408,-0.007644745349923654,0.01740506115233953,0.08938619466605346,-0.07207904265505627
2024-09-12,0.016496227868021407,-0.01585902139259987,0.014673398623482825,0.04701475889981266,0.0026482229257145384,0.0025988987227525406,-0.009662408783221554,0.017391066870721117,0.08691291599307527,-0.0720735210754544
2024-09-13,0.01603926611251416,-0.016027697335583846,0.014751298636892507,0.04560539872595237,0.0009968772989239483,0.0027124576454709004,-0.012804082133610728,0.01667701974832747,0.08630075604638177,-0.07111659314679919
2024-09-16,0.015632863856233525,-0.016393586141412064,0.014146894272629273,0.045500236931285576,0.0003991706768429193,0.0011428992222231038,-0.013487353742202668,0.016177914651751335,0.08553831926636524,-0.071172259426317
2024-09-17,0.015455285462182777,-0.016878494830831925,0.013827470792036722,0.045664044757311784,0.005155181162788347,0.00990461018295119,-0.01367784160742358,0.016221946439674895,0.08554597501840888,-0.07156742689030104
2024-09-18,0.015078804294236692,-0.017150669271864927,0.013753027773176107,0.045224389731960635,0.0035863509728908394,0.010323719770766626,-0.016726451572743994,0.015917745151116547,0.08507825970453764,-0.07143983304659429
2024-09-19,0.014979737560557371,-0.017454251008676036,0.013569097744541292,0.043560910076593684,0.0031272502943391345,0.01091849499461639,-0.018028908118915332,0.015553083168241555,0.08498432888578589,-0.07179182807873796
2024-09-20,0.015001701793076139,-0.01902798410934392,0.013032429409449486,0.0439821731264427,-0.004412633818685396,0.009715651467949282,-0.020426142239889034,0.015101729072253045,0.08421995940594185,-0.073886060332218
2024-09-23,0.01237010041590847,-0.01821990204083579,0.0123710811827209,0.03354793344408891,-0.006507933004014421,0.013691321625303177,-0.020794399492292004,0.015120974566372736,0.08525681382062866,-0.0738820967294237
2024-09-24,0.012398970332520909,-0.018354250991150622,0.01237110160965793,0.03426806449658293,-0.008722508334475965,0.012287614383624135,-0.02291509149262927,0.015315773456974213,0.08530342808476488,-0.07409307117402808
2024-09-25,0.012488231230749935,-0.01835138412329429,0.012623042331112,0.03362835636666217,-0.008587485532776218,0.012294769026494068,-0.022476254569461007,0.013334602097876846,0.08418913370669068,-0.07563705234811702
2024-09-26,0.012266366107661852,-0.018754632096789847,0.012831427761696323,0.03328925990886478,-0.00888036702171302,0.01162190797280771,-0.022490569095191204,0.013247572627772541,0.08258911550611514,-0.07631405544983327
2024-09-27,0.01179027928864751,-0.019343538578236452,0.012578042088826624,-0.003976753983492731,-0.008914560382654368,0.011401661122360185,-0.02286067414508597,0.014309466278546568,0.08131996315869805,-0.07670885288364782
2024-09-30,0.01208840374353648,-0.01951057521782329,0.012417233710746878,-0.00430916553064653,-0.010123699670153474,0.010311771572545592,-0.02354412987184229,0.011373508767487772,0.07986250897721403,-0.07658149293542904
2024-10-01,0.011468186854798335,-0.01967363798660282,0.012110669514818762,-0.00383306446093179,-0.009334256227570337,0.010270051434856597,-0.021991054532710663,0.015053902824749166,0.07911908151277958,-0.078355449648976
2024-10-02,0.009653328646092696,-0.02013206639432563,0.011590461352784187,-0.00304025735289859,-0.009800733213218837,0.009443809001910664,-0.022696414036728396,0.014010230413174618,0.0780966606071023,-0.08016778193705931
2024-10-03,0.010005111901012054,-0.020840960732695257,0.01109558953777423,-0.0038239685744750895,-0.009656102433634572,0.009959076342478168,-0.02269670365835086,0.013976818118536016,0.07648641399995215,-0.08279810323788095
2024-10-04,0.008695250919478648,-0.0210558935307098,0.01108839002836759,-0.005860807304214677,-0.007304809892737518,0.00953441284168366,-0.018265912979590238,0.012824134124626019,0.07630737850580793,-0.08412007631994944
2024-10-07,0.009002031193138915,-0.02065571613123851,0.011071304820078343,-0.005881002228206311,-0.008110909396608745,0.009370212197611805,-0.018475648711914094,0.01273291827049361,0.07655784482268069,-0.08341311303782661
2024-10-08,0.008838273606929237,-0.021115410695948578,0.010686057163280971,-0.006292364681399376,-0.00692543473235252,0.009658359448207143,-0.01802846056613716,0.01251484437569128,0.07711634246654309,-0.08457991366119977
2024-10-09,0.008970890137886878,-0.021023887982345002,0.010217826426416998,-0.00838932878950871,-0.007190556941027548,0.009732135087250349,-0.0184189495597904,0.012152205858520837,0.07765871723038598,-0.08512520647530508
2024-10-10,0.008918034538732966,-0.02146286710532097,0.008979569426446732,-0.006815798560435904,-0.0057583526516131744,0.009335115489975454,-0.015603537812928225,0.011180114065980185,0.07818431015566785,-0.08587294327118422
2024-10-11,0.009222439114262126,-0.021397083248440474,0.008920719966643897,-0.00934741722970156,-0.005484471428289894,0.009109380006613543,-0.01505751839063485,0.011741713620654792,0.07772818300696072,-0.08551121229967296
2024-10-14,0.010020497633112635,-0.020939730487741892,0.00795952724609994,-0.007575457194996971,-0.0007723391406339042,0.00926278096420341,-0.014802744879977237,0.011536355899914197,0.07913946353669465,-0.08520077364583967
2024-10-15,0.010075439952058174,-0.0211209759723614,0.007338447096682188,-0.0073405618098871805,-0.005439583842980378,0.00900034960862417,-0.015276011744668194,0.011264004307864228,0.07972753915049191,-0.08570128268117239
2024-10-16,0.009912012719482277,-0.021239383180315374,0.007851939753916959,-0.007328897757957087,-0.006241780548461917,0.008622972672506224,-0.015634219991190856,0.011082248563524688,0.07983686589658623,-0.08654260445296846
2024-10-17,0.007813534965023683,0.019874426127048705,0.0076869424658294605,-0.007117138193402539,-0.00706728320166794,0.00823599699063049,-0.015626871461200342,0.010779126489850244,0.07580193240771416,0.03779295788645265
2024-10-18,0.008248174780602469,0.020696670855442134,0.007280200810527271,-0.009339834019774562,-0.007570616892668469,0.00812900399947325,-0.016952316866887696,0.010520222610529206,0.07750986101113133,0.03961796316142374
2024-10-21,0.008564260683554537,0.021077482985938367,0.007936192764398387,-0.008915457934481785,-0.007374079521021981,0.007597706811057092,-0.016061425000607144,0.01019802374816181,0.07883451103214911,0.014769183223571236
2024-10-22,0.008427096022587177,0.020699702658829366,0.007865331564884892,-0.007881834776230945,-0.00595612959690861,0.007500841542068759,-0.012803518315113949,0.009943868409413525,0.07868987745623546,0.014727370502576553
2024-10-23,0.008314572891706007,0.020671686950012758,0.006858012836872707,-0.00704954497090593,-0.004717978716157978,0.007827323926166585,-0.010089780463339082,0.009050798790837922,0.07946478604732787,0.014799623784884641
2024-10-24,0.007832681646054107,0.02040556763578305,0.005483400712042119,-0.007751902205707095,-0.005327223429131389,0.007910645293892182,-0.010745280952394132,0.008928950959700144,0.08048513876229912,0.014248670905868899
2024-10-25,0.007845094459234092,0.02049344023788513,0.005171263396936965,-0.009085587144839646,-0.005306852685712848,0.0074777162128576435,-0.009733027000466299,0.008399253464431267,0.0806019447432742,0.013757500158565694
2024-10-28,0.007482362935646636,0.020147795168725224,0.004333198227516322,-0.008672028331440207,-0.00531143122350386,0.0074107000965499825,-0.010013750557207102,0.007722090103828183,0.07948403768424739,0.01368660724168791
2024-10-29,0.00707898907306026,0.020187162547249615,0.004275111760845718,-0.010032955485047235,-0.005596084649872046,0.008018806656949096,-0.010751660869609547,0.0073782073500749945,0.07736473213114681,0.011871615867911522
2024-10-30,0.0068950590071501505,0.020600966861542114,0.0040448516870279505,-0.010159536539782854,-0.007471004229797851,0.003892827569854207,-0.010085806561594968,0.0077364334577547655,0.07870384096251404,0.012277629468737228
2024-10-31,0.006557582262206818,0.02005071372549172,0.003722416163896014,-0.011108535134378594,-0.007484165530935005,0.002102156695563684,-0.009093481697182715,0.007812193836007841,0.07832501951900173,0.012379166563241784
2024-11-01,0.0062693645156737254,0.0188790156011871,0.0040237944939902626,-0.010230617451636004,-0.009102141599759306,0.0012320168255823827,-0.012429656692633961,0.009242312673977349,0.07784677103587279,0.011966095544643451
2024-11-04,0.006702757781684943,0.01907772692672749,0.003571041188146218,-0.013346583451330218,-0.009888819156539608,0.001892591252621978,-0.013908840765137875,0.007411956660365204,0.07592092587291677,0.011721945264100198
2024-11-05,0.006267736833624138,0.017941025556621026,0.003107550651470836,-0.012816199228591785,-0.010606106851723252,0.0008558413230859152,-0.013845680548382422,0.01045233689265812,0.07607786682928719,0.01008862914901365
2024-11-06,0.006665753411589703,0.0177107484867276,0.0038556445855131294,-0.013429195720671583,-0.008320271700282822,0.0018620904966815122,-0.011432246740967988,0.010024194032295375,0.07605906980626753,0.007310636939913184
2024-11-07,0.006602866128824214,0.017280672217671045,0.002668758646754643,-0.013916629409581827,-0.009034471044698789,0.002143357212892383,-0.0125699423961243,0.009705802297020227,0.07518331196840577,0.008164405773384065
2024-11-08,0.00675891547295393,0.017200882692447683,-0.050163424345681995,-0.014340377858781728,-0.008348757039132404,0.0010879777530672374,-0.010589405175418953,0.009474704996511374,0.07538473493961817,0.007783907158037451
2024-11-11,0.006991526151202354,0.017912055997125087,-0.050320919331142244,-0.014696029477729966,-0.006800868062598386,0.0018612744659920466,-0.008775247934220909,0.009963432399612726,0.07934215073332207,0.007508116374969287
2024-11-12,0.007124915667599652,0.017650467946841886,-0.050392921786339584,-0.01565903935633184,-0.007228063766477777,0.0010768182213207744,-0.008839670828793555,0.010424160984813247,0.07871701668479547,0.007721196761715454
2024-11-13,0.007157705516125379,0.017722806029235816,-0.05033890702258492,-0.016846689754109412,-0.005558924857686498,0.0025399368906093844,-0.007828046703946767,0.010495747369616781,0.07912643676266007,0.006577168716491499
2024-11-14,0.006557390978710664,0.017030556695592614,-0.05033008077218715,-0.01898783278997096,-0.004657864510552723,0.003567998154433427,-0.006942560332630854,0.011179488588592523,0.07804627865208169,0.003987442906161487
2024-11-15,0.006483495718852872,0.016881661864785347,-0.05037612451552498,-0.01753206551469666,-0.004601105979062048,0.0027691159531868514,-0.006547662927971376,0.012711885241688092,0.07796863297761436,0.0034143331267511012
2024-11-18,0.006938194370268214,0.004416497420522747,-0.05021789157804735,-0.016077985166022435,-0.004115146223307331,0.0024793836407679404,-0.005514723646076081,0.01338178363397513,0.08106985302769143,0.005852006843021007
2024-11-19,0.006969956907635355,0.004536436137044797,-0.049543597062949196,-0.016331642994106055,-0.0045436887813949944,0.0023892214516674226,-0.006085796253018194,0.013554905618406998,0.08103928642202973,0.0057982147916197935
2024-11-20,0.006993218023449765,0.004727912875135631,-0.04925170474809448,-0.018847616933504563,-0.0042104475544177955,0.0024561351059815273,-0.004608981220380559,0.015062103089030332,0.0822011283706241,0.006556080347471127
2024-11-21,0.006611763583595165,0.004400482492690205,-0.04943198678492011,-0.020262252757497934,-0.004299418229283147,0.001620070153470321,-0.004688003866008428,0.01567166535896547,0.0817365881778298,0.005092741645140952
2024-11-22,0.0069838438011085024,0.004204451893683014,-0.04842154735723814,-0.020429752851481964,-0.004017821881342254,0.0015922486508530564,-0.004003961295983682,0.015438268324060145,0.08166222609459939,0.0050400077975198965
2024-11-25,0.007037920260202446,0.004118656561551637,-0.048085407830213756,-0.02013743669885726,-0.004809520157512126,0.0021516855223131515,-0.005878935885210379,0.015532480713017938,0.08065348639084458,0.005776081889877993
2024-11-26,0.006340581190490857,0.0036278156844531395,-0.04810154554092816,-0.019282490264156626,-0.004775643686177888,0.0023923170669655214,-0.0060626221189229446,0.014696659851640481,0.07948711765630656,0.0050757227987707765
2024-11-27,0.006357773984032811,0.0035326570814320224,-0.048167463782836206,-0.0199824528533733,-0.006271118049035351,0.002392547090209085,-0.007802061669051841,0.015183734541350358,0.07928820489624622,0.005250281760497355
2024-11-29,0.006240186548218896,0.002970337655834543,-0.04786593019372343,-0.021630894780405585,-0.005365288752038899,0.00264767631881746,-0.006674023053137024,0.014052941535400487,0.07826737175067411,0.004715503248861941
2024-12-02,0.006433778787777067,0.0032667609052818847,-0.04739537714672426,-0.02002410788044595,-0.005237563063176021,0.0023440441357363007,-0.006058482527273479,0.01426178000032352,0.07862006350982553,0.004524178178074045
2024-12-03,0.006491401811322239,0.003720917521905731,-0.04730679802747484,-0.02234812993340607,-0.0046160960946697305,0.0019505925535057145,-0.006401615825790796,0.013859264846590724,0.07996375049418791,0.004826780662595009
2024-12-04,0.006208638663116828,0.003730298731134729,-0.047249953899113795,-0.00979578085324928,-0.004775413896435432,0.0020907891554207136,-0.006688164186043788,0.013780512497326924,0.07908968258106674,0.005060561649884665
2024-12-05,0.005948573817339264,0.003301591604316423,-0.046402939664139775,-0.009543069541110616,-0.006124686481184027,-0.0004277528249546636,-0.008118921375263266,0.013210258393064,0.07856819007644189,0.0053166695799102826
2024-12-06,0.00594230707837351,0.0035734391657908926,-0.04620865764912352,-0.01176870588814094,-0.005809348684728932,2.9436899354085e-05,-0.007712708145301672,0.012884222875703788,0.07878609995725117,0.0058107834611196285
2024-12-09,0.006383942649873298,0.004292391084807834,-0.04538804223804205,-0.010330572783798897,-0.006531500075774965,0.0010718982231139318,-0.009860737563402111,0.012909571289787536,0.07973768094237599,0.006134580596838912
2024-12-10,0.006643826129033803,0.004211734127332889,-0.04516264125407676,-0.00950119313882336,-0.005852074021987286,0.0009164484808408258,-0.008641716771172647,0.012670141216442277,0.038724329579358674,0.005584960209729317
2024-12-11,0.006837364119118616,0.004230806514297081,-0.04486954044963887,-0.00949182271694271,-0.005423197017183412,0.0009690720059840618,-0.007568893879739802,0.013489033532783301,0.03933722011150298,0.004737910720454375
2024-12-12,0.006857036608056033,0.00420945856441346,-0.04459848289154367,-0.008822367427866018,-0.0050400259042586715,0.002125430167795095,-0.00691562976088167,0.013048483984943848,0.05347154722357783,0.004242482037875028
2024-12-13,0.0069707720071738866,0.004146376379583705,-0.04404143728931864,-0.00872940161479252,0.0003073758065297305,0.01136078480702074,-0.006470820035349489,0.013478855507272014,0.05316342208103908,0.003748625683015927
2024-12-16,0.007469270254758964,0.00450799853078232,-0.04373692855795708,-0.009085434437111073,0.0014152021632123368,0.01136519762009014,-0.001050857239887737,0.014787161619920441,0.05457233071547307,0.004671633312243628
2024-12-17,0.007386134253779986,0.004576193845587051,-0.043684356752676345,-0.006926816633645916,0.0019036492238997393,0.011651931200254095,-0.0020855137032890214,0.015121897617794477,0.054462892636386595,0.004862131399039571
2024-12-18,0.008310305650717442,0.0043377634192844905,-0.04376880193102328,-0.006987192193054437,0.002838217925494213,0.01168341403704809,-0.000892207241132037,0.01491323444844661,0.055209090840767416,0.003910157047291252
2024-12-19,0.010672052769112428,0.0029123947875973055,-0.043684281017998594,0.002269408137703488,0.006207483399492508,0.00843170164196727,0.0017094331348634917,0.014744151946276318,0.05441531326435367,0.0008056067939314904
2024-12-20,0.010655571709781375,0.002958398403936524,-0.04358564468285331,0.00895130822795287,0.007984839282106249,0.00871918845816122,0.0046983755670177985,0.014261030410056996,0.05448598551962469,0.0010402028874740843
2024-12-23,0.011128670057573231,0.0036559316392867913,-0.04317649459304962,0.009296492585057159,0.008390833497054606,0.00901366871100806,0.0005587446178780819,0.014614597529776674,0.05648393881258418,0.0025686617693272407
